order_id,customer_id,customer_name,product_category,quantity,unit_price,order_date,status
1,2764,Bilal,Clothing,3,1578.86,2026-03-09,Cancelled
2,1951,Ali,Sports,1,1035.12,2026-04-15,Pending
3,1905,Hina,Beauty,6,1077.34,2025-07-22,Pending
4,2114,Ali,Toys,5,785.72,2026-01-21,Completed
5,1058,Sara,Clothing,2,1229.72,2025-05-21,Completed
6,1974,Noor,Beauty,4,194.92,2026-01-20,Pending
7,1128,Bilal,Electronics,1,821.76,2025-04-27,Cancelled
8,1976,Ahmed,Clothing,9,1201.19,2025-01-05,Returned
9,2120,Iqra,Toys,2,1056.32,2025-05-27,Completed
10,1107,Ali,Groceries,3,936.02,2025-08-16,Pending
11,1215,Hassan,Electronics,3,648.27,2025-01-12,Returned
12,2024,Kiran,Books,7,560.36,2025-03-28,Completed
13,2964,Ahmed,Beauty,2,1024.62,2025-10-01,Completed
14,1402,Hina,Sports,6,75.46,2025-01-17,Cancelled
15,2030,Danish,Sports,9,409.11,2025-02-15,Cancelled
16,1974,Ali,Home,9,1581.9,2026-01-04,Cancelled
17,1207,Omar,Toys,1,1535.93,2026-04-13,Cancelled
18,1930,Bilal,Beauty,9,768.62,2025-03-14,Pending
19,1244,Sara,Electronics,10,1856.89,2025-01-31,Pending
20,1475,Ali,Toys,10,1577.21,2025-06-03,Returned
21,2585,Maham,Clothing,1,714.4,2025-06-19,Cancelled
22,2437,Danish,Sports,5,1479.9,2026-04-10,Returned
23,1393,Laiba,Clothing,2,1481.07,2025-06-12,Pending
24,1671,Usman,Toys,9,1116.36,2026-02-02,Completed
25,1948,Hassan,Home,3,161.37,2026-03-04,Completed
26,2556,Fatima,Sports,9,1735.89,2025-07-19,Returned
27,2181,Bilal,Electronics,7,543.56,2025-11-15,Completed
28,2741,Omar,Sports,4,1955.23,2026-04-23,Completed
29,2991,Bilal,Books,1,448.97,2025-05-16,Completed
30,1693,Ali,Sports,6,1528.34,2025-09-09,Cancelled
31,2834,Sara,Beauty,9,182.3,2025-06-30,Cancelled
32,1419,Fatima,Toys,2,962.92,2025-11-30,Pending
33,1289,Hassan,Clothing,3,935.83,2025-05-18,Pending
34,2993,Laiba,Sports,5,1689.42,2025-12-22,Completed
35,1924,Usman,Electronics,2,1278.07,2025-09-01,Cancelled
36,2673,Bilal,Beauty,3,1877.52,2025-06-04,Completed
37,2486,Sana,Clothing,10,708.72,2025-01-28,Cancelled
38,1686,Ali,Beauty,4,1634.06,2026-04-02,Pending
39,1070,Taha,Electronics,6,1150.67,2025-05-21,Returned
40,1872,Ali,Electronics,6,1760.39,2026-01-23,Pending
41,1523,Fatima,Home,2,1444.99,2025-05-05,Pending
42,2609,Sana,Groceries,6,1019.17,2026-04-03,Pending
43,2408,Laiba,Clothing,6,142.16,2026-02-11,Completed
44,1547,Usman,Groceries,8,1782.24,2025-07-22,Pending
45,2858,Hassan,Home,9,1752.82,2026-01-17,Completed
46,1126,Taha,Home,1,172.42,2025-07-19,Completed
47,1083,Danish,Sports,5,736.17,2025-10-17,Returned
48,1150,Noor,Books,5,556.3,2025-01-28,Cancelled
49,2774,Sara,Sports,4,760.85,2025-07-24,Completed
50,1677,Usman,Toys,8,269.66,2025-03-03,Pending
51,2520,Zain,Beauty,7,409.31,2025-08-20,Cancelled
52,1696,Sara,Groceries,2,87.9,2025-05-12,Returned
53,1009,Ali,Electronics,3,715.87,2025-11-06,Returned
54,1201,Iqra,Electronics,6,1106.26,2025-01-13,Returned
55,2002,Hamza,Groceries,2,1519.21,2025-09-22,Returned
56,1021,Sana,Sports,5,1856.12,2025-08-30,Pending
57,1879,Hamza,Electronics,3,1633.44,2025-12-20,Cancelled
58,2353,Noor,Groceries,4,1326.47,2025-11-30,Cancelled
59,1684,Ahmed,Groceries,7,538.28,2025-08-04,Completed
60,1360,Laiba,Sports,4,1830.73,2025-09-28,Cancelled
61,2028,Fatima,Toys,7,1139.52,2025-09-14,Completed
62,1340,Noor,Toys,9,1661.35,2025-12-02,Returned
63,2481,Fatima,Groceries,9,586.27,2025-10-28,Completed
64,2772,Ayesha,Electronics,8,1501.89,2025-11-07,Pending
65,1393,Taha,Sports,3,155.4,2026-01-12,Completed
66,2168,Sara,Groceries,7,78.61,2026-04-16,Returned
67,1817,Ahmed,Electronics,10,1598.59,2026-03-22,Cancelled
68,1028,Fatima,Sports,9,1316.4,2026-02-08,Returned
69,1793,Sara,Sports,1,1692.1,2025-03-12,Returned
70,2251,Ali,Books,10,1956.06,2026-03-27,Returned
71,1808,Ayesha,Home,1,1194.82,2025-01-21,Returned
72,2705,Sara,Sports,8,988.55,2025-03-23,Returned
73,1901,Zain,Beauty,10,838.81,2025-07-03,Pending
74,2696,Taha,Toys,7,838.01,2026-03-22,Cancelled
75,2465,Bilal,Beauty,6,630.55,2025-08-16,Completed
76,2565,Danish,Books,5,1625.32,2025-08-16,Completed
77,2184,Bilal,Beauty,1,1275.94,2026-01-14,Returned
78,1191,Hina,Groceries,7,1974.85,2025-01-07,Completed
79,2105,Hina,Beauty,9,1063.14,2025-11-12,Returned
80,1802,Kiran,Sports,6,509.06,2025-04-14,Cancelled
81,1100,Usman,Electronics,6,632.46,2025-01-14,Completed
82,1082,Usman,Clothing,4,1144.25,2025-07-16,Pending
83,2627,Danish,Clothing,2,481.88,2025-07-30,Returned
84,2032,Sana,Sports,4,1881.32,2026-02-20,Cancelled
85,2494,Omar,Home,6,535.25,2025-07-02,Returned
86,2093,Hamza,Toys,5,248.96,2025-03-18,Cancelled
87,2311,Usman,Clothing,9,1710.69,2025-05-20,Completed
88,1829,Ayesha,Toys,2,488.8,2025-05-29,Pending
89,2845,Kiran,Beauty,2,891.29,2025-11-14,Pending
90,2155,Omar,Toys,9,770.9,2026-04-10,Cancelled
91,2927,Usman,Electronics,6,1590.82,2025-07-22,Returned
92,1001,Iqra,Books,5,1798.39,2025-06-02,Completed
93,1121,Noor,Clothing,6,343.96,2025-05-21,Completed
94,2566,Sara,Books,4,1939.66,2025-03-18,Completed
95,2136,Noor,Toys,3,1762.75,2025-10-13,Cancelled
96,2723,Sana,Clothing,6,664.19,2026-04-13,Pending
97,2929,Hamza,Groceries,6,108.49,2026-01-25,Returned
98,1365,Hina,Toys,7,1400.2,2025-11-09,Returned
99,2121,Hassan,Toys,3,927.06,2025-08-03,Pending
100,1966,Maham,Toys,1,594.35,2026-02-21,Completed
101,2584,Iqra,Home,4,634.22,2025-09-15,Returned
102,2221,Hassan,Clothing,5,60.9,2026-02-15,Cancelled
103,2612,Ali,Beauty,10,478.95,2025-05-05,Pending
104,2985,Bilal,Home,1,1235.81,2025-08-13,Completed
105,1717,Omar,Toys,5,189.82,2026-02-26,Cancelled
106,1939,Hina,Clothing,2,802.25,2025-08-22,Returned
107,2937,Taha,Toys,2,52.8,2025-08-10,Returned
108,1332,Ayesha,Home,9,1173.17,2025-05-09,Pending
109,2303,Bilal,Sports,1,716.72,2025-02-17,Completed
110,2261,Laiba,Books,8,925.13,2026-04-07,Completed
111,1253,Bilal,Beauty,2,1765.44,2025-01-01,Cancelled
112,2132,Taha,Clothing,10,1569.7,2025-10-14,Pending
113,1760,Laiba,Toys,8,1054.59,2025-10-27,Cancelled
114,2366,Taha,Electronics,3,1283.24,2026-01-31,Returned
115,1934,Zain,Clothing,1,81.98,2026-01-19,Returned
116,1912,Kiran,Groceries,2,288.87,2026-01-12,Pending
117,2614,Bilal,Groceries,5,1391.61,2025-09-17,Cancelled
118,2600,Danish,Groceries,5,1952.87,2026-02-02,Returned
119,1744,Bilal,Toys,7,753.64,2025-05-31,Returned
120,2255,Ahmed,Beauty,9,576.23,2026-01-10,Returned
121,2954,Ali,Clothing,2,1601.76,2025-07-20,Cancelled
122,2848,Ahmed,Electronics,9,266.08,2025-10-07,Returned
123,1467,Sara,Books,3,461.57,2025-04-20,Cancelled
124,2353,Kiran,Toys,8,1736.18,2025-01-06,Returned
125,2033,Sana,Toys,6,1581.65,2025-05-25,Returned
126,1224,Danish,Beauty,3,1492.96,2025-03-23,Completed
127,2738,Hassan,Toys,6,242.83,2025-04-22,Completed
128,1748,Fatima,Toys,1,803.72,2025-01-05,Completed
129,1760,Hassan,Books,7,164.96,2025-12-21,Cancelled
130,1558,Ayesha,Beauty,7,1775.98,2025-10-11,Cancelled
131,2126,Sana,Toys,3,981.84,2025-03-05,Returned
132,2849,Sana,Home,10,1253.08,2025-05-28,Cancelled
133,2789,Fatima,Beauty,3,610.19,2025-03-18,Completed
134,2230,Hamza,Beauty,7,491.94,2026-04-19,Pending
135,1393,Danish,Books,2,1169.32,2025-09-04,Returned
136,1265,Hassan,Toys,8,941.76,2026-04-04,Cancelled
137,1524,Ahmed,Beauty,8,130.6,2025-09-27,Pending
138,1130,Ayesha,Clothing,3,970.77,2026-02-20,Pending
139,1049,Ahmed,Toys,5,1592.28,2025-09-11,Completed
140,1484,Fatima,Sports,1,1247.78,2025-06-27,Returned
141,2379,Maham,Beauty,5,1678.27,2025-05-29,Completed
142,2320,Ahmed,Toys,6,335.47,2025-04-19,Completed
143,1970,Laiba,Electronics,10,870.31,2025-01-02,Cancelled
144,2556,Danish,Beauty,6,398.46,2025-06-08,Pending
145,1244,Iqra,Home,9,1044.43,2026-02-15,Returned
146,2671,Kiran,Groceries,2,1699.55,2025-01-01,Completed
147,1730,Hina,Home,1,1956.81,2026-02-12,Returned
148,1310,Hamza,Toys,2,1647.98,2025-01-26,Pending
149,2329,Sara,Beauty,4,250.28,2025-11-26,Pending
150,2000,Sana,Groceries,4,839.1,2025-11-02,Pending
151,1201,Usman,Clothing,6,361.8,2025-04-20,Completed
152,1160,Ali,Home,8,1160.08,2025-06-05,Completed
153,2779,Sara,Clothing,6,1463.26,2026-03-31,Completed
154,1437,Noor,Beauty,3,1532.93,2025-09-15,Cancelled
155,1998,Fatima,Books,1,690.07,2026-02-18,Pending
156,2582,Fatima,Toys,6,1608.45,2026-01-30,Cancelled
157,2423,Hamza,Groceries,7,1671.01,2026-01-12,Cancelled
158,2962,Hassan,Groceries,3,977.84,2026-01-22,Pending
159,1413,Hina,Toys,5,1664.26,2025-08-03,Completed
160,1895,Danish,Electronics,3,1498.2,2026-03-18,Completed
161,2029,Hassan,Clothing,9,51.1,2025-12-13,Cancelled
162,1129,Ayesha,Clothing,7,1494.66,2026-04-15,Completed
163,1328,Zain,Beauty,9,361.48,2026-02-03,Completed
164,2735,Usman,Beauty,9,843.57,2025-05-22,Cancelled
165,2323,Zain,Sports,5,1919.09,2025-06-01,Pending
166,2611,Hina,Electronics,10,676.88,2026-01-06,Pending
167,1800,Danish,Books,3,1017.65,2025-05-23,Cancelled
168,1454,Maham,Books,3,1799.26,2025-11-18,Pending
169,1598,Hamza,Electronics,5,1190.26,2025-04-20,Pending
170,2987,Usman,Sports,9,244.19,2025-06-15,Pending
171,2373,Kiran,Home,10,758.68,2026-02-19,Cancelled
172,2461,Maham,Sports,9,1009.23,2026-04-17,Cancelled
173,1987,Bilal,Clothing,5,1305.12,2025-02-10,Pending
174,2503,Zain,Clothing,1,1296.51,2025-01-08,Completed
175,1556,Omar,Sports,3,1710.87,2025-08-20,Completed
176,2318,Taha,Groceries,3,307.74,2026-02-07,Completed
177,1469,Laiba,Sports,7,808.52,2025-07-12,Cancelled
178,1396,Kiran,Clothing,3,794.97,2025-05-19,Cancelled
179,2475,Omar,Beauty,4,950.51,2025-12-12,Cancelled
180,2444,Maham,Sports,6,1227.25,2025-05-22,Cancelled
181,1304,Iqra,Sports,4,1936.18,2025-06-15,Pending
182,2373,Ali,Sports,8,380.06,2025-08-03,Completed
183,1802,Taha,Sports,6,1021.17,2025-07-06,Returned
184,1464,Sara,Clothing,7,1467.88,2025-12-16,Returned
185,1988,Hina,Beauty,9,1715.03,2025-08-17,Cancelled
186,2602,Maham,Books,4,893.79,2025-03-25,Completed
187,2759,Noor,Beauty,2,1048.21,2025-12-11,Completed
188,1418,Fatima,Electronics,9,1346.19,2025-11-01,Completed
189,1768,Usman,Toys,5,529.9,2025-11-02,Pending
190,1596,Hassan,Beauty,1,1981.24,2025-04-09,Completed
191,1934,Omar,Electronics,4,629.9,2025-05-17,Completed
192,2756,Usman,Groceries,1,834.96,2026-01-03,Completed
193,1232,Fatima,Clothing,4,981.6,2025-04-13,Pending
194,1968,Zain,Sports,9,741.49,2025-01-20,Cancelled
195,2828,Ali,Groceries,3,708.01,2025-01-11,Returned
196,2786,Ahmed,Beauty,9,152.69,2026-02-24,Pending
197,1091,Hina,Electronics,4,1773.08,2026-03-18,Cancelled
198,1646,Danish,Home,8,314.1,2025-05-22,Pending
199,1385,Iqra,Electronics,9,1607.43,2026-02-22,Cancelled
200,1477,Kiran,Groceries,3,1307.88,2025-04-18,Pending
201,1443,Maham,Toys,1,996.12,2025-01-15,Returned
202,1314,Taha,Books,7,1850.09,2025-02-13,Completed
203,1689,Omar,Groceries,2,1979.13,2026-01-17,Pending
204,2563,Usman,Clothing,7,515.44,2025-04-23,Pending
205,2883,Kiran,Home,9,1376.07,2025-09-08,Cancelled
206,1647,Kiran,Sports,6,431.59,2025-09-07,Cancelled
207,1275,Hamza,Clothing,2,1192.43,2025-11-25,Returned
208,2437,Fatima,Books,7,254.24,2025-07-22,Cancelled
209,2416,Laiba,Sports,9,1252.75,2025-11-24,Completed
210,1129,Usman,Beauty,6,1401.58,2025-04-28,Completed
211,2222,Hassan,Sports,1,1444.28,2025-09-25,Returned
212,1415,Usman,Home,10,648.76,2025-05-23,Pending
213,1751,Hamza,Groceries,9,1762.25,2025-04-21,Pending
214,2179,Hamza,Electronics,7,520.79,2025-05-25,Cancelled
215,2500,Laiba,Sports,2,1622.65,2025-07-01,Completed
216,2811,Ahmed,Home,1,221.24,2026-01-24,Returned
217,2613,Hassan,Electronics,3,1966.63,2026-03-16,Completed
218,1813,Bilal,Home,9,828.33,2026-03-03,Returned
219,2120,Danish,Books,1,1129.6,2025-05-29,Cancelled
220,1511,Sara,Toys,9,758.34,2025-07-08,Completed
221,2465,Hamza,Clothing,9,1387.72,2025-04-09,Returned
222,1173,Hassan,Books,7,1020.52,2026-04-11,Completed
223,2670,Taha,Beauty,8,288.34,2026-02-06,Cancelled
224,1079,Laiba,Beauty,2,1650.84,2026-01-04,Cancelled
225,2603,Hassan,Books,10,362.59,2025-09-09,Pending
226,2488,Omar,Books,2,1888.72,2026-04-16,Completed
227,2625,Ahmed,Groceries,7,709.73,2025-09-21,Completed
228,1794,Ahmed,Groceries,1,1425.53,2025-07-21,Returned
229,1833,Ahmed,Books,9,924.34,2026-04-01,Pending
230,2069,Omar,Sports,9,1839.03,2025-10-18,Completed
231,2128,Ali,Groceries,10,1677.9,2025-06-29,Completed
232,2022,Sara,Sports,1,490.86,2026-03-18,Returned
233,2798,Ahmed,Electronics,6,932.35,2025-09-03,Cancelled
234,2059,Hassan,Groceries,10,1476.44,2026-01-08,Pending
235,1121,Hamza,Clothing,5,151.01,2025-11-03,Cancelled
236,1126,Zain,Toys,5,106.48,2025-05-07,Returned
237,1383,Zain,Beauty,7,803.55,2025-06-10,Cancelled
238,1905,Kiran,Toys,5,333.42,2026-02-14,Pending
239,2222,Ayesha,Sports,2,582.11,2026-02-08,Returned
240,1331,Danish,Home,10,1076.61,2026-02-15,Returned
241,2592,Sana,Electronics,2,932.6,2026-03-06,Returned
242,2124,Ahmed,Groceries,6,849.71,2025-02-08,Pending
243,2802,Iqra,Sports,3,1039.89,2026-02-15,Completed
244,1719,Iqra,Clothing,1,321.54,2026-04-23,Cancelled
245,1854,Omar,Clothing,9,1690.47,2025-01-03,Returned
246,1774,Sara,Toys,2,1854.4,2025-09-26,Pending
247,2081,Hina,Home,9,1491.36,2025-02-12,Pending
248,1225,Iqra,Home,6,74.85,2025-04-27,Completed
249,2363,Hassan,Beauty,10,192.52,2026-02-17,Completed
250,1717,Ali,Toys,8,1543.83,2025-02-11,Returned
251,2149,Ali,Beauty,2,445.88,2025-08-20,Returned
252,1091,Noor,Clothing,1,104.76,2025-06-08,Pending
253,1082,Noor,Clothing,6,335.89,2026-03-29,Cancelled
254,1167,Usman,Books,10,562.63,2025-06-28,Cancelled
255,2386,Usman,Sports,10,1356.77,2025-07-04,Returned
256,2997,Hamza,Clothing,5,1738.65,2025-06-10,Cancelled
257,2228,Bilal,Groceries,4,550.3,2025-12-25,Returned
258,1869,Hamza,Toys,3,778.28,2026-01-29,Pending
259,2133,Laiba,Toys,8,1561.99,2026-02-25,Returned
260,2014,Laiba,Sports,4,1122.29,2026-01-07,Completed
261,1324,Fatima,Home,5,1108.9,2026-03-29,Completed
262,2516,Iqra,Sports,9,1319.62,2025-03-19,Returned
263,2199,Usman,Beauty,8,795.98,2026-03-17,Cancelled
264,2593,Iqra,Clothing,7,1473.97,2025-02-12,Pending
265,2906,Ali,Groceries,5,806.77,2025-12-09,Pending
266,2216,Sara,Beauty,2,635.28,2025-05-14,Returned
267,2530,Bilal,Beauty,5,417.98,2025-04-17,Cancelled
268,1330,Ayesha,Groceries,9,950.29,2025-10-21,Returned
269,2242,Ahmed,Sports,9,195.21,2025-09-01,Cancelled
270,1255,Bilal,Electronics,8,87.74,2025-12-12,Pending
271,2749,Hina,Beauty,7,1663.3,2026-01-03,Completed
272,1021,Taha,Beauty,8,1569.66,2025-07-18,Completed
273,1559,Ayesha,Books,3,1019.66,2025-02-09,Pending
274,2228,Sara,Clothing,1,791.02,2025-04-20,Cancelled
275,1382,Kiran,Sports,4,1129.02,2025-03-29,Cancelled
276,1871,Fatima,Groceries,8,1192.53,2026-02-06,Returned
277,2629,Ahmed,Beauty,9,419.17,2025-03-01,Completed
278,1344,Ali,Books,10,685.11,2025-07-25,Cancelled
279,2906,Zain,Groceries,5,437.94,2025-12-13,Returned
280,2759,Taha,Sports,9,922.88,2026-01-31,Pending
281,2838,Fatima,Electronics,1,1737.6,2025-06-04,Cancelled
282,1024,Hamza,Home,1,726.46,2025-11-10,Pending
283,1179,Ahmed,Beauty,8,727.82,2025-11-13,Returned
284,2594,Kiran,Books,9,628.54,2025-06-02,Pending
285,2230,Iqra,Home,8,1921.56,2026-02-04,Pending
286,2616,Usman,Groceries,6,1028.7,2026-01-11,Pending
287,2090,Noor,Sports,5,556.2,2025-12-10,Pending
288,2096,Maham,Groceries,9,537.73,2025-09-24,Pending
289,1391,Zain,Home,2,97.37,2025-07-30,Cancelled
290,2351,Hamza,Books,4,1704.46,2025-10-31,Returned
291,1274,Ahmed,Sports,9,820.57,2026-04-17,Returned
292,2867,Hamza,Beauty,4,1255.22,2025-06-17,Cancelled
293,2448,Kiran,Sports,9,858.14,2025-06-02,Completed
294,2770,Iqra,Electronics,3,205.09,2026-04-21,Returned
295,1706,Usman,Electronics,10,1327.97,2026-01-29,Cancelled
296,1972,Ali,Toys,8,645.93,2025-04-12,Completed
297,2351,Danish,Electronics,10,484.13,2026-03-30,Returned
298,2961,Ayesha,Beauty,9,475.76,2026-01-12,Cancelled
299,2532,Usman,Groceries,8,673.6,2026-02-03,Completed
300,2345,Omar,Clothing,9,873.88,2025-10-24,Returned
301,2847,Hamza,Home,2,638.81,2026-01-11,Cancelled
302,1915,Hassan,Home,8,1782.23,2025-10-29,Completed
303,1150,Taha,Toys,5,928.75,2025-07-11,Pending
304,1697,Usman,Sports,5,1394.69,2025-11-26,Cancelled
305,1499,Sara,Home,7,1668.76,2025-06-08,Pending
306,2385,Zain,Groceries,10,840.15,2025-09-28,Pending
307,2163,Hassan,Sports,6,856.08,2025-12-29,Pending
308,2681,Sara,Books,2,682.49,2025-07-06,Completed
309,2939,Laiba,Clothing,5,625.18,2026-04-24,Cancelled
310,1888,Bilal,Groceries,4,990.43,2025-10-05,Cancelled
311,2792,Zain,Clothing,6,742.35,2025-10-21,Cancelled
312,2323,Sara,Clothing,8,756.75,2025-10-05,Pending
313,1272,Hamza,Beauty,3,997.48,2026-03-18,Pending
314,1955,Kiran,Home,6,1759.27,2025-04-21,Completed
315,2366,Hamza,Groceries,6,83.78,2025-10-04,Completed
316,1360,Fatima,Clothing,3,467.07,2025-11-08,Returned
317,1456,Ayesha,Groceries,9,693.16,2025-03-31,Cancelled
318,2007,Taha,Home,3,114.18,2025-12-06,Pending
319,1610,Danish,Beauty,10,80.85,2026-03-15,Cancelled
320,1832,Hassan,Books,2,1179.88,2025-02-09,Cancelled
321,1840,Noor,Home,7,255.57,2025-06-03,Returned
322,1916,Bilal,Home,3,546.03,2026-01-27,Returned
323,1723,Zain,Clothing,7,1371.12,2025-04-22,Returned
324,2944,Ayesha,Clothing,5,1312.25,2025-11-06,Cancelled
325,1620,Ahmed,Sports,3,1525.88,2025-05-27,Pending
326,2320,Hina,Sports,10,132.93,2025-01-18,Cancelled
327,1045,Bilal,Books,7,1798.29,2025-02-16,Pending
328,2548,Laiba,Home,5,743.49,2025-11-03,Returned
329,1023,Laiba,Clothing,6,499.73,2025-02-03,Cancelled
330,1845,Iqra,Groceries,5,1688.79,2025-01-12,Completed
331,1470,Laiba,Toys,4,1791.12,2025-02-06,Pending
332,1825,Bilal,Electronics,10,1116.56,2025-03-29,Returned
333,1999,Fatima,Beauty,6,479.68,2025-09-15,Pending
334,2411,Iqra,Sports,8,1152.02,2025-02-25,Cancelled
335,1647,Fatima,Sports,4,400.54,2025-02-10,Returned
336,2358,Bilal,Toys,9,1970.57,2026-04-20,Returned
337,2061,Sana,Clothing,8,579.56,2026-01-25,Completed
338,1720,Fatima,Clothing,2,1510.7,2026-02-25,Completed
339,1973,Hassan,Beauty,4,960.73,2025-02-02,Cancelled
340,1737,Hina,Electronics,4,1456.03,2025-12-23,Pending
341,1225,Laiba,Toys,2,1023.54,2025-02-18,Returned
342,2800,Maham,Groceries,1,1488.72,2025-08-10,Pending
343,1164,Omar,Groceries,6,92.22,2025-05-13,Returned
344,2962,Noor,Electronics,2,1849.47,2026-04-27,Returned
345,1855,Zain,Sports,6,286.27,2025-02-11,Returned
346,1319,Omar,Sports,9,460.55,2025-06-30,Pending
347,1092,Taha,Sports,6,907.47,2025-09-23,Cancelled
348,1759,Danish,Books,8,1034.33,2025-04-06,Completed
349,2448,Ali,Books,5,176.22,2026-01-28,Pending
350,2667,Hamza,Sports,6,1071.02,2026-04-05,Pending
351,2656,Ahmed,Clothing,7,1880.99,2025-10-16,Completed
352,2071,Hassan,Toys,2,365.92,2025-05-14,Completed
353,1568,Bilal,Sports,3,117.52,2025-06-02,Cancelled
354,1626,Omar,Beauty,8,1807.03,2026-02-26,Cancelled
355,1472,Maham,Toys,5,193.9,2025-12-13,Completed
356,2914,Fatima,Sports,4,678.25,2025-08-13,Returned
357,1715,Fatima,Groceries,3,1484.3,2026-04-16,Pending
358,2611,Kiran,Groceries,10,1782.86,2026-01-10,Returned
359,2400,Ayesha,Electronics,2,1503.84,2026-01-27,Cancelled
360,1521,Hamza,Books,8,1796.18,2025-07-21,Cancelled
361,2801,Hina,Beauty,8,899.75,2025-09-27,Completed
362,1075,Danish,Beauty,6,1851.84,2026-01-30,Cancelled
363,1241,Danish,Sports,9,182.53,2025-05-29,Cancelled
364,2864,Hamza,Home,4,1373.01,2025-06-24,Cancelled
365,2265,Iqra,Groceries,3,1649.45,2025-06-13,Completed
366,1395,Noor,Groceries,9,1838.56,2025-09-01,Returned
367,2257,Bilal,Beauty,3,819.39,2026-04-25,Pending
368,1360,Taha,Sports,1,1127.66,2025-11-14,Completed
369,2118,Iqra,Home,5,1107.95,2025-01-07,Cancelled
370,1773,Sana,Sports,6,1948.61,2025-03-19,Cancelled
371,1018,Noor,Beauty,1,1250.39,2025-12-20,Completed
372,1128,Omar,Books,6,948.24,2025-01-05,Pending
373,2968,Hassan,Sports,8,1471.74,2025-05-21,Pending
374,1877,Hina,Groceries,5,134.96,2025-11-13,Returned
375,2609,Hamza,Beauty,7,1760.82,2026-02-10,Pending
376,1903,Sara,Groceries,7,906.61,2025-04-16,Pending
377,1534,Iqra,Beauty,6,1324.44,2025-08-07,Returned
378,2339,Ali,Electronics,1,474.31,2025-02-23,Pending
379,1413,Iqra,Sports,1,1959.88,2025-01-03,Returned
380,1963,Ayesha,Books,2,271.24,2026-04-22,Completed
381,2856,Danish,Home,10,1892.06,2025-04-25,Completed
382,2058,Fatima,Home,7,566.17,2025-06-20,Cancelled
383,2994,Ahmed,Toys,5,207.6,2025-07-27,Cancelled
384,1579,Fatima,Clothing,6,1421.77,2026-01-03,Pending
385,2917,Sara,Books,5,626.92,2025-06-18,Cancelled
386,2061,Iqra,Home,4,1932.05,2025-06-22,Cancelled
387,2452,Omar,Toys,2,1407.74,2026-02-14,Completed
388,1004,Maham,Home,8,1002.64,2026-02-27,Pending
389,1565,Sana,Books,2,1502.06,2025-10-07,Completed
390,1210,Kiran,Clothing,8,1561.95,2026-04-18,Returned
391,2862,Fatima,Clothing,9,1740.87,2026-01-19,Completed
392,1797,Ayesha,Books,1,1331.42,2025-07-14,Cancelled
393,2883,Kiran,Books,9,1868.18,2025-11-03,Pending
394,2911,Danish,Electronics,9,1041.14,2025-10-19,Completed
395,1537,Ayesha,Books,7,535.36,2026-03-18,Pending
396,1090,Bilal,Beauty,4,628.97,2026-02-06,Cancelled
397,2019,Sara,Clothing,9,1766.26,2026-01-27,Completed
398,2562,Omar,Toys,2,1847.59,2025-08-10,Returned
399,2587,Danish,Groceries,1,666.89,2025-10-18,Cancelled
400,1147,Hassan,Toys,2,889.08,2025-04-19,Pending
401,2547,Laiba,Beauty,9,1938.38,2025-10-19,Pending
402,1690,Bilal,Toys,2,88.94,2025-06-27,Cancelled
403,2501,Bilal,Clothing,1,1816.11,2025-06-28,Returned
404,2236,Noor,Toys,1,802.99,2025-03-19,Completed
405,1405,Laiba,Books,10,79.71,2025-03-05,Pending
406,2396,Sara,Electronics,4,1690.24,2025-07-13,Completed
407,1584,Ayesha,Electronics,7,851.85,2026-02-02,Cancelled
408,2693,Bilal,Electronics,2,1275.59,2025-03-20,Cancelled
409,2997,Bilal,Beauty,2,1140.42,2025-10-24,Cancelled
410,1981,Taha,Sports,9,114.88,2026-04-15,Completed
411,1073,Sana,Groceries,5,1426.17,2025-01-06,Cancelled
412,1785,Usman,Clothing,1,1911.25,2025-11-27,Pending
413,1134,Sana,Sports,1,912.24,2025-03-03,Cancelled
414,2065,Danish,Books,9,1666.32,2025-12-08,Pending
415,1346,Sara,Toys,2,161.73,2025-02-12,Cancelled
416,2320,Hina,Home,6,421.3,2025-08-22,Pending
417,1294,Ayesha,Sports,5,1146.52,2026-03-10,Cancelled
418,1734,Taha,Sports,4,1914.23,2025-06-03,Completed
419,2872,Zain,Electronics,4,1551.18,2026-02-17,Completed
420,2736,Iqra,Books,5,362.72,2025-03-10,Returned
421,1257,Usman,Electronics,5,1665.68,2025-06-01,Returned
422,2470,Ayesha,Electronics,7,1922.01,2025-09-25,Pending
423,2963,Sara,Beauty,5,1455.33,2025-09-08,Returned
424,1206,Usman,Toys,7,1732.59,2025-04-08,Cancelled
425,2532,Ayesha,Electronics,6,1275.28,2026-01-02,Pending
426,2512,Hina,Toys,2,285.17,2025-01-10,Pending
427,2864,Danish,Groceries,4,1541.93,2026-02-08,Completed
428,1599,Bilal,Home,4,1510.76,2025-02-26,Cancelled
429,2779,Hina,Clothing,6,596.94,2025-08-22,Returned
430,2247,Ali,Home,4,780.94,2026-04-15,Cancelled
431,2021,Laiba,Sports,9,163.27,2025-12-12,Pending
432,2976,Ali,Beauty,4,1254.73,2025-09-12,Completed
433,1527,Hamza,Groceries,3,1063.09,2025-09-14,Cancelled
434,2535,Zain,Home,5,974.0,2025-04-28,Completed
435,1191,Fatima,Groceries,4,1142.35,2026-04-27,Cancelled
436,2538,Usman,Beauty,3,931.61,2025-01-17,Cancelled
437,2255,Zain,Home,6,1366.29,2025-07-01,Cancelled
438,2370,Ali,Sports,8,638.88,2025-11-02,Cancelled
439,2860,Bilal,Toys,3,796.68,2025-01-20,Completed
440,1076,Sana,Beauty,9,167.72,2025-08-12,Returned
441,1107,Ayesha,Groceries,3,132.43,2026-01-19,Returned
442,1775,Sara,Sports,6,1419.46,2026-03-31,Pending
443,1940,Bilal,Home,6,155.23,2025-06-30,Completed
444,1306,Kiran,Clothing,5,544.4,2026-04-07,Cancelled
445,1509,Ayesha,Toys,3,1341.85,2025-02-21,Cancelled
446,1048,Ayesha,Electronics,1,1472.94,2025-03-29,Pending
447,1108,Iqra,Clothing,4,516.89,2026-04-03,Cancelled
448,2722,Taha,Sports,1,1530.62,2026-03-28,Returned
449,1520,Danish,Sports,5,732.56,2025-03-25,Returned
450,1357,Ayesha,Electronics,5,802.99,2025-07-15,Cancelled
451,1392,Noor,Clothing,7,1844.43,2025-03-17,Pending
452,2638,Ali,Groceries,6,1393.48,2026-02-16,Pending
453,2891,Taha,Home,1,433.97,2025-05-29,Cancelled
454,2186,Iqra,Books,4,448.48,2025-09-18,Returned
455,1173,Hina,Beauty,4,1187.64,2026-01-12,Pending
456,1765,Bilal,Sports,6,1745.91,2026-02-05,Pending
457,1907,Hassan,Toys,5,647.24,2025-06-14,Pending
458,2603,Hina,Clothing,7,439.35,2025-05-05,Returned
459,1526,Taha,Home,2,1361.82,2026-02-25,Returned
460,1670,Maham,Sports,8,1643.89,2025-11-29,Completed
461,2020,Hamza,Electronics,4,1821.86,2026-03-04,Pending
462,1326,Ali,Books,9,993.82,2025-01-26,Returned
463,2729,Kiran,Books,3,1959.87,2025-09-03,Returned
464,2605,Kiran,Clothing,5,711.19,2026-04-05,Pending
465,1934,Noor,Toys,1,761.86,2025-02-08,Completed
466,1404,Iqra,Electronics,4,334.31,2025-05-29,Returned
467,1444,Zain,Clothing,4,1475.17,2026-02-14,Returned
468,1657,Maham,Sports,3,454.11,2025-06-10,Pending
469,2442,Ayesha,Electronics,7,1439.15,2025-11-08,Cancelled
470,2306,Ahmed,Books,4,1500.62,2026-04-23,Completed
471,1587,Omar,Beauty,1,1056.67,2025-11-12,Pending
472,2992,Ayesha,Clothing,10,986.07,2025-12-15,Cancelled
473,1966,Hina,Toys,5,589.21,2025-08-03,Cancelled
474,2238,Hina,Electronics,7,1902.41,2026-01-23,Returned
475,1835,Sana,Toys,10,1366.13,2026-03-14,Returned
476,2078,Zain,Beauty,4,171.6,2025-03-24,Pending
477,2825,Sana,Clothing,9,1960.05,2025-05-11,Cancelled
478,1836,Fatima,Toys,8,327.85,2025-10-19,Completed
479,2940,Iqra,Groceries,6,1540.75,2026-01-04,Pending
480,2391,Hassan,Books,2,1075.02,2026-01-11,Returned
481,1706,Hamza,Books,6,1548.0,2025-09-22,Cancelled
482,2402,Taha,Home,7,1105.71,2025-07-25,Cancelled
483,2935,Laiba,Groceries,8,1692.09,2025-10-05,Cancelled
484,1292,Fatima,Home,2,99.39,2025-11-15,Completed
485,2662,Bilal,Clothing,1,1853.54,2025-06-13,Completed
486,2209,Iqra,Home,2,170.8,2025-08-01,Cancelled
487,2605,Zain,Clothing,6,1915.2,2025-01-14,Returned
488,2789,Laiba,Clothing,8,839.78,2025-04-10,Completed
489,2984,Kiran,Groceries,7,1522.56,2025-12-09,Completed
490,2432,Hina,Sports,1,317.87,2026-01-23,Cancelled
491,2990,Ahmed,Clothing,7,1374.41,2025-09-17,Pending
492,1105,Ali,Books,8,1171.15,2026-04-23,Cancelled
493,2562,Iqra,Electronics,3,1192.36,2025-03-02,Cancelled
494,2836,Zain,Electronics,2,788.08,2025-07-04,Completed
495,1203,Kiran,Electronics,6,428.94,2025-05-01,Cancelled
496,2754,Maham,Electronics,4,1145.07,2025-09-04,Pending
497,1536,Ahmed,Groceries,8,1824.67,2026-01-13,Cancelled
498,1995,Noor,Clothing,8,885.91,2025-09-16,Cancelled
499,2498,Hamza,Books,1,1661.32,2025-01-02,Returned
500,1537,Ali,Sports,3,52.82,2025-07-01,Completed
501,1990,Maham,Groceries,10,1826.01,2025-05-06,Cancelled
502,1012,Hassan,Electronics,8,918.74,2025-11-25,Returned
503,1393,Kiran,Toys,2,902.56,2025-09-29,Pending
504,1933,Usman,Home,9,1432.23,2025-11-11,Returned
505,2991,Hina,Toys,1,1464.63,2026-04-23,Completed
506,1163,Hassan,Electronics,3,744.19,2025-11-04,Completed
507,2426,Danish,Books,8,194.0,2025-11-26,Pending
508,1028,Usman,Beauty,5,1211.57,2025-04-28,Completed
509,1122,Sara,Groceries,8,707.39,2025-05-22,Completed
510,1172,Maham,Electronics,7,78.37,2025-04-28,Pending
511,2476,Sana,Books,7,1277.34,2025-06-22,Returned
512,1730,Ali,Books,5,692.2,2025-02-23,Pending
513,2763,Hamza,Electronics,6,438.28,2025-09-29,Completed
514,2224,Danish,Clothing,4,309.38,2025-10-20,Pending
515,2972,Noor,Sports,8,745.97,2025-03-01,Cancelled
516,2418,Kiran,Home,8,878.76,2025-10-26,Completed
517,2363,Ahmed,Toys,7,688.42,2025-06-28,Completed
518,2902,Sara,Toys,1,920.63,2026-02-16,Pending
519,1282,Ali,Electronics,1,1971.79,2026-01-01,Completed
520,1397,Sana,Groceries,6,523.72,2025-08-03,Pending
521,2969,Usman,Groceries,5,1081.39,2026-02-23,Pending
522,1548,Kiran,Toys,9,430.45,2025-03-18,Completed
523,2550,Fatima,Sports,4,1080.76,2025-03-02,Cancelled
524,2541,Iqra,Beauty,4,980.58,2025-11-04,Returned
525,1051,Hina,Toys,3,1938.13,2026-01-20,Returned
526,1452,Maham,Home,3,686.87,2025-07-24,Pending
527,2566,Iqra,Electronics,9,545.9,2025-07-08,Returned
528,1706,Bilal,Clothing,8,1016.76,2025-07-25,Completed
529,1918,Danish,Home,5,1317.21,2026-04-26,Completed
530,1667,Hamza,Clothing,6,1439.12,2026-04-22,Cancelled
531,1400,Zain,Home,4,1625.27,2025-06-04,Pending
532,1480,Omar,Sports,1,1243.12,2026-03-28,Pending
533,2399,Taha,Groceries,1,195.75,2025-12-29,Pending
534,1953,Danish,Toys,5,268.49,2025-10-30,Returned
535,1434,Taha,Beauty,1,1375.7,2026-03-16,Pending
536,2005,Zain,Clothing,7,1416.36,2025-06-09,Returned
537,2814,Ahmed,Toys,1,1735.81,2025-07-27,Returned
538,1069,Danish,Toys,3,522.21,2026-01-29,Completed
539,2233,Usman,Sports,7,1098.93,2025-02-27,Cancelled
540,1073,Maham,Electronics,9,1486.94,2025-11-04,Pending
541,2183,Usman,Groceries,6,489.66,2025-07-11,Cancelled
542,1875,Ahmed,Toys,2,248.17,2025-03-08,Pending
543,1102,Hina,Beauty,6,1126.14,2025-08-13,Pending
544,1181,Taha,Sports,6,1701.05,2025-06-10,Completed
545,2464,Hamza,Electronics,5,581.96,2025-08-19,Pending
546,1716,Danish,Home,8,1632.77,2026-03-03,Returned
547,2342,Hina,Clothing,2,1948.76,2025-02-11,Cancelled
548,1266,Laiba,Home,3,1158.97,2025-01-02,Returned
549,2258,Noor,Electronics,7,1950.82,2026-03-04,Cancelled
550,2442,Ahmed,Sports,2,1357.02,2026-01-10,Pending
551,2028,Maham,Beauty,10,815.93,2026-03-25,Cancelled
552,1231,Hina,Sports,10,1000.25,2026-02-20,Cancelled
553,1652,Bilal,Clothing,9,717.16,2025-11-19,Cancelled
554,2880,Bilal,Clothing,3,1317.29,2025-10-21,Completed
555,1174,Ali,Toys,5,1379.54,2025-01-14,Pending
556,2614,Usman,Home,2,1946.91,2025-10-07,Pending
557,2990,Iqra,Clothing,10,1281.66,2025-11-20,Pending
558,2490,Sara,Clothing,8,532.74,2025-07-29,Cancelled
559,1370,Bilal,Sports,10,1628.79,2025-05-18,Cancelled
560,1642,Noor,Books,8,659.57,2025-06-11,Returned
561,1669,Sana,Clothing,9,1437.24,2025-03-31,Cancelled
562,1084,Ahmed,Toys,4,1621.74,2025-06-02,Pending
563,2159,Iqra,Clothing,1,545.19,2025-05-27,Pending
564,2406,Zain,Home,6,1602.08,2026-02-16,Pending
565,1004,Laiba,Books,3,421.61,2026-04-13,Cancelled
566,1859,Laiba,Toys,1,1886.99,2025-02-19,Completed
567,2152,Laiba,Toys,4,941.15,2025-03-18,Cancelled
568,2644,Sana,Home,8,1551.45,2025-10-21,Cancelled
569,1255,Noor,Toys,6,1014.97,2026-04-25,Cancelled
570,1365,Ahmed,Home,8,259.56,2025-08-13,Pending
571,1692,Ayesha,Toys,1,1697.07,2025-01-13,Cancelled
572,2254,Laiba,Books,9,1358.84,2026-02-03,Pending
573,1001,Hassan,Groceries,8,287.6,2025-02-20,Pending
574,1597,Ali,Electronics,1,1879.99,2025-04-01,Cancelled
575,2940,Bilal,Home,10,1821.58,2026-03-12,Pending
576,2738,Kiran,Sports,2,742.57,2026-02-04,Completed
577,2881,Laiba,Beauty,7,1396.93,2025-12-16,Cancelled
578,2158,Bilal,Toys,10,625.99,2026-01-11,Returned
579,1958,Hamza,Toys,1,1822.52,2026-02-11,Cancelled
580,2551,Fatima,Toys,1,1895.11,2026-02-10,Returned
581,2151,Fatima,Beauty,6,1767.17,2025-03-04,Cancelled
582,2976,Ahmed,Home,4,1770.44,2026-04-22,Cancelled
583,1897,Sara,Electronics,3,1940.08,2025-05-22,Returned
584,2983,Hassan,Electronics,5,632.43,2026-03-30,Cancelled
585,1007,Taha,Groceries,6,1664.1,2026-01-04,Completed
586,2337,Danish,Clothing,8,85.47,2025-08-03,Returned
587,1959,Hina,Books,10,970.97,2025-02-24,Completed
588,2472,Hina,Beauty,2,189.3,2025-06-13,Returned
589,2559,Zain,Beauty,6,1744.46,2026-01-24,Returned
590,2770,Omar,Sports,10,1829.33,2026-03-14,Completed
591,2749,Kiran,Sports,2,510.99,2025-05-26,Completed
592,2834,Sara,Beauty,8,262.55,2025-05-29,Cancelled
593,2998,Ayesha,Clothing,8,939.48,2025-03-02,Cancelled
594,2296,Noor,Home,8,914.06,2025-07-22,Returned
595,2181,Usman,Groceries,6,248.17,2025-08-22,Cancelled
596,1450,Zain,Home,9,1384.9,2025-03-15,Returned
597,2531,Sana,Home,1,728.4,2025-03-26,Pending
598,2505,Sara,Clothing,3,340.4,2025-02-14,Returned
599,2860,Sara,Sports,7,791.4,2025-08-22,Completed
600,2768,Danish,Electronics,6,1617.07,2025-04-19,Returned
601,1390,Danish,Electronics,5,1674.49,2025-10-27,Pending
602,1620,Ali,Beauty,4,906.08,2025-08-29,Completed
603,2060,Iqra,Groceries,5,1363.29,2025-01-04,Returned
604,1164,Ayesha,Beauty,6,1905.65,2025-07-12,Cancelled
605,2593,Hina,Sports,7,1069.1,2025-10-26,Cancelled
606,2830,Sana,Toys,7,255.26,2026-04-26,Cancelled
607,1278,Laiba,Toys,8,1095.88,2025-02-08,Cancelled
608,1116,Hamza,Home,1,1322.63,2025-02-28,Pending
609,2104,Iqra,Toys,4,1311.01,2025-11-01,Pending
610,2478,Maham,Home,2,1276.82,2025-01-17,Cancelled
611,2867,Kiran,Electronics,2,1268.55,2025-05-19,Returned
612,1434,Zain,Clothing,3,1213.29,2025-12-16,Pending
613,1734,Hamza,Beauty,3,636.71,2025-10-17,Completed
614,2821,Laiba,Toys,1,1947.0,2026-01-31,Pending
615,2292,Fatima,Electronics,5,990.46,2025-04-13,Completed
616,1145,Sara,Groceries,1,1457.82,2026-04-05,Pending
617,2899,Ayesha,Clothing,8,302.22,2025-08-30,Returned
618,1535,Omar,Books,3,966.15,2025-07-19,Completed
619,1587,Fatima,Clothing,1,1000.58,2025-11-08,Cancelled
620,2686,Hassan,Groceries,2,1030.11,2025-07-03,Cancelled
621,2143,Ayesha,Home,3,200.31,2026-03-16,Completed
622,1953,Laiba,Home,2,1156.14,2025-02-08,Pending
623,2700,Zain,Beauty,6,576.4,2025-12-23,Completed
624,2819,Maham,Electronics,3,461.11,2025-02-19,Pending
625,1139,Taha,Books,2,74.26,2025-05-04,Returned
626,2890,Iqra,Books,4,478.94,2025-01-16,Cancelled
627,2978,Ayesha,Home,10,1680.52,2025-04-29,Cancelled
628,1673,Sana,Groceries,9,1900.17,2025-06-28,Pending
629,2162,Hina,Books,10,1086.32,2026-01-18,Returned
630,1976,Hina,Books,2,122.26,2025-11-30,Pending
631,1664,Ayesha,Toys,4,1780.67,2025-05-22,Returned
632,2216,Danish,Sports,3,1169.1,2025-03-11,Cancelled
633,2895,Ali,Clothing,7,353.18,2025-03-16,Cancelled
634,1300,Usman,Electronics,5,1224.18,2025-12-02,Cancelled
635,2831,Usman,Clothing,9,1084.73,2026-02-09,Returned
636,1444,Iqra,Electronics,1,1498.89,2025-05-21,Returned
637,2376,Iqra,Home,10,175.36,2025-08-07,Completed
638,2024,Hassan,Home,4,1591.39,2025-06-21,Completed
639,2284,Taha,Books,4,1311.39,2025-10-15,Pending
640,1371,Fatima,Sports,7,1774.59,2025-01-16,Completed
641,2978,Zain,Books,5,1958.12,2025-02-09,Cancelled
642,1964,Kiran,Electronics,1,1845.85,2026-02-11,Pending
643,2855,Fatima,Home,5,1585.95,2026-03-06,Cancelled
644,2121,Taha,Electronics,2,980.71,2025-02-21,Completed
645,1112,Sara,Electronics,4,300.73,2026-04-06,Cancelled
646,2755,Hina,Electronics,1,844.27,2025-09-23,Returned
647,1346,Zain,Toys,2,1934.83,2025-06-30,Pending
648,2426,Taha,Beauty,3,1665.01,2025-05-17,Completed
649,1055,Sara,Books,3,203.38,2026-04-10,Pending
650,2445,Sana,Toys,10,943.51,2025-04-20,Pending
651,1758,Maham,Home,1,621.29,2026-04-09,Cancelled
652,2424,Ali,Sports,9,1186.0,2025-02-23,Pending
653,2853,Maham,Clothing,5,1148.36,2025-07-03,Cancelled
654,1002,Laiba,Home,9,250.48,2025-12-08,Returned
655,2285,Bilal,Home,5,1366.55,2026-01-23,Cancelled
656,1136,Sara,Sports,9,941.24,2025-06-18,Pending
657,2908,Kiran,Home,1,491.75,2025-09-07,Completed
658,1375,Hassan,Clothing,10,1756.6,2025-01-09,Completed
659,1910,Iqra,Electronics,9,292.1,2025-04-02,Cancelled
660,1587,Ahmed,Beauty,3,864.74,2025-11-17,Completed
661,1659,Bilal,Home,2,1423.11,2026-03-20,Cancelled
662,1078,Hina,Groceries,6,1410.71,2026-02-14,Cancelled
663,2821,Hassan,Electronics,3,1256.92,2025-10-12,Completed
664,2497,Usman,Groceries,3,1333.85,2025-05-28,Cancelled
665,1676,Sara,Toys,6,1449.63,2025-03-24,Returned
666,1782,Taha,Books,9,269.91,2026-02-28,Cancelled
667,2407,Zain,Toys,1,1031.15,2025-02-03,Pending
668,1580,Hina,Home,2,1993.33,2025-05-25,Pending
669,2067,Fatima,Sports,8,1593.87,2025-01-28,Pending
670,2318,Sara,Groceries,6,169.21,2025-02-04,Cancelled
671,1662,Iqra,Beauty,9,837.89,2025-01-29,Pending
672,2802,Iqra,Clothing,10,1222.44,2025-03-06,Completed
673,2769,Hamza,Sports,3,1594.51,2025-07-08,Cancelled
674,2645,Hamza,Home,7,206.27,2026-02-03,Cancelled
675,2421,Danish,Beauty,7,1759.01,2026-03-21,Returned
676,2563,Maham,Home,10,893.56,2025-09-09,Pending
677,1444,Noor,Books,2,294.59,2025-04-02,Returned
678,1743,Kiran,Toys,3,1244.1,2025-09-16,Pending
679,1022,Ahmed,Home,4,668.01,2026-04-29,Cancelled
680,2184,Ayesha,Electronics,2,918.88,2025-05-14,Returned
681,2248,Hassan,Beauty,9,348.26,2025-10-15,Pending
682,2911,Usman,Electronics,9,1626.04,2026-03-26,Returned
683,2918,Hina,Groceries,1,288.66,2025-09-24,Completed
684,1518,Noor,Sports,6,1425.11,2026-01-22,Returned
685,1727,Iqra,Sports,4,1989.57,2026-03-01,Completed
686,2286,Fatima,Clothing,7,1199.26,2026-01-13,Pending
687,1423,Hina,Electronics,1,176.5,2025-03-13,Returned
688,1830,Hamza,Groceries,4,683.42,2025-03-26,Returned
689,2431,Zain,Groceries,1,700.86,2026-04-26,Completed
690,2885,Taha,Groceries,9,574.97,2025-09-18,Completed
691,2028,Sana,Groceries,7,1627.21,2025-12-03,Cancelled
692,2713,Sara,Clothing,3,447.32,2025-03-04,Cancelled
693,1295,Sara,Beauty,10,51.04,2025-07-26,Returned
694,2542,Zain,Books,4,725.78,2025-08-29,Pending
695,1070,Sara,Toys,2,1409.31,2025-03-03,Returned
696,1411,Sana,Sports,8,752.94,2025-04-17,Completed
697,1214,Hina,Home,1,1317.24,2025-09-10,Pending
698,2758,Fatima,Toys,9,168.06,2025-09-28,Returned
699,2958,Zain,Clothing,8,1975.09,2025-11-11,Returned
700,2640,Iqra,Electronics,9,163.62,2025-12-29,Cancelled
701,2785,Hamza,Books,4,1231.93,2025-04-27,Returned
702,1187,Hassan,Beauty,3,1057.28,2025-03-12,Returned
703,1679,Hassan,Electronics,7,395.56,2025-08-03,Completed
704,1397,Ali,Toys,2,1041.0,2025-05-21,Pending
705,2175,Usman,Clothing,4,980.04,2025-10-18,Cancelled
706,1021,Noor,Books,10,1820.7,2025-07-13,Pending
707,1805,Ali,Beauty,2,432.81,2025-09-18,Cancelled
708,2879,Sana,Beauty,5,1217.0,2025-03-06,Returned
709,1813,Hassan,Home,3,1809.17,2025-03-11,Cancelled
710,1153,Iqra,Home,7,805.31,2025-03-21,Pending
711,2290,Sara,Groceries,8,1845.18,2025-09-02,Completed
712,2830,Hassan,Electronics,2,172.31,2025-11-28,Cancelled
713,1947,Sara,Clothing,6,252.76,2025-02-13,Pending
714,1845,Zain,Clothing,6,1485.46,2025-10-28,Returned
715,2828,Ali,Toys,5,1926.41,2025-07-24,Pending
716,2727,Danish,Books,5,669.68,2025-02-05,Returned
717,2194,Sara,Clothing,3,1849.62,2025-11-22,Completed
718,2057,Iqra,Beauty,7,638.87,2025-05-09,Returned
719,1799,Kiran,Toys,2,886.7,2025-01-15,Pending
720,1953,Sana,Electronics,3,897.73,2025-02-22,Completed
721,1205,Ahmed,Groceries,7,815.8,2025-05-03,Pending
722,1131,Ahmed,Toys,2,807.86,2026-01-24,Returned
723,1421,Sara,Clothing,9,1790.74,2026-01-09,Completed
724,2710,Bilal,Toys,9,875.38,2025-01-27,Pending
725,1317,Kiran,Books,6,1659.31,2025-10-07,Pending
726,1078,Taha,Electronics,7,1921.97,2026-02-06,Returned
727,1342,Ahmed,Groceries,5,170.44,2025-03-25,Returned
728,2058,Usman,Clothing,1,826.79,2025-09-27,Cancelled
729,1427,Kiran,Toys,8,1102.15,2025-05-11,Cancelled
730,1811,Taha,Home,4,1462.25,2025-11-22,Pending
731,1905,Maham,Electronics,9,374.29,2026-04-12,Completed
732,1823,Noor,Toys,1,655.6,2025-12-30,Completed
733,2135,Hamza,Electronics,10,626.07,2025-07-17,Returned
734,1897,Bilal,Home,9,1366.51,2025-01-06,Pending
735,1118,Usman,Books,4,109.64,2025-01-21,Pending
736,2747,Maham,Groceries,4,1552.17,2025-04-12,Cancelled
737,1906,Laiba,Sports,5,1611.17,2025-01-03,Returned
738,2299,Sana,Groceries,6,937.76,2026-01-30,Completed
739,1416,Taha,Toys,7,1092.88,2025-07-18,Completed
740,1703,Ayesha,Electronics,7,604.33,2026-03-19,Returned
741,1410,Ali,Groceries,4,1811.58,2025-08-13,Returned
742,1022,Hamza,Electronics,3,76.88,2025-11-14,Cancelled
743,2104,Maham,Toys,2,913.84,2025-07-17,Completed
744,2134,Noor,Toys,8,1016.16,2026-01-30,Completed
745,1369,Ayesha,Toys,5,1385.84,2025-04-30,Cancelled
746,2498,Sara,Toys,6,1710.48,2025-10-31,Returned
747,1206,Sara,Toys,6,864.28,2025-03-03,Pending
748,2427,Zain,Toys,4,381.94,2026-02-04,Pending
749,1072,Noor,Books,7,1144.83,2025-09-27,Pending
750,1309,Ali,Beauty,2,756.39,2025-08-30,Pending
751,2279,Usman,Toys,3,247.18,2025-10-30,Pending
752,2264,Hina,Sports,9,225.29,2025-06-28,Pending
753,1029,Sana,Books,10,1989.16,2026-04-04,Completed
754,2561,Iqra,Electronics,2,1281.26,2025-08-11,Returned
755,1460,Hassan,Toys,3,730.15,2026-03-27,Returned
756,2910,Taha,Home,7,1034.77,2025-02-12,Returned
757,2087,Laiba,Electronics,2,242.53,2025-08-06,Pending
758,2044,Ali,Electronics,8,1977.68,2025-03-12,Completed
759,1630,Iqra,Groceries,3,849.64,2025-05-24,Pending
760,2246,Fatima,Home,8,177.62,2025-06-04,Cancelled
761,1675,Omar,Clothing,5,1538.66,2025-09-12,Pending
762,1573,Ayesha,Electronics,2,1964.95,2025-06-27,Cancelled
763,2064,Sana,Beauty,6,1620.99,2026-01-07,Returned
764,1837,Maham,Electronics,9,327.29,2025-04-01,Returned
765,2766,Usman,Clothing,4,1833.11,2025-06-24,Pending
766,2937,Laiba,Sports,6,414.24,2025-02-18,Completed
767,2268,Ayesha,Sports,3,1158.34,2026-01-25,Cancelled
768,2012,Usman,Electronics,5,1020.16,2025-10-29,Returned
769,2180,Noor,Sports,3,180.29,2025-09-09,Returned
770,2922,Maham,Beauty,5,1972.18,2025-05-25,Cancelled
771,2688,Omar,Clothing,7,680.92,2025-06-06,Completed
772,1498,Ali,Sports,4,1046.53,2025-01-08,Completed
773,2238,Danish,Toys,5,1131.69,2025-07-17,Returned
774,2884,Sana,Books,4,1275.47,2025-11-10,Returned
775,2731,Hassan,Electronics,2,1001.51,2025-01-30,Pending
776,1547,Ahmed,Toys,8,1086.5,2025-02-23,Completed
777,2498,Ahmed,Home,4,699.04,2025-07-07,Cancelled
778,2324,Sara,Books,5,1550.45,2025-06-23,Returned
779,1843,Hassan,Home,7,1245.78,2025-10-31,Pending
780,1396,Usman,Sports,6,1851.76,2025-10-05,Pending
781,2011,Omar,Home,8,1022.92,2026-01-10,Cancelled
782,2147,Hamza,Groceries,10,1769.83,2026-03-04,Returned
783,1155,Ayesha,Home,6,406.0,2026-04-17,Completed
784,1691,Ayesha,Clothing,2,1456.3,2026-01-22,Cancelled
785,2996,Sara,Sports,10,155.79,2025-09-29,Pending
786,2184,Fatima,Beauty,4,1738.78,2025-01-20,Completed
787,2793,Ahmed,Electronics,3,1103.7,2025-02-23,Pending
788,1688,Omar,Electronics,3,1460.48,2026-01-19,Completed
789,2425,Sana,Clothing,7,197.0,2025-09-23,Cancelled
790,2177,Maham,Sports,7,346.51,2026-04-04,Cancelled
791,1286,Bilal,Sports,10,317.44,2025-04-16,Cancelled
792,2619,Sana,Clothing,7,50.97,2025-10-03,Returned
793,2691,Ali,Electronics,5,556.76,2025-01-19,Completed
794,2540,Usman,Home,2,83.07,2025-10-25,Completed
795,1454,Bilal,Toys,7,1391.88,2025-11-04,Completed
796,1933,Hamza,Electronics,1,746.96,2026-04-14,Cancelled
797,1642,Ahmed,Sports,8,1029.32,2025-06-11,Cancelled
798,2122,Hassan,Books,3,707.98,2025-06-02,Returned
799,2782,Noor,Home,7,1381.41,2025-12-31,Cancelled
800,2367,Danish,Clothing,6,907.44,2026-01-09,Cancelled
801,1771,Hassan,Toys,6,84.91,2025-08-20,Completed
802,2313,Zain,Groceries,7,1649.73,2026-03-07,Completed
803,1916,Danish,Books,10,757.43,2026-04-08,Completed
804,1388,Hamza,Toys,2,973.9,2025-06-24,Pending
805,2512,Ahmed,Beauty,8,1443.33,2025-04-06,Pending
806,2524,Ali,Clothing,5,863.55,2025-01-17,Cancelled
807,1402,Ayesha,Groceries,7,688.96,2025-03-03,Returned
808,1612,Hamza,Beauty,3,1621.85,2025-07-13,Returned
809,2645,Ali,Groceries,1,1923.84,2025-06-10,Pending
810,2663,Omar,Books,2,879.28,2025-08-06,Cancelled
811,2720,Danish,Sports,5,1628.13,2025-12-30,Pending
812,1969,Sara,Books,4,580.92,2025-09-24,Cancelled
813,1779,Omar,Electronics,8,1311.85,2025-04-06,Cancelled
814,2043,Hina,Books,1,418.42,2025-11-15,Cancelled
815,1864,Ayesha,Clothing,1,862.25,2025-11-18,Completed
816,2481,Hina,Clothing,8,1845.61,2025-08-14,Cancelled
817,1072,Ali,Toys,9,1639.69,2025-10-12,Completed
818,2466,Ahmed,Toys,7,615.59,2026-03-02,Completed
819,2881,Zain,Beauty,6,868.35,2025-08-15,Completed
820,1928,Usman,Home,8,1724.7,2025-10-13,Returned
821,2220,Sara,Sports,4,1024.08,2025-04-27,Returned
822,1006,Usman,Groceries,1,1584.0,2026-03-02,Cancelled
823,2995,Hamza,Electronics,4,448.68,2025-04-28,Cancelled
824,2371,Maham,Electronics,2,466.86,2026-02-08,Pending
825,1295,Taha,Books,1,1132.78,2025-07-24,Completed
826,2685,Ahmed,Groceries,1,854.85,2025-10-09,Returned
827,1508,Kiran,Sports,1,1298.93,2025-05-31,Completed
828,2042,Taha,Electronics,3,1074.49,2025-05-01,Completed
829,1623,Fatima,Toys,8,1942.91,2025-01-10,Completed
830,2966,Ahmed,Clothing,4,1799.58,2026-03-06,Completed
831,1826,Zain,Toys,8,1849.65,2025-04-12,Cancelled
832,2072,Omar,Toys,9,669.88,2025-03-16,Cancelled
833,1947,Sana,Books,9,394.62,2025-06-07,Cancelled
834,1958,Iqra,Clothing,9,372.07,2025-05-11,Completed
835,2599,Maham,Electronics,8,256.68,2026-03-07,Pending
836,1703,Iqra,Beauty,3,1548.07,2025-11-27,Cancelled
837,2413,Hassan,Beauty,5,897.37,2026-02-24,Pending
838,1088,Fatima,Home,8,279.56,2025-06-06,Pending
839,1030,Ayesha,Beauty,5,458.67,2025-02-13,Completed
840,1194,Ali,Toys,2,704.28,2025-07-20,Returned
841,2398,Hamza,Books,7,1686.88,2025-04-19,Completed
842,2326,Zain,Books,9,1369.29,2025-09-28,Pending
843,1165,Taha,Books,5,876.55,2025-08-28,Cancelled
844,2231,Zain,Beauty,2,1135.25,2025-12-10,Pending
845,2631,Hassan,Sports,6,1228.43,2026-04-28,Completed
846,2594,Sana,Sports,10,776.64,2026-02-19,Returned
847,1383,Omar,Electronics,4,1879.86,2025-01-12,Returned
848,2994,Ali,Electronics,8,1963.81,2025-09-27,Pending
849,1062,Taha,Books,8,1257.51,2025-02-23,Cancelled
850,1903,Laiba,Electronics,3,602.62,2026-02-11,Pending
851,2693,Fatima,Beauty,5,1414.63,2026-04-20,Pending
852,1059,Sara,Beauty,2,1323.16,2025-02-28,Cancelled
853,2683,Hassan,Toys,9,1676.42,2025-09-21,Cancelled
854,1683,Kiran,Groceries,4,1631.72,2025-01-08,Completed
855,2935,Hamza,Groceries,7,348.61,2025-05-25,Returned
856,2797,Ahmed,Electronics,7,589.09,2025-01-25,Cancelled
857,1752,Noor,Books,2,656.33,2025-11-07,Cancelled
858,2142,Usman,Clothing,6,367.08,2025-04-07,Returned
859,2106,Zain,Home,9,1967.79,2025-02-20,Pending
860,2053,Kiran,Electronics,4,1297.64,2025-07-03,Returned
861,1261,Hassan,Home,3,1490.28,2025-07-25,Cancelled
862,1598,Bilal,Clothing,5,1507.11,2025-07-11,Returned
863,2442,Hassan,Toys,6,884.12,2025-04-04,Completed
864,1320,Bilal,Home,5,656.02,2025-04-24,Cancelled
865,2829,Hassan,Toys,10,111.37,2025-03-07,Pending
866,1589,Zain,Clothing,5,1709.73,2025-01-29,Completed
867,1076,Taha,Clothing,1,1397.3,2026-03-18,Pending
868,1727,Ayesha,Toys,6,245.45,2025-04-24,Completed
869,2226,Maham,Electronics,10,1739.86,2025-06-12,Returned
870,1359,Bilal,Home,3,1549.97,2025-08-09,Cancelled
871,1826,Kiran,Sports,3,1096.13,2026-01-24,Returned
872,2082,Maham,Clothing,3,187.29,2025-08-03,Returned
873,2497,Sana,Home,8,1120.82,2025-01-25,Pending
874,1154,Maham,Sports,3,461.68,2025-05-07,Returned
875,2690,Ali,Clothing,8,444.39,2026-01-25,Returned
876,1798,Zain,Home,3,1888.48,2025-07-16,Returned
877,1354,Taha,Electronics,7,1485.94,2025-01-29,Completed
878,2133,Maham,Beauty,6,1134.86,2025-07-22,Pending
879,2539,Ayesha,Clothing,1,1146.09,2026-01-29,Returned
880,1069,Hassan,Clothing,6,1990.27,2026-01-07,Completed
881,1047,Zain,Books,1,1589.73,2025-10-17,Completed
882,2490,Iqra,Beauty,7,1717.24,2025-09-03,Returned
883,2127,Fatima,Sports,4,1812.61,2025-04-03,Completed
884,1542,Fatima,Groceries,3,171.57,2026-03-01,Returned
885,2617,Hamza,Beauty,8,687.76,2025-04-10,Completed
886,2275,Zain,Toys,2,1795.46,2025-06-05,Returned
887,1462,Noor,Toys,1,1653.27,2026-01-16,Returned
888,1828,Iqra,Toys,3,946.94,2025-07-06,Returned
889,1056,Omar,Groceries,7,243.26,2025-11-18,Pending
890,1971,Omar,Beauty,10,1723.52,2025-04-08,Cancelled
891,1113,Sara,Home,10,1435.24,2025-08-16,Completed
892,2060,Omar,Home,8,1264.1,2025-05-12,Pending
893,1515,Ahmed,Home,2,1922.29,2025-01-06,Pending
894,1376,Hina,Sports,4,1894.71,2025-10-13,Completed
895,1040,Ayesha,Toys,7,962.26,2026-03-30,Completed
896,1170,Danish,Home,9,1290.58,2025-10-27,Returned
897,2057,Danish,Groceries,7,671.49,2026-01-01,Cancelled
898,2400,Laiba,Home,6,690.27,2025-02-20,Pending
899,2164,Maham,Groceries,8,1772.57,2025-12-21,Returned
900,1381,Hassan,Beauty,3,1355.62,2025-02-11,Cancelled
901,1293,Fatima,Beauty,3,417.95,2026-04-09,Returned
902,1431,Hamza,Groceries,7,589.92,2026-01-22,Cancelled
903,2118,Hamza,Sports,10,199.41,2025-12-09,Returned
904,1609,Ali,Clothing,5,1571.91,2025-02-02,Returned
905,2799,Maham,Groceries,7,1932.63,2025-06-19,Returned
906,2592,Sana,Toys,1,502.92,2026-03-10,Returned
907,1762,Ali,Toys,7,623.24,2025-02-19,Pending
908,1510,Sara,Clothing,9,472.33,2025-01-17,Completed
909,2509,Danish,Clothing,10,55.4,2025-11-27,Returned
910,1122,Maham,Home,7,930.79,2025-10-16,Cancelled
911,2831,Fatima,Electronics,9,1420.63,2025-06-30,Cancelled
912,2562,Omar,Sports,8,914.45,2025-12-17,Returned
913,2712,Noor,Electronics,1,311.36,2025-12-14,Cancelled
914,2833,Sana,Beauty,3,384.52,2025-05-06,Completed
915,1863,Ayesha,Beauty,6,1159.89,2025-05-13,Returned
916,2772,Hina,Home,10,1808.98,2025-10-21,Completed
917,1016,Ahmed,Toys,4,1104.28,2025-10-16,Pending
918,1695,Usman,Sports,1,1008.31,2025-08-29,Completed
919,2916,Sana,Beauty,1,1831.44,2025-09-17,Returned
920,1961,Ayesha,Toys,2,1733.27,2025-11-04,Returned
921,2975,Hamza,Beauty,9,89.79,2025-08-09,Completed
922,2230,Ahmed,Beauty,1,1450.52,2025-01-06,Pending
923,2343,Hina,Electronics,3,991.3,2025-08-23,Pending
924,1316,Zain,Groceries,3,552.43,2026-01-17,Completed
925,1442,Sana,Sports,3,1907.79,2026-04-04,Completed
926,1404,Bilal,Clothing,6,1871.44,2026-03-01,Completed
927,2668,Sara,Clothing,10,1646.6,2025-02-11,Returned
928,2832,Fatima,Clothing,2,976.14,2025-05-14,Pending
929,1927,Hina,Toys,5,1646.62,2026-04-13,Completed
930,1996,Ayesha,Sports,7,1474.54,2025-11-18,Cancelled
931,1008,Sara,Electronics,4,877.63,2025-07-08,Returned
932,2739,Laiba,Sports,7,678.67,2026-04-18,Returned
933,1846,Hassan,Beauty,9,1409.12,2025-06-09,Cancelled
934,1005,Ali,Clothing,9,164.24,2026-01-16,Returned
935,2627,Zain,Books,6,1158.06,2026-03-15,Cancelled
936,1781,Sana,Beauty,10,1091.34,2025-12-27,Cancelled
937,2855,Hamza,Groceries,3,102.46,2025-03-27,Cancelled
938,2784,Kiran,Sports,6,490.17,2025-10-08,Returned
939,2465,Ayesha,Electronics,1,608.67,2025-09-26,Cancelled
940,2386,Ahmed,Clothing,9,494.15,2025-12-01,Cancelled
941,2518,Bilal,Electronics,7,675.23,2026-03-30,Returned
942,1355,Hina,Books,1,386.02,2026-01-21,Returned
943,1234,Ali,Clothing,6,1889.57,2025-08-20,Pending
944,2518,Ali,Clothing,10,929.35,2025-03-05,Completed
945,2952,Hamza,Beauty,3,455.44,2026-03-18,Cancelled
946,2821,Ayesha,Groceries,6,366.69,2025-09-07,Pending
947,2592,Ayesha,Electronics,10,1443.72,2026-03-18,Returned
948,2496,Usman,Beauty,7,339.06,2025-09-25,Cancelled
949,1918,Noor,Home,4,947.66,2025-11-21,Pending
950,1752,Omar,Home,8,910.11,2025-12-14,Returned
951,1012,Danish,Electronics,10,1618.13,2026-04-14,Returned
952,1337,Kiran,Electronics,6,1614.41,2025-07-09,Cancelled
953,2133,Noor,Beauty,9,764.37,2025-05-19,Completed
954,1477,Ali,Clothing,7,1528.04,2025-08-17,Pending
955,1307,Omar,Home,7,1675.7,2026-01-28,Returned
956,2407,Fatima,Beauty,1,1752.28,2025-04-08,Pending
957,1280,Bilal,Beauty,9,807.46,2025-11-13,Completed
958,2129,Taha,Books,10,727.5,2025-10-24,Completed
959,2335,Laiba,Electronics,8,636.95,2025-03-14,Pending
960,1264,Noor,Toys,9,281.93,2025-09-16,Pending
961,1742,Danish,Beauty,4,1172.57,2025-07-31,Cancelled
962,1772,Fatima,Home,5,491.0,2026-02-22,Cancelled
963,1337,Ahmed,Home,7,1335.97,2025-04-30,Cancelled
964,2647,Hassan,Sports,1,152.73,2026-01-20,Pending
965,1878,Noor,Home,4,221.58,2025-08-16,Completed
966,2864,Hina,Beauty,1,663.12,2025-12-13,Returned
967,1695,Hassan,Home,10,1278.46,2025-01-08,Cancelled
968,2694,Ali,Sports,3,1431.19,2025-05-23,Completed
969,2540,Hassan,Books,2,1938.6,2025-12-08,Pending
970,1394,Ali,Home,5,1198.7,2025-06-14,Completed
971,2719,Maham,Books,4,1425.01,2025-10-04,Cancelled
972,2308,Omar,Books,6,1194.93,2026-04-07,Cancelled
973,1201,Danish,Clothing,4,1181.06,2025-12-15,Cancelled
974,1686,Ayesha,Home,1,285.48,2025-03-31,Returned
975,1293,Ayesha,Home,10,82.44,2025-03-08,Returned
976,2415,Ahmed,Beauty,8,108.53,2026-03-11,Returned
977,2479,Ali,Home,8,1741.84,2025-06-26,Returned
978,1276,Sara,Groceries,1,475.54,2025-12-31,Completed
979,1650,Maham,Electronics,9,886.68,2026-04-14,Completed
980,2189,Laiba,Toys,7,362.04,2025-11-10,Cancelled
981,1633,Ali,Beauty,5,743.5,2025-06-30,Completed
982,2808,Hamza,Toys,7,475.9,2025-09-05,Completed
983,2291,Laiba,Groceries,4,1146.42,2025-03-12,Completed
984,1423,Ali,Home,6,1039.89,2025-04-21,Pending
985,2485,Danish,Books,5,795.03,2025-09-24,Completed
986,2429,Ahmed,Beauty,10,236.49,2025-05-06,Cancelled
987,2587,Hassan,Home,10,181.28,2026-04-24,Cancelled
988,1250,Taha,Electronics,8,1317.22,2025-12-29,Cancelled
989,1117,Laiba,Electronics,2,1618.51,2025-01-26,Pending
990,1802,Kiran,Electronics,10,1774.87,2025-02-01,Cancelled
991,1121,Omar,Books,1,1956.15,2025-03-18,Cancelled
992,1635,Fatima,Clothing,7,1769.39,2026-03-16,Completed
993,1084,Zain,Home,2,1199.75,2025-07-25,Pending
994,1348,Laiba,Books,4,77.46,2025-09-04,Cancelled
995,2978,Taha,Beauty,6,1790.67,2025-12-12,Returned
996,2286,Ayesha,Clothing,8,868.53,2026-01-07,Cancelled
997,1931,Omar,Groceries,5,1684.16,2025-09-06,Completed
998,1630,Hassan,Clothing,9,1659.13,2025-08-31,Pending
999,1076,Ahmed,Groceries,1,441.05,2026-01-14,Returned
1000,2056,Fatima,Clothing,9,292.43,2025-03-15,Returned
1001,1100,Hamza,Beauty,8,819.78,2025-06-19,Returned
1002,1563,Iqra,Clothing,10,1783.79,2025-10-31,Cancelled
1003,1271,Kiran,Beauty,6,450.72,2026-02-22,Pending
1004,2247,Bilal,Sports,9,1664.71,2025-07-19,Cancelled
1005,2890,Ayesha,Clothing,1,521.06,2025-08-25,Cancelled
1006,1386,Omar,Books,6,1242.28,2025-01-02,Returned
1007,2568,Usman,Beauty,1,143.26,2025-08-01,Cancelled
1008,2956,Zain,Home,6,319.43,2025-02-15,Cancelled
1009,2651,Kiran,Toys,2,366.76,2025-12-03,Returned
1010,2816,Omar,Toys,9,1832.93,2025-05-14,Pending
1011,2534,Ali,Beauty,8,1132.82,2025-05-05,Returned
1012,1787,Hamza,Toys,8,290.7,2025-03-30,Returned
1013,1973,Laiba,Home,9,941.02,2025-02-10,Completed
1014,1436,Sana,Home,6,1202.26,2025-09-08,Pending
1015,2954,Iqra,Electronics,4,822.74,2025-09-18,Pending
1016,2420,Hassan,Clothing,4,431.06,2025-08-30,Pending
1017,1773,Kiran,Clothing,2,357.96,2025-07-13,Returned
1018,2845,Sana,Toys,6,800.56,2025-03-14,Pending
1019,1867,Iqra,Home,4,959.27,2025-06-02,Returned
1020,2878,Hina,Sports,5,1694.3,2025-10-14,Cancelled
1021,2739,Fatima,Books,7,1843.0,2026-01-26,Completed
1022,2679,Taha,Toys,6,434.41,2025-08-24,Returned
1023,2722,Ayesha,Home,4,250.58,2026-03-28,Pending
1024,2068,Bilal,Home,10,1454.7,2026-01-21,Returned
1025,1405,Ayesha,Home,8,828.69,2025-02-05,Completed
1026,1808,Usman,Electronics,1,1750.65,2025-06-15,Completed
1027,2251,Fatima,Groceries,9,210.45,2026-02-17,Returned
1028,2635,Danish,Books,1,557.56,2025-11-11,Cancelled
1029,1457,Fatima,Electronics,10,1961.28,2025-08-21,Completed
1030,1077,Ayesha,Sports,8,1594.53,2025-10-12,Completed
1031,1173,Bilal,Books,10,448.23,2025-10-14,Cancelled
1032,1872,Hamza,Beauty,2,1740.05,2026-02-20,Completed
1033,2553,Ali,Home,2,68.79,2025-04-12,Cancelled
1034,2006,Hassan,Home,3,567.39,2025-03-23,Cancelled
1035,1779,Hamza,Groceries,5,943.37,2025-03-19,Returned
1036,2436,Hamza,Sports,1,1747.2,2025-10-01,Completed
1037,2255,Hamza,Books,3,853.44,2025-01-17,Returned
1038,1437,Ayesha,Beauty,10,1366.52,2025-06-26,Returned
1039,1778,Sana,Groceries,10,1757.79,2026-01-23,Returned
1040,1006,Ayesha,Electronics,2,1708.24,2025-05-02,Cancelled
1041,2016,Ali,Clothing,9,569.1,2026-03-26,Completed
1042,2833,Fatima,Books,8,1221.21,2025-03-16,Completed
1043,1929,Hassan,Toys,7,299.58,2025-01-27,Cancelled
1044,1085,Ayesha,Toys,9,992.57,2025-01-04,Pending
1045,2779,Maham,Clothing,4,1046.16,2026-03-01,Returned
1046,1778,Omar,Electronics,9,526.8,2025-11-14,Pending
1047,2606,Ali,Home,9,582.3,2025-01-04,Cancelled
1048,1836,Hamza,Toys,4,1851.3,2026-04-30,Cancelled
1049,1915,Ayesha,Sports,2,1423.7,2025-12-31,Completed
1050,2730,Hassan,Electronics,7,419.51,2026-04-28,Cancelled
1051,2808,Iqra,Clothing,4,958.07,2025-07-25,Cancelled
1052,2236,Maham,Toys,10,105.99,2025-11-05,Pending
1053,2580,Laiba,Books,10,221.44,2025-08-19,Cancelled
1054,1537,Laiba,Electronics,6,581.99,2025-10-04,Cancelled
1055,2937,Kiran,Toys,1,1316.57,2025-01-22,Returned
1056,1179,Bilal,Clothing,10,1652.23,2026-03-17,Returned
1057,1355,Taha,Beauty,3,813.26,2025-11-21,Cancelled
1058,1510,Danish,Clothing,6,882.69,2025-11-27,Cancelled
1059,1027,Sara,Groceries,1,1109.35,2026-04-18,Pending
1060,2121,Maham,Books,9,260.55,2025-11-07,Cancelled
1061,2941,Laiba,Groceries,9,411.83,2025-09-24,Pending
1062,1669,Bilal,Books,10,363.86,2025-09-12,Completed
1063,2479,Usman,Books,1,1226.62,2026-03-05,Returned
1064,1777,Zain,Groceries,8,1101.7,2026-01-21,Cancelled
1065,2726,Usman,Groceries,2,1040.27,2025-07-06,Pending
1066,1561,Usman,Beauty,8,661.39,2025-02-05,Pending
1067,1967,Hassan,Home,2,192.63,2025-11-19,Returned
1068,2024,Noor,Books,7,775.19,2026-03-22,Returned
1069,1311,Ahmed,Books,2,1149.05,2026-03-21,Pending
1070,2813,Fatima,Home,7,662.46,2025-12-22,Pending
1071,1590,Omar,Sports,6,745.21,2025-06-14,Cancelled
1072,2802,Sara,Home,1,1705.4,2025-03-30,Pending
1073,1821,Usman,Groceries,5,1927.95,2026-04-27,Completed
1074,2707,Hassan,Groceries,9,279.05,2026-04-09,Cancelled
1075,2107,Omar,Toys,4,977.8,2026-02-27,Completed
1076,1084,Sara,Groceries,2,1196.49,2025-12-23,Completed
1077,2502,Danish,Electronics,4,1505.9,2025-08-13,Returned
1078,2245,Omar,Groceries,9,423.78,2026-02-20,Pending
1079,2059,Hina,Clothing,6,1341.82,2025-02-02,Pending
1080,1829,Usman,Sports,9,1559.43,2025-09-19,Returned
1081,2660,Hina,Beauty,1,325.42,2026-03-12,Completed
1082,1277,Laiba,Groceries,7,1003.87,2025-07-13,Returned
1083,1927,Kiran,Groceries,1,172.42,2025-05-25,Pending
1084,2435,Noor,Sports,5,1029.51,2025-10-26,Pending
1085,1063,Ali,Beauty,10,1155.02,2026-04-22,Pending
1086,1366,Maham,Sports,10,794.81,2026-02-04,Cancelled
1087,2410,Laiba,Clothing,3,1399.49,2025-07-04,Completed
1088,1468,Hamza,Groceries,7,433.5,2026-02-18,Cancelled
1089,1088,Maham,Sports,7,705.25,2025-09-03,Cancelled
1090,2199,Taha,Beauty,9,1581.07,2025-08-05,Completed
1091,2012,Maham,Home,10,1253.69,2025-01-20,Cancelled
1092,1030,Danish,Clothing,8,1286.84,2026-04-13,Cancelled
1093,1178,Ayesha,Beauty,10,336.54,2026-03-08,Cancelled
1094,1529,Fatima,Beauty,8,857.86,2025-10-05,Pending
1095,1302,Zain,Groceries,4,87.66,2026-01-25,Pending
1096,2069,Iqra,Groceries,4,1254.29,2026-04-29,Pending
1097,2519,Sana,Books,3,67.28,2025-11-12,Cancelled
1098,2095,Hina,Sports,10,1085.99,2025-05-30,Returned
1099,2052,Sara,Groceries,7,1445.7,2025-09-30,Completed
1100,1769,Zain,Groceries,2,585.59,2025-01-17,Pending
1101,1606,Omar,Electronics,5,616.55,2025-09-21,Returned
1102,1707,Hina,Home,3,305.08,2026-01-26,Cancelled
1103,2008,Taha,Books,4,884.49,2025-05-06,Completed
1104,2028,Bilal,Beauty,4,1487.46,2025-07-16,Cancelled
1105,1039,Hamza,Groceries,4,460.11,2026-01-16,Cancelled
1106,2903,Hamza,Books,8,1919.06,2026-01-21,Returned
1107,2724,Noor,Sports,9,1064.27,2025-05-19,Pending
1108,1578,Iqra,Toys,5,1976.7,2025-04-07,Pending
1109,2720,Iqra,Groceries,1,1283.98,2025-02-24,Pending
1110,2407,Taha,Books,6,1485.59,2025-03-26,Pending
1111,2202,Ayesha,Beauty,10,1809.55,2026-01-24,Pending
1112,2764,Hassan,Clothing,5,1083.31,2026-02-20,Pending
1113,1257,Usman,Beauty,8,1158.5,2026-01-09,Pending
1114,1195,Usman,Groceries,2,526.3,2025-01-11,Returned
1115,2199,Usman,Groceries,8,405.1,2025-12-25,Pending
1116,2796,Laiba,Clothing,6,1281.93,2025-06-09,Pending
1117,1380,Ali,Home,6,1571.95,2025-02-24,Pending
1118,1542,Hina,Sports,2,749.22,2025-09-03,Returned
1119,2979,Noor,Beauty,2,1537.32,2025-03-28,Cancelled
1120,1402,Sara,Books,4,539.78,2025-08-20,Pending
1121,1799,Maham,Home,10,1797.97,2026-01-08,Cancelled
1122,1166,Hina,Home,8,213.82,2025-11-23,Pending
1123,1516,Ayesha,Books,2,1111.15,2026-01-05,Returned
1124,2505,Bilal,Toys,9,700.81,2025-02-05,Pending
1125,2553,Omar,Beauty,5,758.16,2026-01-24,Pending
1126,2398,Sara,Clothing,9,657.0,2025-02-01,Returned
1127,2985,Taha,Toys,2,1747.28,2025-09-12,Returned
1128,1615,Noor,Electronics,6,186.61,2025-12-03,Returned
1129,2672,Zain,Books,4,1166.45,2025-09-01,Completed
1130,2949,Maham,Beauty,8,549.06,2025-01-16,Completed
1131,1750,Ali,Sports,5,1306.76,2026-01-15,Pending
1132,2086,Zain,Clothing,9,848.99,2025-04-02,Completed
1133,2561,Zain,Groceries,10,945.82,2025-06-06,Returned
1134,1200,Kiran,Electronics,4,571.58,2026-04-24,Cancelled
1135,2783,Danish,Books,7,1663.83,2025-06-20,Completed
1136,2497,Zain,Home,10,1023.89,2026-04-08,Completed
1137,2078,Laiba,Toys,10,857.75,2025-08-23,Completed
1138,2743,Maham,Books,8,333.78,2025-04-18,Returned
1139,1570,Noor,Home,1,1424.97,2025-09-05,Completed
1140,1458,Ahmed,Sports,3,552.99,2026-04-26,Cancelled
1141,1451,Kiran,Clothing,5,965.25,2026-02-05,Cancelled
1142,1999,Ahmed,Sports,4,226.74,2025-03-30,Returned
1143,2493,Hina,Beauty,5,50.74,2025-12-10,Cancelled
1144,1979,Hassan,Books,8,237.18,2025-06-26,Completed
1145,1442,Usman,Books,7,1221.1,2025-05-22,Completed
1146,1227,Ahmed,Books,9,177.83,2025-12-14,Pending
1147,1309,Ahmed,Groceries,1,232.54,2025-07-07,Pending
1148,2416,Laiba,Electronics,2,1051.76,2026-01-10,Completed
1149,1511,Iqra,Books,6,1941.22,2026-04-12,Completed
1150,1414,Noor,Clothing,5,261.96,2025-12-18,Returned
1151,2029,Hassan,Home,2,1632.2,2025-04-26,Cancelled
1152,1880,Sara,Toys,3,360.22,2025-12-19,Completed
1153,2428,Noor,Home,6,1991.37,2026-04-18,Pending
1154,2720,Omar,Sports,5,1042.56,2025-03-09,Returned
1155,2698,Iqra,Sports,10,1737.54,2025-08-07,Pending
1156,2641,Hina,Home,2,1000.66,2025-03-20,Completed
1157,2106,Usman,Groceries,7,1459.15,2025-06-22,Returned
1158,2359,Fatima,Toys,4,1589.78,2025-10-03,Pending
1159,2867,Ahmed,Sports,2,1228.14,2026-03-11,Cancelled
1160,2697,Danish,Clothing,6,752.39,2025-07-19,Returned
1161,1708,Danish,Sports,8,1721.63,2025-10-04,Returned
1162,2457,Zain,Sports,4,1068.73,2025-07-30,Pending
1163,1310,Sana,Electronics,7,656.77,2025-02-27,Cancelled
1164,1918,Bilal,Electronics,4,79.67,2026-03-26,Cancelled
1165,2498,Hina,Beauty,2,1364.9,2025-08-06,Cancelled
1166,1001,Laiba,Books,4,1855.36,2025-02-13,Pending
1167,2810,Omar,Groceries,4,1365.85,2025-08-16,Returned
1168,1783,Usman,Sports,3,1915.52,2025-09-13,Cancelled
1169,1753,Ayesha,Electronics,10,1202.52,2025-02-06,Completed
1170,2774,Hamza,Beauty,2,175.96,2026-02-21,Completed
1171,2519,Laiba,Clothing,9,1394.85,2025-03-28,Pending
1172,1712,Ali,Toys,4,255.37,2025-12-27,Completed
1173,2119,Iqra,Toys,3,1497.32,2025-06-29,Pending
1174,2946,Ayesha,Electronics,9,145.6,2025-01-04,Completed
1175,1713,Ali,Home,2,759.47,2025-08-29,Completed
1176,2957,Hina,Beauty,6,1215.9,2025-02-22,Cancelled
1177,1396,Ahmed,Home,9,1055.03,2025-12-19,Returned
1178,2411,Hina,Home,10,1471.25,2025-07-09,Completed
1179,1294,Kiran,Sports,10,445.3,2025-08-16,Pending
1180,1415,Hassan,Groceries,8,812.64,2025-02-25,Cancelled
1181,1350,Omar,Home,2,394.17,2025-10-26,Completed
1182,1775,Hamza,Home,2,719.91,2025-02-17,Pending
1183,2539,Ahmed,Toys,10,1089.86,2025-05-10,Pending
1184,1117,Ali,Groceries,1,1808.24,2025-09-27,Returned
1185,2594,Ayesha,Sports,1,1059.29,2026-04-04,Cancelled
1186,2884,Laiba,Electronics,5,421.28,2025-03-12,Completed
1187,2258,Bilal,Sports,4,1775.9,2025-12-11,Pending
1188,1744,Maham,Home,2,1890.83,2025-06-09,Completed
1189,2869,Danish,Electronics,9,1332.77,2025-07-02,Cancelled
1190,2603,Hina,Toys,1,302.04,2025-10-12,Cancelled
1191,2938,Laiba,Home,5,913.95,2025-03-23,Returned
1192,2811,Fatima,Electronics,6,1404.4,2025-02-22,Returned
1193,1062,Kiran,Books,1,945.79,2025-02-05,Cancelled
1194,2195,Sara,Clothing,2,1328.72,2025-10-07,Pending
1195,2654,Sana,Electronics,4,1634.03,2026-01-29,Completed
1196,2328,Zain,Electronics,10,177.33,2026-03-31,Cancelled
1197,2594,Kiran,Books,3,1300.86,2025-06-11,Cancelled
1198,2789,Omar,Groceries,6,1168.55,2026-01-04,Cancelled
1199,1055,Taha,Groceries,6,1114.05,2025-03-19,Completed
1200,1075,Taha,Clothing,8,238.25,2025-04-24,Completed
1201,2609,Maham,Groceries,10,482.68,2025-04-30,Cancelled
1202,1864,Ali,Sports,6,616.1,2025-10-25,Returned
1203,2332,Zain,Beauty,8,1071.85,2025-02-27,Pending
1204,1278,Bilal,Toys,2,1365.13,2026-02-19,Completed
1205,1527,Hassan,Beauty,4,1515.17,2025-05-11,Completed
1206,1908,Maham,Toys,2,919.94,2025-04-08,Returned
1207,2847,Hina,Books,4,337.58,2025-11-23,Returned
1208,2233,Hamza,Home,9,1745.09,2025-04-28,Completed
1209,1654,Omar,Beauty,5,1260.42,2025-06-01,Cancelled
1210,2099,Taha,Sports,4,1069.78,2025-12-17,Returned
1211,1336,Laiba,Electronics,8,267.63,2025-10-31,Completed
1212,1804,Noor,Home,3,1931.12,2025-03-12,Cancelled
1213,1671,Maham,Groceries,7,725.64,2025-12-22,Completed
1214,1468,Hamza,Toys,8,782.03,2025-02-04,Cancelled
1215,2951,Hassan,Clothing,4,1233.77,2025-03-02,Cancelled
1216,1808,Omar,Beauty,2,358.41,2025-01-06,Cancelled
1217,1162,Maham,Toys,10,1361.04,2026-03-20,Completed
1218,1471,Omar,Home,4,1091.44,2025-12-31,Pending
1219,2490,Kiran,Beauty,2,1252.41,2025-10-03,Cancelled
1220,1643,Omar,Groceries,3,1071.55,2026-01-10,Pending
1221,1519,Taha,Sports,3,1625.51,2025-10-12,Cancelled
1222,1333,Hina,Clothing,4,624.08,2025-02-11,Pending
1223,1855,Ayesha,Beauty,9,1316.06,2025-07-11,Cancelled
1224,2293,Usman,Groceries,9,530.84,2025-01-30,Cancelled
1225,2545,Kiran,Groceries,7,1226.43,2025-08-18,Cancelled
1226,1458,Danish,Beauty,1,75.63,2025-07-10,Cancelled
1227,1595,Fatima,Home,8,400.42,2025-12-20,Cancelled
1228,2611,Noor,Toys,2,1288.69,2025-12-05,Pending
1229,1665,Maham,Home,2,1948.54,2025-12-19,Pending
1230,1031,Noor,Beauty,5,1881.33,2025-11-27,Cancelled
1231,1689,Danish,Groceries,1,181.72,2025-12-30,Returned
1232,1665,Zain,Books,2,181.08,2026-02-02,Cancelled
1233,1697,Kiran,Books,4,1650.32,2025-03-31,Completed
1234,2819,Bilal,Home,4,408.6,2025-05-19,Pending
1235,1468,Usman,Groceries,4,585.8,2025-02-01,Returned
1236,1528,Hassan,Books,4,1338.47,2025-02-08,Returned
1237,2441,Danish,Books,3,1828.17,2025-03-27,Pending
1238,2385,Ali,Toys,2,1031.31,2025-02-21,Returned
1239,2080,Laiba,Groceries,2,1316.9,2025-06-10,Returned
1240,1484,Hamza,Beauty,9,1656.37,2025-09-24,Returned
1241,1272,Hina,Sports,10,1902.07,2026-03-10,Pending
1242,1762,Usman,Home,4,1286.72,2025-06-03,Returned
1243,1130,Maham,Toys,10,1093.4,2025-07-31,Completed
1244,1201,Danish,Toys,1,964.8,2025-08-14,Pending
1245,2104,Maham,Beauty,8,1102.88,2025-11-26,Returned
1246,2078,Sana,Sports,5,782.58,2026-04-26,Returned
1247,1174,Hassan,Groceries,5,1727.48,2025-07-08,Cancelled
1248,2084,Zain,Sports,8,1412.26,2025-02-06,Pending
1249,2743,Maham,Home,2,1143.77,2025-07-09,Pending
1250,1138,Ayesha,Toys,2,1295.34,2026-03-06,Cancelled
1251,1384,Danish,Clothing,5,104.84,2025-03-29,Returned
1252,2859,Kiran,Toys,4,1136.0,2025-06-03,Cancelled
1253,2956,Bilal,Beauty,3,1297.33,2025-06-11,Completed
1254,1550,Taha,Home,8,658.51,2025-10-22,Pending
1255,1171,Maham,Sports,9,1045.24,2026-01-28,Returned
1256,1114,Omar,Beauty,9,261.64,2025-08-15,Completed
1257,1604,Hamza,Toys,3,456.52,2025-03-16,Pending
1258,1190,Noor,Electronics,4,918.54,2025-09-16,Cancelled
1259,2912,Usman,Electronics,9,650.8,2025-12-10,Completed
1260,1818,Zain,Toys,1,1960.49,2026-01-07,Cancelled
1261,1512,Ali,Groceries,1,362.33,2025-10-16,Returned
1262,1670,Zain,Home,2,760.97,2025-09-10,Returned
1263,1625,Hamza,Electronics,6,444.41,2026-01-06,Pending
1264,1598,Fatima,Electronics,5,420.53,2025-09-29,Completed
1265,1236,Sara,Groceries,1,1300.19,2026-03-13,Returned
1266,2503,Noor,Clothing,5,1345.03,2026-04-16,Pending
1267,1692,Taha,Electronics,3,1158.79,2025-07-28,Returned
1268,1028,Hassan,Home,4,865.2,2025-05-11,Completed
1269,2005,Ayesha,Home,7,1191.34,2025-08-12,Cancelled
1270,2639,Taha,Home,3,1242.73,2025-05-01,Returned
1271,2860,Ahmed,Home,5,1977.98,2026-02-25,Completed
1272,1406,Ayesha,Beauty,4,249.8,2025-04-12,Pending
1273,1800,Ahmed,Sports,2,1000.16,2025-07-17,Cancelled
1274,1119,Usman,Electronics,4,1849.14,2025-09-25,Completed
1275,2394,Usman,Clothing,7,1128.54,2025-11-25,Returned
1276,1367,Hassan,Toys,6,578.45,2025-10-21,Returned
1277,1729,Bilal,Beauty,3,1914.82,2025-01-01,Pending
1278,1327,Sana,Toys,3,1413.44,2025-02-26,Pending
1279,1373,Danish,Books,5,1655.71,2025-02-03,Completed
1280,2078,Noor,Books,4,1781.61,2026-01-07,Completed
1281,1452,Maham,Groceries,10,154.18,2025-03-17,Returned
1282,2010,Bilal,Clothing,9,1260.52,2025-05-07,Pending
1283,2532,Ahmed,Electronics,5,520.03,2026-02-09,Pending
1284,1250,Ali,Beauty,10,661.94,2025-06-12,Returned
1285,1572,Laiba,Toys,5,541.81,2026-02-18,Returned
1286,1404,Fatima,Beauty,6,1388.58,2026-03-29,Cancelled
1287,2577,Hassan,Electronics,6,455.23,2025-09-16,Completed
1288,1016,Hamza,Electronics,8,1565.06,2025-02-09,Cancelled
1289,1338,Usman,Sports,7,487.9,2025-08-12,Pending
1290,2758,Ayesha,Groceries,4,1046.48,2025-05-24,Completed
1291,2862,Ali,Groceries,1,455.44,2025-06-06,Pending
1292,2890,Hina,Clothing,9,1593.94,2025-10-25,Pending
1293,2892,Taha,Clothing,4,1702.8,2025-09-22,Completed
1294,1740,Hina,Home,4,627.13,2026-04-01,Completed
1295,1285,Ali,Beauty,7,99.24,2025-09-17,Completed
1296,2182,Hina,Books,6,1614.28,2025-10-28,Pending
1297,2580,Fatima,Sports,3,1209.32,2025-12-23,Completed
1298,2776,Hamza,Books,4,506.83,2025-03-25,Returned
1299,1709,Ali,Beauty,1,1155.25,2025-11-18,Completed
1300,2773,Zain,Toys,5,1186.19,2026-04-19,Cancelled
1301,1627,Sana,Electronics,9,1583.74,2026-04-03,Pending
1302,1032,Noor,Clothing,6,1119.18,2026-01-10,Returned
1303,1789,Maham,Home,4,1401.3,2026-03-19,Returned
1304,1439,Omar,Toys,10,954.89,2025-11-25,Completed
1305,1942,Bilal,Sports,5,1808.29,2026-01-03,Completed
1306,2310,Bilal,Books,5,1292.02,2025-10-03,Completed
1307,2741,Hamza,Toys,9,583.13,2025-09-29,Completed
1308,2951,Sana,Clothing,6,787.2,2025-06-03,Returned
1309,1841,Laiba,Books,10,683.24,2025-05-10,Returned
1310,1164,Omar,Clothing,7,117.65,2025-04-20,Cancelled
1311,2339,Kiran,Electronics,1,903.09,2025-11-21,Returned
1312,2828,Bilal,Books,2,789.48,2025-09-02,Completed
1313,2085,Danish,Sports,4,802.81,2025-08-07,Returned
1314,1571,Noor,Beauty,9,1891.31,2025-09-16,Pending
1315,2788,Hassan,Books,8,1027.27,2025-07-01,Completed
1316,1524,Ahmed,Books,2,1042.96,2025-10-15,Completed
1317,1725,Maham,Sports,9,1464.96,2025-01-02,Pending
1318,2647,Maham,Electronics,10,1097.53,2026-03-07,Pending
1319,2319,Zain,Beauty,4,262.92,2025-04-18,Returned
1320,2967,Maham,Sports,3,1897.77,2025-03-06,Pending
1321,1623,Taha,Clothing,10,922.82,2025-03-21,Returned
1322,2227,Danish,Sports,5,357.03,2026-04-25,Completed
1323,1913,Iqra,Electronics,5,1077.73,2026-03-06,Completed
1324,1572,Noor,Toys,9,1394.17,2026-01-01,Cancelled
1325,1567,Usman,Books,10,936.04,2025-05-17,Completed
1326,1273,Usman,Home,4,97.17,2025-06-29,Completed
1327,2260,Sana,Groceries,2,522.49,2026-01-03,Returned
1328,2587,Ayesha,Clothing,8,1811.82,2026-04-16,Cancelled
1329,2957,Kiran,Clothing,6,439.96,2025-03-26,Pending
1330,1215,Bilal,Sports,4,1194.93,2025-06-21,Returned
1331,2875,Omar,Books,1,1093.75,2025-08-10,Completed
1332,1549,Laiba,Groceries,4,545.62,2026-01-22,Pending
1333,2418,Sana,Books,8,1005.1,2025-02-26,Pending
1334,1772,Sara,Groceries,1,985.52,2025-06-21,Pending
1335,1108,Zain,Home,2,1873.87,2025-02-06,Pending
1336,1199,Ahmed,Clothing,3,759.2,2025-09-10,Cancelled
1337,1536,Taha,Books,7,1206.53,2026-02-02,Cancelled
1338,1632,Iqra,Beauty,7,701.07,2025-09-27,Cancelled
1339,2889,Omar,Toys,3,383.74,2025-10-22,Completed
1340,2386,Iqra,Home,2,749.5,2026-01-02,Cancelled
1341,1107,Taha,Home,7,1591.2,2025-06-15,Returned
1342,2947,Hina,Groceries,1,1502.26,2025-09-08,Pending
1343,2750,Ali,Beauty,6,228.75,2025-02-09,Pending
1344,1511,Ahmed,Books,3,137.22,2025-02-19,Completed
1345,1296,Hina,Beauty,6,722.14,2026-04-24,Completed
1346,2247,Laiba,Beauty,5,1609.6,2025-06-23,Returned
1347,2096,Hamza,Books,6,614.13,2025-01-26,Completed
1348,1045,Bilal,Books,9,1971.74,2025-08-24,Returned
1349,2788,Bilal,Toys,9,1879.2,2025-03-12,Completed
1350,1591,Hina,Electronics,3,1872.16,2025-12-21,Completed
1351,1753,Hamza,Toys,3,916.12,2026-02-16,Returned
1352,2823,Ayesha,Books,3,406.82,2025-08-22,Returned
1353,2318,Hassan,Clothing,7,268.26,2025-04-25,Completed
1354,1066,Ali,Beauty,7,428.35,2025-12-22,Cancelled
1355,1147,Iqra,Electronics,1,1849.23,2025-09-16,Cancelled
1356,1900,Danish,Clothing,3,1043.08,2026-01-22,Completed
1357,1723,Usman,Clothing,2,1343.4,2025-06-22,Pending
1358,1587,Omar,Sports,6,1690.7,2026-04-30,Completed
1359,1252,Ahmed,Beauty,9,1600.45,2025-12-01,Completed
1360,2067,Ayesha,Books,2,1932.42,2025-06-18,Returned
1361,2464,Hamza,Home,9,1618.42,2025-11-05,Cancelled
1362,1221,Maham,Clothing,3,1911.57,2025-03-22,Pending
1363,2830,Usman,Clothing,1,517.73,2025-04-20,Pending
1364,2039,Laiba,Books,5,948.68,2025-06-01,Pending
1365,2574,Hina,Groceries,9,1064.9,2026-01-02,Returned
1366,1654,Usman,Toys,5,667.36,2025-06-30,Returned
1367,1708,Hamza,Groceries,5,900.08,2025-05-26,Completed
1368,1435,Iqra,Toys,9,1387.85,2026-03-15,Completed
1369,2030,Usman,Clothing,7,455.04,2025-09-08,Cancelled
1370,1146,Ahmed,Clothing,7,912.23,2026-01-07,Pending
1371,1996,Laiba,Books,5,1968.59,2025-04-28,Completed
1372,1057,Zain,Books,9,197.21,2025-06-11,Returned
1373,1948,Taha,Groceries,4,691.99,2026-04-17,Returned
1374,1189,Danish,Sports,8,1719.87,2025-07-25,Returned
1375,2423,Omar,Toys,9,427.9,2026-04-28,Pending
1376,2582,Noor,Electronics,6,357.22,2025-05-26,Returned
1377,1875,Sara,Clothing,7,1942.95,2025-09-02,Cancelled
1378,2341,Danish,Groceries,3,1726.15,2026-04-13,Cancelled
1379,2532,Hassan,Home,4,1645.15,2025-12-07,Returned
1380,1859,Laiba,Home,10,255.91,2025-01-15,Pending
1381,2059,Ayesha,Groceries,4,1860.35,2025-07-09,Returned
1382,2549,Ali,Home,7,1995.93,2026-04-14,Pending
1383,1794,Ayesha,Beauty,4,652.32,2025-08-04,Completed
1384,1759,Omar,Books,1,1548.84,2026-03-06,Pending
1385,1659,Ahmed,Books,3,1182.6,2025-04-30,Returned
1386,1980,Kiran,Beauty,7,1313.38,2025-11-10,Pending
1387,2345,Ayesha,Books,2,1336.02,2026-02-20,Cancelled
1388,1453,Maham,Electronics,10,1544.52,2025-12-19,Returned
1389,1661,Danish,Sports,10,1707.84,2025-10-14,Pending
1390,1599,Ayesha,Electronics,9,509.64,2026-01-02,Returned
1391,1133,Ayesha,Electronics,10,1960.89,2026-03-23,Cancelled
1392,1042,Noor,Home,1,1408.0,2025-06-12,Completed
1393,1112,Fatima,Home,1,174.24,2025-03-07,Completed
1394,1508,Noor,Clothing,1,558.48,2025-03-02,Returned
1395,1510,Ayesha,Sports,1,1354.06,2025-03-25,Returned
1396,2264,Hamza,Books,6,1227.62,2025-04-14,Cancelled
1397,1775,Maham,Beauty,1,1435.47,2025-03-08,Completed
1398,2389,Iqra,Home,7,288.51,2026-02-22,Pending
1399,1132,Sana,Groceries,2,1694.51,2025-03-03,Cancelled
1400,2931,Sara,Sports,8,1346.93,2025-12-27,Returned
1401,1271,Fatima,Groceries,5,1630.31,2026-03-10,Returned
1402,1627,Laiba,Clothing,1,1741.13,2025-08-13,Returned
1403,1220,Iqra,Toys,7,1821.77,2025-02-06,Pending
1404,2284,Kiran,Beauty,3,341.62,2026-01-11,Pending
1405,2894,Hassan,Books,7,1994.7,2025-02-10,Returned
1406,1820,Ahmed,Groceries,1,1865.41,2026-01-04,Pending
1407,1769,Ahmed,Toys,2,590.34,2025-01-23,Returned
1408,1756,Maham,Clothing,3,163.35,2025-08-11,Pending
1409,2644,Sana,Groceries,6,671.84,2025-02-05,Cancelled
1410,2484,Laiba,Beauty,8,1417.5,2025-05-22,Pending
1411,1759,Maham,Clothing,7,1214.99,2025-06-03,Pending
1412,1254,Usman,Books,7,641.37,2025-07-09,Completed
1413,1049,Maham,Toys,8,1400.32,2026-04-18,Pending
1414,2197,Sana,Home,2,123.84,2025-11-26,Returned
1415,2130,Hamza,Home,6,1138.43,2025-08-14,Returned
1416,2237,Hamza,Clothing,6,1788.82,2025-08-30,Cancelled
1417,2885,Sana,Groceries,5,1873.04,2025-03-29,Returned
1418,2118,Sana,Clothing,1,859.01,2025-09-26,Returned
1419,2565,Noor,Sports,1,168.63,2025-06-03,Completed
1420,2112,Maham,Toys,2,1680.66,2025-10-16,Completed
1421,1692,Hamza,Groceries,4,1229.65,2025-10-24,Pending
1422,1086,Taha,Books,10,774.31,2025-10-17,Pending
1423,1785,Sana,Groceries,3,712.94,2025-06-09,Cancelled
1424,2131,Kiran,Clothing,10,625.44,2025-10-18,Completed
1425,1216,Taha,Sports,6,1127.42,2026-01-09,Completed
1426,2234,Omar,Electronics,7,738.85,2025-01-28,Completed
1427,2501,Laiba,Home,10,975.28,2026-02-02,Completed
1428,2024,Bilal,Home,8,1061.09,2026-02-07,Returned
1429,1999,Ayesha,Electronics,7,1765.34,2026-04-14,Returned
1430,2466,Sana,Beauty,4,1212.46,2025-10-05,Completed
1431,2938,Hassan,Clothing,7,1787.52,2025-08-20,Pending
1432,2625,Bilal,Groceries,7,1538.13,2025-12-05,Pending
1433,1122,Zain,Home,10,1459.26,2026-01-09,Returned
1434,2005,Omar,Books,9,1323.97,2026-01-31,Completed
1435,2597,Zain,Books,5,1040.93,2025-07-08,Cancelled
1436,1502,Kiran,Clothing,6,887.3,2025-04-10,Cancelled
1437,2105,Bilal,Electronics,6,1324.2,2025-10-19,Completed
1438,2166,Ahmed,Electronics,6,650.96,2025-11-29,Completed
1439,2065,Kiran,Beauty,2,1810.04,2026-03-26,Completed
1440,2973,Zain,Groceries,5,893.29,2025-12-08,Completed
1441,2596,Hamza,Books,5,717.38,2025-05-02,Cancelled
1442,2481,Hamza,Home,10,783.31,2025-10-03,Pending
1443,1784,Bilal,Groceries,1,1682.95,2025-12-31,Cancelled
1444,1927,Hamza,Clothing,6,1499.62,2026-02-18,Completed
1445,2798,Iqra,Sports,1,1373.06,2025-03-13,Returned
1446,2515,Maham,Electronics,8,1203.73,2026-01-01,Returned
1447,1984,Noor,Clothing,1,995.99,2026-01-02,Cancelled
1448,1452,Bilal,Electronics,10,1647.79,2026-01-07,Completed
1449,1620,Danish,Clothing,2,1089.44,2026-04-14,Pending
1450,1250,Usman,Electronics,9,1191.88,2025-04-29,Returned
1451,1765,Laiba,Electronics,1,924.33,2025-04-09,Cancelled
1452,2072,Laiba,Electronics,5,1838.47,2026-01-31,Returned
1453,1387,Iqra,Toys,3,1656.86,2025-04-10,Returned
1454,2343,Bilal,Home,5,1583.36,2025-09-21,Returned
1455,2863,Omar,Groceries,3,106.86,2025-02-05,Returned
1456,2269,Laiba,Beauty,1,1396.8,2025-10-19,Cancelled
1457,1545,Ali,Books,10,411.82,2025-11-22,Cancelled
1458,1563,Danish,Books,5,1798.02,2026-04-23,Pending
1459,1792,Bilal,Sports,9,397.84,2025-10-12,Cancelled
1460,1865,Iqra,Clothing,6,331.18,2025-11-13,Returned
1461,2488,Noor,Clothing,4,1353.9,2026-04-22,Pending
1462,1973,Iqra,Home,7,51.23,2025-06-23,Pending
1463,2590,Ali,Toys,7,263.46,2025-06-23,Returned
1464,2884,Zain,Sports,5,1836.6,2026-02-26,Returned
1465,2283,Kiran,Groceries,1,456.15,2025-02-01,Cancelled
1466,1261,Omar,Electronics,3,233.71,2025-09-19,Cancelled
1467,2231,Zain,Beauty,3,1900.56,2025-05-25,Cancelled
1468,2748,Laiba,Books,6,1523.96,2026-04-02,Completed
1469,2358,Hassan,Electronics,8,346.43,2025-04-04,Completed
1470,1341,Kiran,Sports,2,196.18,2025-04-28,Cancelled
1471,2805,Zain,Home,9,1013.87,2025-02-27,Pending
1472,2531,Hassan,Books,7,1781.42,2025-01-25,Pending
1473,1134,Danish,Sports,1,1070.6,2025-11-17,Cancelled
1474,1396,Hassan,Home,7,606.55,2025-07-27,Cancelled
1475,2965,Hamza,Beauty,6,1934.58,2025-01-29,Cancelled
1476,1067,Laiba,Toys,4,330.17,2025-01-29,Cancelled
1477,2710,Omar,Sports,9,446.27,2025-09-27,Cancelled
1478,1238,Taha,Electronics,3,459.68,2026-04-10,Pending
1479,2571,Taha,Clothing,8,1683.82,2025-01-01,Completed
1480,1747,Iqra,Beauty,3,264.78,2025-12-12,Completed
1481,1749,Usman,Clothing,5,1209.29,2025-09-21,Returned
1482,1733,Usman,Clothing,10,289.82,2025-09-24,Returned
1483,1116,Hamza,Beauty,6,1165.35,2025-03-16,Pending
1484,1726,Ahmed,Beauty,10,498.21,2025-01-13,Cancelled
1485,1255,Bilal,Home,10,1447.39,2025-09-19,Completed
1486,2803,Zain,Home,8,182.12,2025-05-02,Pending
1487,2380,Omar,Clothing,10,392.62,2025-08-29,Cancelled
1488,2057,Noor,Beauty,6,983.84,2025-09-09,Cancelled
1489,1699,Omar,Books,4,1652.74,2025-02-27,Returned
1490,2511,Hamza,Beauty,3,1714.76,2025-06-13,Completed
1491,1720,Bilal,Sports,9,1671.67,2025-10-13,Completed
1492,1344,Omar,Books,6,114.67,2025-04-13,Cancelled
1493,1943,Maham,Electronics,6,1167.87,2025-10-31,Returned
1494,1829,Fatima,Toys,6,1121.68,2025-04-12,Completed
1495,2028,Hassan,Beauty,5,1238.92,2025-12-08,Cancelled
1496,2166,Usman,Home,4,622.85,2026-04-10,Completed
1497,1093,Hassan,Clothing,5,624.13,2025-11-12,Completed
1498,1274,Ahmed,Electronics,8,1472.37,2025-11-02,Cancelled
1499,2778,Ahmed,Sports,10,617.06,2026-01-02,Completed
1500,1938,Noor,Groceries,5,1689.35,2026-03-26,Cancelled
1501,2383,Kiran,Home,10,459.06,2025-01-29,Returned
1502,1649,Taha,Clothing,4,974.65,2026-02-28,Returned
1503,2478,Taha,Sports,5,245.92,2025-12-17,Completed
1504,2766,Laiba,Sports,6,103.33,2025-08-26,Completed
1505,2915,Zain,Books,9,164.72,2025-09-04,Completed
1506,2611,Ahmed,Clothing,5,999.87,2025-02-25,Pending
1507,2967,Usman,Books,10,1048.7,2026-04-03,Pending
1508,2938,Maham,Clothing,4,164.14,2025-05-26,Completed
1509,1317,Ahmed,Clothing,2,1841.74,2025-09-15,Pending
1510,1029,Ali,Beauty,1,1292.82,2025-12-06,Returned
1511,2422,Bilal,Home,7,1097.65,2026-01-22,Cancelled
1512,2270,Hamza,Home,5,577.74,2025-07-18,Returned
1513,1319,Fatima,Beauty,5,1691.92,2025-01-27,Pending
1514,1509,Ali,Groceries,7,1889.18,2025-03-13,Pending
1515,2160,Danish,Books,1,1806.61,2026-03-27,Returned
1516,2628,Maham,Home,10,1923.74,2025-12-09,Cancelled
1517,1802,Iqra,Books,5,411.97,2026-04-25,Pending
1518,2055,Maham,Clothing,4,1516.44,2025-04-13,Completed
1519,1752,Noor,Books,4,1932.28,2025-11-09,Completed
1520,2761,Ali,Clothing,5,865.11,2025-10-20,Cancelled
1521,2249,Danish,Home,8,497.67,2025-05-14,Completed
1522,2793,Ali,Electronics,7,1823.37,2025-06-08,Returned
1523,1563,Usman,Sports,1,1990.77,2026-03-11,Completed
1524,1103,Ayesha,Toys,9,1830.95,2025-06-08,Completed
1525,1468,Zain,Clothing,5,1186.09,2025-11-21,Completed
1526,1820,Hina,Groceries,8,612.03,2026-02-03,Cancelled
1527,1883,Laiba,Electronics,5,675.96,2025-01-03,Cancelled
1528,2090,Ahmed,Sports,8,1466.87,2025-04-10,Completed
1529,2837,Taha,Home,4,667.12,2025-11-12,Pending
1530,1397,Kiran,Beauty,5,517.92,2026-02-02,Completed
1531,2304,Taha,Clothing,3,252.2,2025-09-23,Returned
1532,1448,Hina,Beauty,3,1180.02,2025-07-04,Cancelled
1533,2239,Ali,Electronics,10,821.34,2026-04-11,Cancelled
1534,2364,Usman,Sports,8,1036.47,2025-05-07,Cancelled
1535,2899,Ayesha,Home,7,1727.29,2025-02-08,Completed
1536,2383,Kiran,Toys,10,694.21,2025-10-26,Completed
1537,2553,Ali,Books,4,1178.27,2025-04-03,Completed
1538,2383,Noor,Groceries,8,631.4,2025-10-06,Returned
1539,2942,Taha,Sports,9,402.5,2026-04-28,Cancelled
1540,2179,Ali,Groceries,8,242.2,2025-02-12,Returned
1541,2738,Ali,Toys,8,983.71,2025-08-15,Returned
1542,1907,Ali,Beauty,3,1740.51,2025-11-09,Returned
1543,1419,Ayesha,Beauty,4,1690.61,2026-03-24,Completed
1544,1866,Maham,Clothing,7,1521.95,2025-05-25,Pending
1545,1539,Hamza,Toys,9,1829.2,2025-11-20,Returned
1546,2541,Taha,Electronics,5,554.58,2025-09-01,Cancelled
1547,2310,Iqra,Toys,5,751.26,2025-04-24,Cancelled
1548,1137,Sana,Clothing,5,186.81,2025-04-27,Cancelled
1549,1237,Ayesha,Electronics,5,1453.16,2026-01-02,Completed
1550,1024,Usman,Books,2,544.14,2025-12-21,Completed
1551,2756,Hassan,Electronics,7,329.44,2025-02-09,Pending
1552,2069,Ali,Books,9,64.34,2026-02-25,Pending
1553,2530,Maham,Groceries,10,565.72,2025-12-12,Returned
1554,2275,Fatima,Home,4,780.35,2025-04-22,Cancelled
1555,2859,Noor,Groceries,6,1174.16,2025-05-07,Completed
1556,2169,Hina,Home,3,457.42,2025-06-12,Cancelled
1557,2761,Omar,Sports,5,829.36,2025-01-01,Completed
1558,2518,Laiba,Beauty,9,1720.65,2025-11-04,Completed
1559,1394,Maham,Home,5,1699.03,2026-01-16,Returned
1560,1512,Hassan,Electronics,8,759.02,2026-02-02,Cancelled
1561,2021,Hassan,Books,10,854.04,2025-12-19,Pending
1562,2957,Maham,Books,2,140.77,2025-07-17,Pending
1563,2232,Maham,Sports,1,284.17,2026-01-22,Completed
1564,1524,Noor,Electronics,2,853.82,2026-02-04,Returned
1565,2108,Ahmed,Home,3,1209.86,2025-12-05,Pending
1566,2117,Hassan,Groceries,4,629.28,2026-04-20,Pending
1567,2766,Danish,Groceries,5,1727.81,2025-02-18,Pending
1568,2551,Iqra,Home,7,842.83,2025-07-16,Returned
1569,1445,Kiran,Toys,1,1915.79,2025-01-22,Cancelled
1570,2088,Fatima,Clothing,2,1200.25,2025-11-30,Pending
1571,2558,Danish,Books,10,1833.83,2026-04-12,Returned
1572,2327,Omar,Clothing,6,1112.32,2026-01-25,Pending
1573,2357,Ali,Books,6,653.39,2025-07-04,Returned
1574,2762,Laiba,Toys,3,59.06,2025-05-18,Pending
1575,1241,Noor,Clothing,4,1295.99,2025-07-06,Completed
1576,2954,Omar,Toys,10,651.61,2025-04-20,Returned
1577,1641,Sara,Sports,6,1832.41,2025-12-28,Pending
1578,2224,Hamza,Books,5,906.14,2025-01-12,Cancelled
1579,2874,Ayesha,Toys,3,732.69,2026-02-01,Cancelled
1580,1463,Bilal,Groceries,4,1817.72,2025-11-15,Completed
1581,1101,Omar,Toys,5,397.0,2025-11-17,Returned
1582,2772,Kiran,Toys,9,120.36,2025-09-11,Cancelled
1583,2236,Sana,Groceries,8,1077.7,2025-04-15,Cancelled
1584,1713,Sana,Clothing,10,432.12,2025-04-21,Cancelled
1585,2448,Omar,Electronics,6,1157.82,2025-09-11,Cancelled
1586,1200,Iqra,Books,8,1557.32,2025-12-11,Pending
1587,1596,Laiba,Home,7,1274.97,2025-06-09,Completed
1588,1937,Ayesha,Sports,10,461.28,2025-04-22,Pending
1589,1160,Ali,Toys,7,1391.62,2025-12-14,Pending
1590,1333,Hassan,Electronics,5,1898.11,2025-04-08,Completed
1591,2626,Danish,Sports,8,1793.02,2025-05-16,Cancelled
1592,2856,Kiran,Sports,8,1130.08,2025-10-29,Completed
1593,1038,Iqra,Home,1,1790.04,2025-01-24,Returned
1594,1784,Sana,Books,8,1449.21,2026-02-19,Cancelled
1595,2709,Zain,Electronics,6,1321.44,2025-12-25,Cancelled
1596,1344,Fatima,Electronics,5,740.41,2025-09-07,Completed
1597,1375,Danish,Sports,2,561.65,2026-01-26,Returned
1598,1041,Zain,Electronics,7,156.32,2025-09-18,Returned
1599,2894,Fatima,Clothing,10,949.89,2025-04-03,Returned
1600,2781,Bilal,Toys,7,847.56,2025-03-18,Cancelled
1601,2517,Bilal,Beauty,1,1006.57,2025-07-23,Pending
1602,2995,Kiran,Groceries,4,200.86,2025-10-30,Returned
1603,2545,Kiran,Beauty,7,1065.15,2026-03-03,Returned
1604,1774,Sara,Clothing,3,1171.15,2025-03-13,Completed
1605,2242,Usman,Sports,3,566.19,2025-06-08,Pending
1606,2702,Iqra,Electronics,10,144.02,2025-09-04,Returned
1607,2189,Laiba,Toys,1,1017.11,2025-12-13,Cancelled
1608,2722,Hassan,Toys,6,165.87,2025-09-13,Cancelled
1609,2390,Ayesha,Books,10,1469.51,2025-04-02,Pending
1610,2619,Ahmed,Sports,7,1099.81,2025-12-04,Completed
1611,2141,Noor,Toys,4,1450.66,2026-01-18,Pending
1612,1937,Laiba,Home,7,1635.92,2026-04-19,Cancelled
1613,1539,Danish,Toys,4,924.77,2026-04-06,Returned
1614,1058,Ali,Electronics,8,1865.76,2025-08-18,Completed
1615,2120,Taha,Toys,5,911.3,2025-01-24,Returned
1616,1603,Zain,Sports,2,1296.87,2025-04-23,Completed
1617,2804,Sana,Electronics,6,850.26,2025-01-08,Completed
1618,2765,Ahmed,Sports,9,304.19,2026-04-03,Pending
1619,1793,Zain,Sports,3,1095.72,2025-01-03,Pending
1620,2745,Danish,Clothing,4,1627.04,2025-01-29,Completed
1621,2155,Ayesha,Home,8,790.92,2025-05-21,Completed
1622,2735,Hina,Toys,3,1164.21,2025-10-17,Completed
1623,2189,Ahmed,Electronics,8,1832.68,2025-02-13,Pending
1624,2126,Omar,Toys,5,1891.85,2025-05-06,Completed
1625,2871,Sara,Books,1,1896.02,2025-07-09,Pending
1626,2637,Noor,Beauty,7,99.43,2025-04-13,Completed
1627,1487,Kiran,Books,2,952.55,2025-12-07,Returned
1628,2081,Kiran,Books,3,228.24,2025-05-05,Completed
1629,1122,Hamza,Toys,7,255.67,2026-04-19,Returned
1630,1339,Sara,Groceries,8,1043.36,2025-11-22,Cancelled
1631,1709,Laiba,Groceries,4,434.1,2026-03-08,Returned
1632,2126,Hassan,Toys,1,1390.24,2025-04-07,Pending
1633,1784,Danish,Beauty,8,1724.14,2025-12-09,Completed
1634,2448,Hina,Groceries,9,695.38,2025-04-04,Cancelled
1635,1688,Fatima,Beauty,7,1138.42,2026-02-10,Completed
1636,1459,Ayesha,Toys,7,1659.17,2025-09-08,Returned
1637,1707,Kiran,Beauty,4,1576.99,2025-10-17,Completed
1638,1135,Noor,Sports,8,1920.28,2025-05-17,Completed
1639,1357,Noor,Home,5,1481.0,2026-01-24,Returned
1640,1092,Laiba,Beauty,5,839.99,2025-03-19,Completed
1641,2337,Hamza,Clothing,1,1166.93,2025-08-18,Completed
1642,1196,Fatima,Books,2,1137.77,2025-08-17,Cancelled
1643,1497,Fatima,Toys,3,926.19,2025-01-07,Cancelled
1644,1046,Omar,Sports,1,1541.19,2025-03-29,Pending
1645,2368,Danish,Beauty,5,918.25,2026-01-18,Pending
1646,1593,Hina,Toys,10,818.3,2025-11-07,Completed
1647,1560,Hina,Toys,1,118.14,2025-01-31,Completed
1648,1048,Danish,Books,3,1545.22,2025-01-17,Pending
1649,2497,Omar,Books,8,1180.94,2025-01-28,Returned
1650,1433,Omar,Groceries,8,1519.41,2025-09-08,Completed
1651,2183,Hamza,Toys,5,1394.89,2026-03-23,Cancelled
1652,2154,Omar,Beauty,10,1626.53,2025-10-14,Returned
1653,1879,Sara,Sports,1,1071.38,2025-12-11,Pending
1654,1786,Iqra,Sports,9,480.53,2025-01-06,Pending
1655,2170,Ayesha,Toys,8,755.88,2026-04-15,Cancelled
1656,2193,Ahmed,Sports,5,351.53,2025-11-07,Cancelled
1657,1395,Hamza,Clothing,5,1323.79,2025-12-31,Returned
1658,1443,Hassan,Groceries,1,1708.19,2025-07-26,Pending
1659,1335,Noor,Toys,2,1484.1,2025-08-31,Cancelled
1660,1104,Noor,Electronics,7,1108.93,2025-01-10,Cancelled
1661,2578,Danish,Electronics,8,420.77,2025-01-31,Returned
1662,2391,Ayesha,Groceries,1,712.82,2025-08-10,Completed
1663,1931,Ali,Electronics,3,1322.3,2025-04-22,Cancelled
1664,2376,Noor,Electronics,3,1450.03,2025-04-23,Returned
1665,2540,Omar,Clothing,7,1144.72,2025-11-17,Cancelled
1666,1882,Noor,Home,10,1370.84,2026-01-24,Completed
1667,1493,Ali,Clothing,3,1397.38,2026-03-25,Completed
1668,2672,Taha,Beauty,6,559.51,2025-10-01,Completed
1669,2255,Kiran,Clothing,2,913.89,2025-12-16,Completed
1670,2263,Zain,Clothing,3,741.99,2025-08-15,Completed
1671,1659,Ahmed,Sports,10,1596.05,2026-03-26,Cancelled
1672,1841,Hamza,Toys,4,1471.61,2025-10-04,Pending
1673,2529,Fatima,Home,9,188.96,2025-04-06,Cancelled
1674,2400,Danish,Home,10,79.93,2026-04-15,Returned
1675,2341,Hassan,Toys,2,762.51,2025-06-29,Cancelled
1676,2822,Fatima,Home,7,245.93,2025-11-03,Cancelled
1677,2070,Ahmed,Beauty,6,687.11,2025-11-01,Completed
1678,1025,Ayesha,Groceries,1,1251.42,2025-11-05,Completed
1679,1799,Laiba,Home,2,1398.69,2025-12-03,Returned
1680,1088,Ali,Toys,9,52.02,2025-03-09,Returned
1681,2425,Fatima,Clothing,4,1042.32,2025-01-01,Cancelled
1682,1531,Maham,Groceries,9,1075.65,2025-09-25,Completed
1683,2606,Sara,Home,10,1126.86,2025-10-07,Cancelled
1684,2333,Maham,Electronics,1,272.04,2026-02-21,Returned
1685,1589,Bilal,Groceries,5,1925.69,2026-04-03,Cancelled
1686,2323,Hamza,Clothing,1,1789.22,2025-12-01,Completed
1687,1873,Danish,Beauty,8,1834.27,2025-10-23,Pending
1688,1028,Ayesha,Groceries,3,1332.22,2025-06-27,Completed
1689,2620,Omar,Electronics,3,388.84,2025-05-03,Cancelled
1690,1044,Ahmed,Electronics,8,824.36,2025-02-02,Returned
1691,1866,Hassan,Beauty,9,1966.19,2026-04-07,Completed
1692,1245,Hassan,Groceries,10,1426.31,2025-01-26,Returned
1693,2303,Hina,Beauty,8,1623.97,2025-04-02,Cancelled
1694,2729,Hassan,Home,6,949.38,2025-04-09,Pending
1695,2051,Sana,Books,6,1417.04,2025-03-28,Returned
1696,2187,Taha,Books,1,91.81,2025-08-27,Cancelled
1697,1264,Usman,Electronics,2,705.18,2026-04-05,Pending
1698,1237,Kiran,Clothing,4,1149.62,2025-03-26,Cancelled
1699,2767,Taha,Groceries,4,988.67,2025-02-22,Returned
1700,2876,Ahmed,Clothing,2,1734.19,2026-01-04,Completed
1701,1783,Ahmed,Clothing,3,460.44,2025-12-26,Returned
1702,2367,Hina,Electronics,5,721.18,2025-05-07,Cancelled
1703,1607,Sana,Clothing,6,1496.68,2025-03-28,Completed
1704,2615,Laiba,Sports,6,390.31,2025-07-19,Pending
1705,1553,Laiba,Sports,4,579.26,2025-03-21,Returned
1706,1919,Ali,Clothing,8,1619.48,2025-03-16,Returned
1707,1395,Ahmed,Clothing,8,1834.24,2025-07-21,Returned
1708,1409,Ali,Beauty,4,1044.13,2026-04-23,Returned
1709,2585,Hina,Beauty,8,1269.32,2025-02-28,Returned
1710,2895,Taha,Groceries,3,99.87,2025-03-07,Cancelled
1711,2078,Kiran,Sports,3,1280.78,2025-03-23,Completed
1712,2101,Laiba,Electronics,3,1744.81,2026-02-11,Cancelled
1713,1379,Danish,Toys,1,1129.81,2025-09-30,Completed
1714,2015,Ali,Sports,7,86.03,2025-05-15,Pending
1715,2967,Taha,Home,8,1395.45,2025-05-03,Cancelled
1716,2745,Sara,Books,2,1895.77,2025-04-01,Completed
1717,1158,Taha,Home,9,1040.7,2026-02-07,Completed
1718,2230,Omar,Sports,9,1790.12,2026-04-06,Returned
1719,1503,Usman,Electronics,7,703.89,2025-07-01,Returned
1720,2059,Hassan,Toys,1,1327.28,2025-03-28,Cancelled
1721,1977,Laiba,Sports,9,999.44,2025-05-30,Pending
1722,1960,Ayesha,Books,7,420.57,2025-12-21,Returned
1723,2579,Maham,Toys,9,1821.13,2025-03-15,Pending
1724,1400,Hassan,Home,10,812.52,2026-03-01,Pending
1725,2294,Iqra,Books,7,1147.63,2025-06-22,Completed
1726,1996,Maham,Sports,8,90.19,2025-02-04,Pending
1727,1844,Kiran,Clothing,8,697.03,2026-03-27,Completed
1728,1330,Ahmed,Beauty,9,1528.81,2025-05-04,Cancelled
1729,1029,Sana,Electronics,7,391.68,2025-08-04,Returned
1730,2820,Taha,Clothing,4,1825.87,2025-05-10,Cancelled
1731,2753,Kiran,Toys,3,1638.62,2026-04-04,Pending
1732,2539,Ali,Electronics,7,606.74,2025-07-03,Returned
1733,2392,Taha,Groceries,3,1732.92,2025-10-10,Returned
1734,2497,Ayesha,Sports,1,1016.37,2025-07-21,Cancelled
1735,1795,Fatima,Books,1,1706.38,2025-06-28,Cancelled
1736,2790,Usman,Books,4,139.7,2026-04-17,Cancelled
1737,1615,Hassan,Sports,6,593.76,2025-05-30,Completed
1738,1375,Fatima,Home,3,1410.3,2025-05-11,Returned
1739,1044,Ali,Sports,9,213.82,2026-04-15,Returned
1740,2936,Zain,Groceries,8,1947.7,2025-06-16,Returned
1741,1706,Laiba,Groceries,10,1895.65,2025-11-02,Cancelled
1742,1586,Danish,Clothing,7,153.99,2025-12-13,Pending
1743,2230,Sana,Electronics,10,497.11,2025-08-14,Returned
1744,1517,Ali,Home,6,1574.4,2026-04-16,Completed
1745,1700,Omar,Beauty,10,786.75,2025-11-17,Completed
1746,2395,Taha,Sports,5,1207.58,2025-01-18,Returned
1747,1057,Sara,Beauty,8,1475.9,2025-03-30,Pending
1748,2337,Taha,Groceries,9,938.39,2025-12-22,Completed
1749,1375,Fatima,Groceries,5,295.32,2025-06-07,Completed
1750,2820,Laiba,Electronics,10,237.16,2025-02-03,Pending
1751,2833,Sana,Electronics,1,1569.32,2025-12-15,Returned
1752,2277,Sara,Clothing,7,1691.12,2025-10-11,Returned
1753,2111,Iqra,Electronics,9,1446.66,2025-02-03,Completed
1754,2334,Hamza,Books,7,627.95,2025-05-30,Pending
1755,1127,Fatima,Books,9,1541.85,2025-05-30,Pending
1756,1559,Maham,Books,5,391.04,2025-10-05,Returned
1757,2419,Bilal,Clothing,2,1540.58,2026-02-12,Cancelled
1758,1912,Usman,Sports,4,605.12,2025-11-15,Cancelled
1759,2839,Ahmed,Sports,8,582.64,2025-12-28,Cancelled
1760,2893,Fatima,Electronics,10,828.84,2025-01-26,Cancelled
1761,1477,Danish,Groceries,9,186.3,2025-05-25,Completed
1762,1329,Danish,Sports,1,155.74,2025-01-14,Completed
1763,2502,Noor,Books,6,1352.7,2025-05-09,Pending
1764,2562,Noor,Books,2,1402.33,2026-01-26,Completed
1765,2053,Hina,Books,9,1039.56,2025-03-12,Completed
1766,2912,Laiba,Groceries,6,1896.69,2025-12-22,Returned
1767,2634,Kiran,Books,5,349.3,2026-03-25,Returned
1768,1724,Hassan,Beauty,9,1238.88,2025-10-24,Pending
1769,1268,Zain,Home,8,743.01,2026-02-22,Cancelled
1770,2792,Maham,Home,9,977.45,2026-02-27,Returned
1771,2460,Ayesha,Books,9,91.87,2026-01-31,Pending
1772,1140,Noor,Electronics,9,225.34,2025-10-07,Returned
1773,2760,Omar,Electronics,9,246.37,2026-01-23,Completed
1774,1418,Omar,Sports,1,1199.4,2026-02-05,Pending
1775,2071,Hassan,Books,8,1556.1,2026-04-30,Cancelled
1776,2253,Taha,Home,8,1412.33,2025-05-31,Cancelled
1777,2874,Hamza,Groceries,10,1859.18,2026-04-17,Completed
1778,2045,Ahmed,Groceries,2,1824.62,2025-04-28,Cancelled
1779,2356,Usman,Groceries,3,295.43,2025-06-07,Completed
1780,2945,Maham,Home,1,806.6,2025-03-28,Cancelled
1781,1092,Bilal,Clothing,10,486.42,2025-03-20,Cancelled
1782,1706,Hassan,Books,7,386.68,2026-02-28,Completed
1783,1414,Ahmed,Beauty,9,915.54,2025-10-31,Pending
1784,1821,Ayesha,Home,10,1195.52,2025-04-01,Cancelled
1785,2315,Danish,Home,8,901.18,2025-05-18,Pending
1786,2879,Ali,Electronics,3,1420.24,2025-11-06,Pending
1787,2104,Maham,Home,1,1174.77,2026-03-15,Returned
1788,2744,Zain,Sports,8,578.53,2025-02-19,Pending
1789,2518,Ahmed,Groceries,5,1953.23,2025-10-29,Pending
1790,1186,Zain,Beauty,10,148.54,2025-12-28,Pending
1791,2689,Usman,Books,6,1046.32,2025-02-27,Cancelled
1792,2148,Kiran,Electronics,4,743.63,2025-01-01,Completed
1793,1556,Omar,Books,4,1152.6,2026-02-05,Returned
1794,2936,Fatima,Home,2,303.37,2026-04-09,Cancelled
1795,1173,Maham,Clothing,1,1684.98,2026-03-10,Returned
1796,2364,Kiran,Home,5,554.93,2025-05-18,Completed
1797,1335,Iqra,Groceries,9,1301.15,2025-08-20,Cancelled
1798,2704,Maham,Beauty,1,700.63,2025-10-23,Pending
1799,1696,Taha,Groceries,7,972.16,2025-04-22,Returned
1800,1771,Usman,Toys,9,1857.95,2025-02-04,Pending
1801,2432,Usman,Home,5,228.25,2026-04-29,Completed
1802,2852,Danish,Books,2,652.56,2026-01-31,Completed
1803,2977,Zain,Electronics,6,1091.72,2025-10-22,Cancelled
1804,2783,Laiba,Clothing,9,465.05,2025-07-14,Returned
1805,2954,Sana,Sports,3,1472.66,2025-05-26,Completed
1806,2129,Sara,Toys,4,1999.62,2025-03-05,Pending
1807,2697,Ahmed,Groceries,9,1060.64,2025-10-20,Returned
1808,1283,Hamza,Books,2,612.49,2026-02-09,Returned
1809,1832,Usman,Clothing,1,1470.58,2025-06-19,Pending
1810,2890,Hassan,Books,7,830.57,2025-12-02,Completed
1811,2052,Omar,Books,2,1016.47,2026-04-25,Returned
1812,2879,Noor,Home,8,1465.1,2026-01-19,Pending
1813,1250,Ali,Clothing,3,640.0,2025-03-25,Cancelled
1814,1492,Zain,Electronics,5,677.52,2026-01-01,Returned
1815,2592,Danish,Groceries,2,1818.31,2025-03-28,Returned
1816,1954,Bilal,Clothing,1,1775.6,2025-02-18,Pending
1817,1053,Taha,Books,6,66.81,2025-10-24,Returned
1818,1124,Zain,Groceries,9,1201.55,2025-01-16,Completed
1819,1126,Zain,Toys,7,467.79,2025-07-28,Cancelled
1820,2499,Hassan,Electronics,10,1000.01,2025-01-14,Cancelled
1821,1039,Usman,Sports,10,1214.75,2025-12-12,Pending
1822,1938,Hina,Beauty,5,1327.77,2026-02-02,Completed
1823,2366,Hamza,Clothing,6,316.99,2025-08-13,Completed
1824,2273,Laiba,Beauty,4,201.39,2025-06-12,Completed
1825,2392,Kiran,Toys,7,1837.97,2025-08-14,Cancelled
1826,2092,Taha,Books,7,912.63,2025-08-03,Cancelled
1827,2822,Taha,Home,8,902.25,2025-08-25,Completed
1828,2540,Hina,Electronics,8,574.01,2025-07-10,Pending
1829,2092,Bilal,Clothing,3,867.07,2025-07-08,Returned
1830,2809,Usman,Books,6,1364.74,2026-03-19,Pending
1831,2480,Usman,Electronics,1,687.78,2025-10-09,Completed
1832,1762,Ahmed,Home,7,1416.85,2025-06-30,Cancelled
1833,1215,Laiba,Electronics,9,55.42,2026-04-15,Pending
1834,2197,Sana,Toys,10,1192.85,2025-05-27,Completed
1835,2498,Sara,Toys,2,1079.47,2026-04-23,Returned
1836,2219,Maham,Sports,4,1766.77,2025-01-11,Cancelled
1837,1812,Laiba,Groceries,7,1304.72,2025-11-17,Pending
1838,1288,Ahmed,Toys,7,1307.33,2025-06-09,Cancelled
1839,1554,Hina,Toys,4,567.77,2025-05-26,Completed
1840,1050,Ahmed,Groceries,6,193.69,2026-02-12,Cancelled
1841,1720,Usman,Electronics,6,1198.98,2026-01-10,Pending
1842,2256,Hina,Books,4,439.37,2025-12-18,Returned
1843,1935,Bilal,Clothing,1,524.94,2026-04-05,Returned
1844,2832,Laiba,Groceries,4,1284.58,2025-02-11,Cancelled
1845,1421,Danish,Clothing,2,1146.02,2025-05-22,Cancelled
1846,2128,Omar,Sports,2,1538.09,2025-01-04,Completed
1847,2523,Ayesha,Sports,8,742.31,2026-02-16,Completed
1848,1204,Zain,Electronics,5,949.56,2025-03-15,Cancelled
1849,1493,Taha,Clothing,2,1585.28,2025-07-28,Returned
1850,1088,Fatima,Books,1,835.77,2025-03-27,Returned
1851,1701,Laiba,Electronics,10,1388.38,2026-04-18,Cancelled
1852,2630,Sara,Sports,7,820.34,2025-09-16,Completed
1853,2504,Hina,Electronics,3,1297.71,2025-04-18,Pending
1854,2079,Hina,Clothing,5,1158.98,2025-11-23,Completed
1855,1873,Noor,Clothing,4,547.95,2026-01-18,Cancelled
1856,2384,Hamza,Electronics,10,504.74,2025-09-14,Returned
1857,2704,Ali,Books,1,1138.61,2026-02-06,Returned
1858,2554,Ahmed,Home,1,916.84,2025-08-18,Cancelled
1859,1571,Iqra,Clothing,4,1354.32,2026-03-10,Cancelled
1860,1872,Iqra,Electronics,6,1397.67,2025-02-26,Completed
1861,1230,Kiran,Beauty,7,407.62,2026-01-30,Pending
1862,1544,Fatima,Clothing,3,1657.56,2026-03-14,Cancelled
1863,1062,Bilal,Beauty,7,1183.74,2025-06-24,Completed
1864,1405,Taha,Clothing,6,1211.23,2025-12-29,Returned
1865,2161,Laiba,Home,2,931.58,2026-01-17,Completed
1866,2227,Maham,Toys,9,1826.48,2025-09-18,Returned
1867,2758,Laiba,Home,4,94.36,2025-02-03,Pending
1868,2035,Kiran,Beauty,5,753.79,2025-12-18,Returned
1869,1785,Noor,Clothing,7,1581.65,2025-11-09,Cancelled
1870,2164,Maham,Electronics,4,983.0,2025-09-18,Completed
1871,1332,Laiba,Home,10,1859.88,2025-09-10,Returned
1872,2554,Ayesha,Home,6,1613.44,2025-11-27,Completed
1873,2114,Ahmed,Toys,2,802.35,2025-12-10,Pending
1874,2894,Sara,Toys,5,1516.05,2026-02-17,Completed
1875,2434,Omar,Home,6,1500.21,2026-04-11,Returned
1876,1530,Hamza,Clothing,10,386.3,2025-01-03,Completed
1877,2632,Iqra,Clothing,4,1105.57,2025-01-26,Returned
1878,2006,Ayesha,Sports,1,1412.26,2025-04-02,Pending
1879,2138,Bilal,Beauty,1,1419.41,2025-10-30,Cancelled
1880,1486,Taha,Sports,1,609.2,2025-11-01,Completed
1881,1486,Hassan,Home,1,169.93,2025-01-29,Completed
1882,2875,Laiba,Beauty,8,1672.3,2025-09-03,Cancelled
1883,1078,Hassan,Home,1,1420.73,2025-11-03,Returned
1884,2449,Ahmed,Beauty,6,1897.57,2025-03-16,Returned
1885,1971,Sara,Groceries,3,524.17,2025-11-11,Cancelled
1886,2925,Zain,Groceries,5,1957.19,2026-01-11,Pending
1887,1026,Danish,Beauty,8,280.87,2025-01-28,Cancelled
1888,1229,Sana,Clothing,5,468.34,2025-06-07,Returned
1889,1304,Sara,Electronics,2,1545.03,2025-11-23,Pending
1890,1677,Ali,Toys,6,870.33,2025-07-23,Pending
1891,2067,Ali,Toys,5,436.84,2026-03-29,Returned
1892,2192,Kiran,Sports,2,957.42,2025-03-18,Cancelled
1893,2414,Danish,Sports,10,190.76,2025-11-17,Completed
1894,1841,Ali,Groceries,6,1774.28,2026-01-15,Cancelled
1895,2644,Hina,Home,7,696.68,2025-03-10,Returned
1896,2178,Maham,Home,9,1616.54,2025-06-01,Pending
1897,1800,Maham,Beauty,9,541.49,2025-12-09,Completed
1898,2313,Zain,Electronics,6,811.5,2025-04-13,Completed
1899,1173,Hassan,Clothing,5,1545.44,2025-08-16,Completed
1900,1851,Zain,Books,6,912.16,2025-06-09,Completed
1901,1787,Bilal,Groceries,7,895.74,2026-01-25,Cancelled
1902,1781,Laiba,Home,7,520.41,2026-02-18,Completed
1903,1086,Ali,Beauty,5,234.38,2025-11-24,Returned
1904,1257,Sara,Books,8,255.13,2025-05-18,Returned
1905,2526,Kiran,Home,2,888.83,2025-09-22,Returned
1906,1418,Sana,Sports,7,1416.56,2025-10-21,Cancelled
1907,1310,Hina,Home,2,1759.97,2025-06-30,Pending
1908,1085,Bilal,Beauty,6,742.94,2025-05-19,Returned
1909,2954,Hassan,Home,2,1833.6,2025-02-20,Cancelled
1910,2364,Ayesha,Clothing,7,1046.75,2025-07-14,Completed
1911,2837,Laiba,Electronics,8,1164.12,2025-03-15,Completed
1912,1704,Sara,Sports,8,1544.13,2025-07-20,Completed
1913,2492,Taha,Home,10,327.36,2025-05-01,Completed
1914,2864,Hina,Home,6,804.72,2025-10-11,Returned
1915,1085,Bilal,Books,3,883.91,2025-07-03,Returned
1916,2036,Taha,Books,7,84.89,2025-03-14,Returned
1917,2882,Sana,Groceries,8,1146.71,2025-12-07,Returned
1918,2740,Sana,Electronics,7,1829.0,2025-07-25,Cancelled
1919,1143,Omar,Toys,8,1615.24,2025-04-14,Pending
1920,2284,Omar,Clothing,10,1524.3,2026-03-17,Completed
1921,1602,Ahmed,Home,3,98.39,2025-07-08,Returned
1922,1572,Ayesha,Beauty,7,302.78,2025-04-07,Pending
1923,2494,Iqra,Books,10,240.32,2025-08-21,Pending
1924,1719,Iqra,Groceries,8,1166.48,2025-12-20,Cancelled
1925,2614,Danish,Electronics,1,392.37,2026-04-26,Pending
1926,1169,Ali,Home,10,1807.26,2025-06-19,Returned
1927,1191,Hassan,Sports,2,848.74,2025-10-17,Cancelled
1928,2453,Danish,Home,9,1507.11,2026-02-26,Pending
1929,2873,Usman,Electronics,3,714.69,2025-09-15,Completed
1930,1320,Bilal,Books,2,1707.43,2025-06-08,Completed
1931,2419,Taha,Electronics,6,1070.34,2025-03-03,Returned
1932,2504,Fatima,Groceries,8,760.91,2025-12-20,Returned
1933,2769,Danish,Sports,10,1915.03,2025-03-06,Cancelled
1934,1236,Bilal,Toys,7,669.07,2025-02-18,Returned
1935,1910,Usman,Groceries,2,411.7,2025-06-19,Completed
1936,1006,Maham,Books,5,1781.36,2025-06-21,Completed
1937,2319,Hamza,Groceries,4,744.1,2025-06-06,Completed
1938,2468,Danish,Groceries,3,624.03,2025-10-06,Pending
1939,2592,Ayesha,Beauty,7,1493.71,2025-04-30,Cancelled
1940,2402,Laiba,Home,7,667.65,2025-09-18,Cancelled
1941,2066,Ahmed,Sports,2,317.07,2026-04-29,Pending
1942,1473,Fatima,Toys,8,730.75,2025-12-29,Cancelled
1943,1140,Taha,Electronics,5,1028.72,2025-09-05,Cancelled
1944,1953,Hamza,Toys,4,1688.35,2025-02-10,Cancelled
1945,2930,Bilal,Groceries,10,1755.43,2025-04-06,Cancelled
1946,1131,Ayesha,Books,7,946.6,2025-02-26,Completed
1947,1406,Noor,Home,3,1349.29,2025-05-06,Cancelled
1948,2582,Hina,Electronics,10,1986.81,2025-01-30,Cancelled
1949,2086,Ahmed,Clothing,5,1770.67,2025-02-16,Pending
1950,2476,Ali,Books,2,1927.7,2025-07-31,Cancelled
1951,2925,Noor,Clothing,9,63.64,2025-03-21,Pending
1952,2587,Taha,Sports,9,1754.18,2026-02-22,Pending
1953,2938,Sana,Toys,4,1834.33,2026-01-21,Returned
1954,1549,Hina,Toys,4,1496.79,2025-12-28,Cancelled
1955,1137,Maham,Groceries,9,1530.26,2026-02-11,Pending
1956,2668,Hina,Clothing,10,969.8,2025-05-16,Completed
1957,1985,Hamza,Sports,8,269.43,2025-01-16,Returned
1958,2639,Ayesha,Books,9,394.48,2025-01-13,Completed
1959,2082,Taha,Books,7,1452.07,2025-04-30,Cancelled
1960,1900,Kiran,Beauty,7,510.77,2025-05-30,Pending
1961,1044,Zain,Sports,3,683.51,2025-12-07,Completed
1962,1504,Fatima,Clothing,4,149.95,2025-10-29,Returned
1963,3000,Sara,Clothing,4,1916.79,2025-05-09,Cancelled
1964,1673,Taha,Sports,6,1038.87,2026-01-02,Cancelled
1965,1367,Ahmed,Sports,4,1526.98,2025-04-16,Returned
1966,1439,Usman,Clothing,10,799.37,2025-04-04,Returned
1967,1463,Danish,Electronics,5,667.4,2025-05-03,Completed
1968,1666,Ahmed,Groceries,10,198.9,2026-01-05,Completed
1969,2168,Taha,Beauty,6,235.44,2026-03-19,Cancelled
1970,1252,Ayesha,Toys,8,851.37,2026-01-05,Pending
1971,1359,Noor,Books,5,143.12,2026-01-28,Pending
1972,1361,Fatima,Toys,5,1449.72,2026-04-24,Cancelled
1973,2723,Ali,Clothing,3,830.97,2025-11-27,Completed
1974,1842,Danish,Beauty,1,441.8,2025-07-20,Returned
1975,1423,Ayesha,Toys,3,90.55,2026-03-23,Cancelled
1976,2416,Laiba,Groceries,9,1633.98,2025-03-28,Returned
1977,1841,Laiba,Beauty,3,576.32,2026-01-23,Pending
1978,2715,Laiba,Clothing,1,684.25,2025-01-31,Returned
1979,1404,Omar,Clothing,10,1252.5,2026-02-16,Cancelled
1980,2182,Ayesha,Toys,2,509.67,2025-12-27,Returned
1981,2367,Usman,Groceries,7,1338.76,2025-03-20,Completed
1982,2550,Iqra,Groceries,2,1168.27,2025-08-01,Completed
1983,1307,Hamza,Sports,5,1496.07,2025-06-04,Returned
1984,1263,Noor,Toys,5,1081.15,2025-10-25,Returned
1985,2123,Sana,Beauty,10,1037.98,2025-11-20,Completed
1986,1922,Maham,Groceries,5,388.34,2026-02-26,Returned
1987,2778,Bilal,Beauty,9,1976.85,2025-06-21,Cancelled
1988,1788,Kiran,Books,10,827.95,2025-03-14,Completed
1989,1940,Ahmed,Sports,7,1256.05,2025-11-29,Returned
1990,2115,Zain,Toys,4,1168.8,2026-04-15,Completed
1991,2464,Usman,Toys,10,1509.31,2026-01-19,Cancelled
1992,1929,Fatima,Sports,5,554.48,2025-12-23,Cancelled
1993,2402,Maham,Toys,8,1962.06,2025-04-25,Pending
1994,2854,Usman,Home,10,421.78,2025-03-10,Cancelled
1995,1904,Sana,Home,9,1031.56,2025-12-31,Cancelled
1996,1266,Zain,Beauty,2,527.9,2026-01-25,Cancelled
1997,2281,Laiba,Home,10,95.21,2026-01-22,Returned
1998,1778,Maham,Groceries,9,369.76,2025-10-23,Pending
1999,1983,Laiba,Electronics,9,556.23,2025-04-26,Pending
2000,1827,Laiba,Clothing,6,1902.4,2025-06-19,Completed
2001,1042,Ahmed,Sports,8,450.95,2025-06-22,Cancelled
2002,2728,Iqra,Beauty,1,533.66,2025-04-08,Pending
2003,1518,Taha,Sports,1,767.87,2025-04-30,Completed
2004,1218,Hamza,Books,1,1313.2,2025-06-18,Completed
2005,1569,Iqra,Groceries,10,1030.33,2025-10-20,Cancelled
2006,1350,Zain,Clothing,4,293.08,2025-08-01,Pending
2007,1299,Danish,Home,7,169.59,2025-05-30,Returned
2008,2913,Hamza,Toys,8,1187.58,2025-05-31,Completed
2009,1169,Kiran,Sports,2,1861.45,2025-01-04,Cancelled
2010,1172,Sara,Beauty,7,1496.24,2025-01-05,Completed
2011,1516,Zain,Groceries,6,326.99,2026-01-21,Pending
2012,2063,Noor,Sports,2,95.74,2025-09-08,Returned
2013,2127,Noor,Clothing,6,1665.62,2025-08-04,Cancelled
2014,1775,Laiba,Groceries,9,1633.31,2025-05-19,Pending
2015,2892,Kiran,Toys,9,1960.03,2025-09-17,Completed
2016,2009,Zain,Home,1,390.21,2025-12-29,Returned
2017,2399,Laiba,Sports,6,949.74,2026-04-26,Completed
2018,2540,Hamza,Groceries,7,1438.46,2025-04-13,Pending
2019,2271,Usman,Electronics,7,1716.82,2026-01-11,Returned
2020,1907,Iqra,Electronics,2,1187.35,2025-12-08,Returned
2021,1536,Noor,Toys,1,592.76,2026-03-15,Completed
2022,2180,Iqra,Books,4,132.93,2025-04-04,Completed
2023,1069,Bilal,Clothing,4,1722.94,2025-03-13,Completed
2024,2138,Iqra,Electronics,10,886.35,2026-01-27,Cancelled
2025,2084,Usman,Home,10,136.1,2025-12-27,Completed
2026,2172,Maham,Electronics,6,885.85,2025-07-09,Pending
2027,1804,Fatima,Clothing,5,1317.81,2025-07-17,Returned
2028,2100,Kiran,Beauty,9,1501.94,2025-03-14,Completed
2029,1145,Danish,Books,9,1109.79,2026-02-17,Completed
2030,2857,Hamza,Electronics,3,263.28,2025-07-03,Cancelled
2031,2459,Usman,Beauty,6,1455.01,2026-03-11,Cancelled
2032,1415,Hassan,Groceries,8,1371.42,2025-09-14,Cancelled
2033,2046,Ali,Beauty,8,1769.99,2025-02-15,Returned
2034,1634,Ayesha,Toys,5,376.45,2025-07-17,Completed
2035,2220,Omar,Toys,1,1994.11,2025-06-11,Cancelled
2036,1994,Hamza,Books,5,1004.41,2025-08-21,Cancelled
2037,1567,Hassan,Home,1,930.58,2025-02-07,Returned
2038,1522,Danish,Toys,7,176.43,2025-04-01,Cancelled
2039,2221,Iqra,Beauty,10,986.09,2025-10-02,Completed
2040,2102,Sara,Toys,4,779.55,2025-07-13,Cancelled
2041,2256,Hamza,Sports,7,1550.22,2025-04-02,Cancelled
2042,1983,Noor,Electronics,7,723.34,2026-01-26,Pending
2043,1724,Usman,Home,8,836.47,2025-03-09,Cancelled
2044,2502,Iqra,Toys,3,784.1,2025-02-06,Completed
2045,1609,Ali,Toys,3,949.32,2025-01-17,Returned
2046,1390,Sana,Books,7,544.7,2026-03-22,Pending
2047,2268,Bilal,Electronics,6,822.61,2026-01-13,Cancelled
2048,2138,Fatima,Home,5,633.98,2025-06-07,Pending
2049,1239,Danish,Beauty,7,1404.24,2025-01-02,Cancelled
2050,1396,Usman,Clothing,3,381.17,2025-12-03,Completed
2051,2113,Noor,Beauty,1,438.99,2025-02-24,Cancelled
2052,1133,Sara,Home,8,367.84,2025-09-03,Pending
2053,2355,Noor,Beauty,9,1274.1,2026-03-31,Returned
2054,2189,Hassan,Beauty,4,678.14,2025-03-29,Cancelled
2055,2037,Hamza,Electronics,8,528.87,2025-07-23,Returned
2056,1346,Ahmed,Groceries,5,318.43,2025-03-13,Pending
2057,1659,Hina,Groceries,6,1633.97,2025-09-02,Completed
2058,1737,Ali,Home,1,691.14,2025-07-24,Completed
2059,2213,Hina,Groceries,10,1979.54,2025-08-11,Pending
2060,1680,Ahmed,Books,7,1055.86,2025-09-24,Cancelled
2061,2685,Danish,Home,4,372.62,2025-01-21,Completed
2062,1991,Noor,Books,2,894.46,2026-04-19,Cancelled
2063,1559,Usman,Beauty,3,429.24,2025-02-27,Pending
2064,2579,Usman,Groceries,8,142.98,2025-06-16,Completed
2065,1628,Usman,Books,7,815.87,2026-01-24,Completed
2066,1267,Maham,Home,2,1852.22,2026-04-08,Completed
2067,2216,Bilal,Beauty,2,1803.05,2025-08-19,Cancelled
2068,1595,Bilal,Home,1,224.66,2025-02-16,Completed
2069,2417,Iqra,Clothing,9,351.38,2025-11-07,Returned
2070,2847,Zain,Books,2,734.46,2025-02-23,Cancelled
2071,2219,Ahmed,Home,10,1770.03,2025-12-07,Pending
2072,1095,Hamza,Toys,2,61.92,2025-12-05,Returned
2073,1003,Ayesha,Groceries,2,513.91,2025-03-27,Returned
2074,2588,Danish,Books,9,1599.84,2026-01-11,Pending
2075,2894,Ali,Sports,1,1740.68,2026-02-18,Returned
2076,1330,Hassan,Toys,3,731.89,2025-08-27,Completed
2077,1105,Hamza,Beauty,6,1774.89,2025-04-18,Returned
2078,1017,Taha,Toys,9,1584.84,2025-08-27,Returned
2079,1751,Taha,Groceries,6,738.29,2026-03-17,Returned
2080,1921,Taha,Toys,5,1311.17,2025-12-04,Pending
2081,1706,Hassan,Sports,7,510.24,2026-01-14,Cancelled
2082,2978,Ali,Beauty,4,1504.95,2026-01-21,Cancelled
2083,1054,Ayesha,Groceries,3,594.72,2025-05-26,Completed
2084,1113,Danish,Sports,2,1523.16,2026-04-13,Cancelled
2085,1878,Bilal,Toys,5,1465.15,2025-08-08,Returned
2086,2348,Iqra,Groceries,2,968.13,2026-04-16,Cancelled
2087,1098,Fatima,Books,3,940.87,2026-04-02,Pending
2088,2583,Fatima,Toys,1,292.32,2026-02-21,Returned
2089,2284,Laiba,Electronics,7,511.21,2026-02-03,Returned
2090,1719,Omar,Beauty,8,1680.52,2025-02-10,Returned
2091,2047,Hina,Toys,4,410.68,2025-08-23,Cancelled
2092,1999,Maham,Groceries,4,1486.55,2026-02-26,Returned
2093,1361,Ali,Electronics,3,1445.62,2025-10-19,Cancelled
2094,2322,Ahmed,Groceries,1,1001.28,2025-07-31,Cancelled
2095,2433,Taha,Clothing,1,1646.26,2025-08-06,Completed
2096,2036,Omar,Toys,5,1156.83,2026-04-26,Returned
2097,1866,Hamza,Clothing,4,471.59,2026-03-03,Returned
2098,1541,Noor,Electronics,8,1261.56,2026-01-16,Completed
2099,1687,Omar,Toys,1,533.05,2025-03-31,Returned
2100,1837,Hamza,Books,8,533.46,2025-02-27,Pending
2101,1915,Hassan,Toys,2,947.81,2025-12-03,Cancelled
2102,1954,Kiran,Books,3,569.37,2025-12-23,Completed
2103,2916,Usman,Groceries,7,1947.21,2025-12-08,Returned
2104,2838,Hamza,Electronics,2,596.73,2025-09-19,Completed
2105,2568,Maham,Electronics,3,686.98,2025-01-29,Completed
2106,1465,Usman,Books,10,1550.43,2026-03-18,Returned
2107,2001,Maham,Beauty,10,682.34,2025-08-31,Cancelled
2108,2435,Hina,Clothing,2,455.95,2025-10-09,Completed
2109,1243,Taha,Clothing,8,618.33,2026-01-27,Completed
2110,1501,Ayesha,Groceries,2,937.66,2025-03-21,Cancelled
2111,1666,Iqra,Clothing,7,1332.82,2025-11-26,Pending
2112,2524,Kiran,Books,2,1276.74,2025-11-11,Returned
2113,1130,Zain,Sports,3,1607.9,2026-04-03,Cancelled
2114,1080,Taha,Toys,5,358.17,2025-04-21,Returned
2115,2583,Omar,Sports,4,1942.27,2025-01-07,Returned
2116,1767,Ali,Clothing,10,202.67,2025-07-01,Pending
2117,2168,Noor,Books,8,475.07,2026-02-19,Completed
2118,1054,Usman,Clothing,8,1043.49,2025-04-15,Completed
2119,2025,Fatima,Home,5,1592.92,2025-11-04,Completed
2120,2615,Zain,Groceries,6,1791.92,2025-01-28,Cancelled
2121,2501,Hassan,Sports,1,1571.84,2025-04-07,Completed
2122,1691,Hassan,Electronics,10,1041.66,2025-01-10,Pending
2123,2941,Zain,Books,10,1490.31,2025-06-09,Cancelled
2124,1080,Iqra,Clothing,9,926.05,2025-08-02,Completed
2125,1538,Kiran,Home,1,1483.44,2025-02-10,Completed
2126,2194,Bilal,Books,7,741.04,2025-09-01,Completed
2127,2501,Hamza,Groceries,5,1777.54,2025-05-22,Returned
2128,2698,Hassan,Beauty,3,707.71,2025-10-19,Returned
2129,2080,Omar,Sports,4,171.77,2026-02-28,Pending
2130,1646,Maham,Toys,4,897.14,2025-11-10,Pending
2131,1299,Laiba,Clothing,2,728.52,2025-07-25,Completed
2132,1721,Hassan,Home,3,696.71,2026-01-05,Pending
2133,2344,Hina,Beauty,9,1334.41,2025-10-14,Cancelled
2134,1551,Zain,Home,9,1011.87,2025-03-22,Returned
2135,2864,Kiran,Electronics,3,250.75,2026-03-17,Pending
2136,2429,Usman,Groceries,7,844.54,2026-01-27,Pending
2137,2988,Usman,Groceries,5,224.6,2025-06-26,Returned
2138,1543,Bilal,Beauty,3,1090.96,2025-06-25,Cancelled
2139,2820,Hassan,Sports,5,1525.12,2025-10-17,Cancelled
2140,1275,Ahmed,Clothing,1,1484.03,2025-02-19,Pending
2141,1388,Hina,Home,8,1942.18,2025-03-14,Returned
2142,1852,Ali,Books,6,560.58,2025-11-30,Pending
2143,1495,Sara,Electronics,2,440.33,2025-05-28,Returned
2144,1933,Laiba,Home,4,1034.17,2026-04-18,Completed
2145,2461,Sara,Sports,8,106.48,2025-04-27,Pending
2146,1964,Hamza,Beauty,1,573.35,2025-09-05,Cancelled
2147,2974,Danish,Home,5,67.96,2025-09-25,Pending
2148,2028,Ali,Sports,4,1091.16,2025-05-29,Completed
2149,2731,Ahmed,Groceries,7,1515.22,2025-12-03,Completed
2150,1582,Hamza,Groceries,10,1235.46,2026-03-13,Pending
2151,1038,Ali,Beauty,3,254.4,2025-08-06,Cancelled
2152,2548,Noor,Books,2,1378.73,2025-11-13,Completed
2153,1829,Danish,Electronics,2,1307.16,2025-02-23,Returned
2154,1582,Laiba,Groceries,3,1213.33,2025-08-05,Cancelled
2155,2191,Hassan,Sports,4,1565.98,2026-02-14,Returned
2156,2244,Hamza,Beauty,3,1388.65,2025-07-24,Pending
2157,2362,Ali,Toys,8,923.68,2026-01-17,Pending
2158,1366,Fatima,Beauty,6,1049.4,2026-04-14,Returned
2159,1343,Iqra,Groceries,6,1539.84,2025-08-16,Returned
2160,2882,Omar,Home,7,566.53,2025-03-16,Pending
2161,2486,Ahmed,Books,6,723.62,2025-10-29,Returned
2162,1014,Sara,Clothing,4,347.57,2026-03-05,Returned
2163,2403,Danish,Books,3,915.94,2025-01-30,Pending
2164,2199,Kiran,Beauty,3,878.04,2025-06-06,Completed
2165,1030,Laiba,Groceries,2,901.21,2025-06-13,Pending
2166,1659,Sana,Books,9,411.95,2025-12-19,Pending
2167,2627,Danish,Beauty,7,1592.55,2025-07-05,Cancelled
2168,2872,Laiba,Beauty,7,1850.32,2025-05-01,Completed
2169,2571,Sana,Toys,8,148.85,2025-09-24,Pending
2170,2217,Noor,Books,7,1614.67,2026-02-06,Pending
2171,1710,Laiba,Beauty,7,1005.59,2025-09-01,Completed
2172,2047,Sana,Clothing,5,1789.46,2026-01-04,Pending
2173,2065,Kiran,Groceries,7,725.93,2025-06-19,Completed
2174,2779,Sara,Beauty,5,170.69,2025-12-12,Completed
2175,2038,Ayesha,Books,10,1987.21,2026-01-19,Cancelled
2176,1015,Usman,Home,6,1981.16,2026-04-12,Pending
2177,2222,Zain,Clothing,10,1869.22,2026-01-06,Pending
2178,2692,Hassan,Beauty,7,107.77,2025-01-12,Cancelled
2179,1173,Maham,Clothing,8,1484.69,2025-06-19,Completed
2180,2354,Noor,Books,8,1109.73,2025-01-17,Cancelled
2181,1529,Ayesha,Clothing,3,1372.53,2025-02-07,Pending
2182,2713,Danish,Beauty,2,896.2,2025-06-09,Returned
2183,2646,Hassan,Toys,1,504.76,2026-02-01,Returned
2184,1602,Hina,Books,8,1110.25,2025-10-20,Returned
2185,2806,Hamza,Toys,10,1986.88,2026-04-24,Completed
2186,1565,Ayesha,Clothing,7,1383.08,2025-10-28,Returned
2187,1496,Omar,Clothing,5,1321.32,2026-02-13,Cancelled
2188,1264,Fatima,Beauty,6,1966.37,2025-02-21,Completed
2189,1935,Sana,Home,3,1411.31,2025-11-02,Cancelled
2190,1760,Ali,Home,1,1827.65,2025-08-02,Pending
2191,2165,Kiran,Sports,10,427.86,2025-08-09,Completed
2192,1492,Usman,Electronics,2,729.44,2025-03-26,Pending
2193,1261,Zain,Sports,2,1859.94,2025-06-13,Returned
2194,2771,Sara,Electronics,6,127.44,2025-10-20,Cancelled
2195,1439,Fatima,Beauty,1,916.68,2025-07-17,Pending
2196,1751,Zain,Sports,6,231.77,2025-04-30,Returned
2197,1390,Ali,Clothing,5,1759.85,2025-11-26,Pending
2198,2842,Iqra,Books,10,360.19,2026-04-16,Returned
2199,2790,Sana,Electronics,6,1650.96,2025-08-04,Cancelled
2200,2522,Maham,Home,6,350.34,2025-08-05,Returned
2201,2076,Ali,Books,4,1484.24,2026-01-25,Returned
2202,2008,Noor,Beauty,7,1992.42,2025-09-24,Cancelled
2203,2748,Hassan,Clothing,6,204.72,2025-01-14,Returned
2204,1459,Ahmed,Groceries,6,1308.87,2025-01-27,Completed
2205,2506,Ahmed,Toys,8,1227.35,2026-04-28,Completed
2206,2432,Noor,Toys,5,1139.66,2025-12-19,Completed
2207,2655,Fatima,Home,6,1215.42,2025-01-04,Pending
2208,2497,Hassan,Home,7,419.92,2025-06-06,Cancelled
2209,1453,Sara,Books,7,783.46,2025-12-16,Returned
2210,2453,Kiran,Sports,2,1414.17,2025-05-24,Completed
2211,2722,Sana,Sports,6,376.95,2025-05-15,Returned
2212,1187,Hassan,Electronics,2,1274.44,2025-08-16,Cancelled
2213,1952,Usman,Home,5,777.47,2025-05-12,Returned
2214,2023,Sana,Groceries,9,162.09,2026-03-12,Pending
2215,1893,Hina,Home,5,1392.51,2025-11-08,Pending
2216,2485,Bilal,Groceries,8,590.92,2025-04-22,Returned
2217,1109,Zain,Sports,9,681.01,2025-02-27,Completed
2218,2121,Danish,Beauty,6,727.14,2025-03-29,Cancelled
2219,2643,Kiran,Clothing,8,1528.55,2026-04-23,Cancelled
2220,1221,Kiran,Electronics,7,947.0,2026-04-18,Returned
2221,1479,Zain,Beauty,7,1208.9,2025-03-06,Pending
2222,2750,Fatima,Sports,1,1828.68,2025-09-15,Completed
2223,2251,Usman,Electronics,5,1615.96,2025-03-12,Pending
2224,2479,Ayesha,Beauty,5,1949.95,2025-02-17,Returned
2225,1093,Laiba,Toys,6,1840.86,2025-01-13,Cancelled
2226,1851,Taha,Clothing,3,1543.75,2025-08-30,Returned
2227,1319,Maham,Sports,10,964.44,2025-09-18,Pending
2228,2817,Laiba,Toys,4,1463.79,2025-05-25,Returned
2229,2191,Iqra,Books,10,417.39,2026-01-02,Completed
2230,1937,Fatima,Groceries,7,346.1,2026-04-01,Cancelled
2231,1324,Fatima,Toys,2,1688.62,2026-01-07,Completed
2232,2807,Iqra,Beauty,8,1748.22,2025-09-08,Completed
2233,1607,Ali,Clothing,2,664.34,2026-03-06,Returned
2234,2644,Ali,Toys,10,1299.35,2025-03-19,Completed
2235,2603,Noor,Sports,5,1499.98,2025-07-31,Pending
2236,1264,Hina,Home,5,419.34,2025-07-18,Pending
2237,2605,Ayesha,Groceries,4,1150.21,2025-06-08,Completed
2238,1193,Ahmed,Clothing,2,884.3,2025-04-08,Cancelled
2239,2215,Ali,Clothing,9,1118.39,2025-08-31,Completed
2240,1394,Hassan,Books,6,73.69,2025-09-15,Pending
2241,1365,Noor,Toys,3,1430.69,2025-03-06,Pending
2242,1737,Hina,Books,1,1131.51,2025-12-30,Cancelled
2243,2318,Zain,Toys,10,1667.73,2025-03-19,Cancelled
2244,2122,Noor,Toys,10,130.65,2025-11-27,Pending
2245,1727,Zain,Toys,5,932.79,2025-11-28,Returned
2246,1900,Usman,Books,2,554.37,2025-04-30,Pending
2247,2557,Iqra,Home,3,527.14,2025-06-11,Cancelled
2248,2070,Ayesha,Electronics,9,1634.15,2025-11-21,Cancelled
2249,1493,Hamza,Home,2,619.4,2025-03-02,Completed
2250,2708,Ayesha,Beauty,4,1427.02,2025-04-07,Completed
2251,2136,Ali,Books,7,218.82,2025-03-08,Completed
2252,1064,Noor,Toys,9,1190.04,2025-11-07,Pending
2253,2253,Ayesha,Clothing,10,1096.52,2026-02-27,Pending
2254,2044,Fatima,Books,7,920.19,2025-12-28,Returned
2255,2435,Ahmed,Clothing,10,111.72,2025-09-08,Cancelled
2256,2312,Sara,Groceries,6,404.81,2025-08-12,Pending
2257,1911,Hamza,Books,8,1316.74,2025-03-12,Pending
2258,1444,Usman,Electronics,3,819.87,2025-03-03,Completed
2259,1510,Omar,Sports,5,413.01,2025-05-23,Returned
2260,2612,Zain,Electronics,2,1476.91,2025-12-02,Completed
2261,2878,Hina,Sports,8,1478.86,2025-04-16,Returned
2262,2068,Danish,Books,1,1881.06,2025-02-17,Completed
2263,1253,Iqra,Electronics,9,1009.15,2025-11-18,Completed
2264,2837,Iqra,Clothing,4,986.38,2026-03-29,Completed
2265,2238,Fatima,Groceries,8,374.16,2025-08-01,Returned
2266,1673,Maham,Groceries,6,345.83,2025-12-17,Completed
2267,1536,Ayesha,Sports,1,232.39,2026-03-06,Returned
2268,2637,Zain,Books,8,1694.35,2025-09-28,Returned
2269,2180,Hina,Sports,5,644.36,2026-04-18,Cancelled
2270,2004,Maham,Home,8,1336.08,2025-08-07,Completed
2271,1108,Danish,Groceries,10,981.96,2025-07-04,Cancelled
2272,1815,Sara,Beauty,7,1385.45,2025-11-08,Returned
2273,1208,Sana,Beauty,5,1334.73,2026-01-31,Returned
2274,1644,Omar,Groceries,6,139.09,2026-01-05,Pending
2275,2323,Taha,Clothing,4,1417.62,2025-04-02,Returned
2276,2371,Sara,Clothing,7,1383.21,2025-08-30,Cancelled
2277,2490,Hina,Clothing,4,195.2,2025-10-20,Returned
2278,2988,Ayesha,Sports,4,1602.21,2025-05-24,Cancelled
2279,2240,Fatima,Sports,2,1152.33,2026-02-26,Returned
2280,2979,Ayesha,Electronics,4,555.02,2025-06-23,Completed
2281,2741,Hassan,Toys,10,1289.18,2025-10-13,Returned
2282,1351,Bilal,Beauty,8,1231.93,2025-04-25,Pending
2283,2108,Danish,Clothing,8,1724.76,2025-09-30,Completed
2284,1371,Omar,Beauty,7,471.16,2025-05-06,Completed
2285,1414,Hassan,Beauty,10,1668.82,2025-06-23,Cancelled
2286,1415,Bilal,Clothing,7,186.46,2025-07-06,Completed
2287,2194,Hina,Clothing,9,451.5,2025-02-15,Returned
2288,1836,Danish,Electronics,10,570.83,2025-05-15,Cancelled
2289,1510,Usman,Books,5,1766.78,2025-03-04,Returned
2290,2575,Noor,Groceries,8,694.11,2025-12-10,Cancelled
2291,1432,Sara,Sports,10,587.84,2025-04-04,Returned
2292,1096,Bilal,Beauty,3,1768.08,2025-05-03,Pending
2293,1794,Maham,Electronics,3,1521.66,2025-04-24,Returned
2294,1260,Sara,Toys,8,51.58,2025-09-28,Pending
2295,2715,Omar,Clothing,5,59.42,2025-08-06,Pending
2296,2754,Bilal,Sports,2,1966.61,2025-03-05,Completed
2297,2694,Hassan,Clothing,3,1484.1,2025-08-01,Cancelled
2298,2137,Bilal,Home,10,810.15,2025-07-05,Pending
2299,1994,Bilal,Books,8,1721.43,2025-12-15,Completed
2300,2687,Danish,Toys,1,1747.53,2025-11-27,Returned
2301,1654,Taha,Electronics,10,1230.63,2025-06-26,Returned
2302,1533,Hassan,Groceries,6,1287.47,2025-03-28,Returned
2303,1670,Zain,Groceries,1,1647.17,2025-08-17,Returned
2304,2447,Hassan,Beauty,9,1688.86,2025-05-30,Cancelled
2305,1800,Noor,Toys,2,553.12,2025-07-26,Pending
2306,1702,Kiran,Groceries,4,1344.26,2025-07-27,Cancelled
2307,1783,Kiran,Electronics,4,1732.79,2025-06-24,Pending
2308,1921,Taha,Sports,8,331.44,2025-09-14,Returned
2309,2803,Maham,Toys,5,53.43,2025-11-14,Returned
2310,1890,Hassan,Toys,6,884.62,2025-04-02,Returned
2311,1838,Ayesha,Toys,5,954.59,2025-02-24,Completed
2312,2123,Hamza,Beauty,7,912.66,2026-04-11,Returned
2313,1445,Bilal,Beauty,10,1181.38,2025-12-21,Completed
2314,1183,Ayesha,Electronics,5,549.91,2025-12-15,Completed
2315,1319,Kiran,Toys,3,348.15,2025-09-22,Completed
2316,2375,Hina,Books,3,1584.96,2025-07-25,Pending
2317,2773,Hassan,Toys,6,1109.48,2025-08-18,Pending
2318,2718,Ayesha,Sports,8,1420.13,2025-07-29,Completed
2319,2281,Ali,Groceries,10,601.64,2025-02-06,Returned
2320,2162,Usman,Books,9,1747.84,2025-02-19,Pending
2321,1463,Usman,Groceries,9,933.67,2025-09-04,Cancelled
2322,2170,Laiba,Groceries,7,451.31,2025-01-30,Returned
2323,2121,Kiran,Groceries,4,93.07,2025-06-22,Completed
2324,1815,Sana,Beauty,5,73.24,2025-01-18,Returned
2325,1985,Bilal,Electronics,7,304.65,2025-07-23,Cancelled
2326,2521,Iqra,Home,9,749.09,2026-03-02,Cancelled
2327,1013,Sara,Books,9,1140.7,2025-12-30,Completed
2328,1395,Hassan,Sports,9,911.61,2025-07-03,Cancelled
2329,2019,Sana,Toys,4,1203.88,2025-07-22,Cancelled
2330,1881,Hina,Clothing,7,814.22,2025-01-24,Returned
2331,2907,Ali,Books,2,103.52,2026-04-23,Returned
2332,1900,Bilal,Toys,2,765.42,2025-02-15,Pending
2333,2065,Omar,Groceries,10,702.4,2025-06-06,Completed
2334,1322,Laiba,Toys,2,1447.25,2025-06-11,Cancelled
2335,1482,Ayesha,Clothing,7,1459.08,2025-05-09,Cancelled
2336,1778,Bilal,Groceries,1,1943.51,2026-01-27,Returned
2337,1153,Omar,Home,1,637.34,2025-03-10,Pending
2338,2550,Bilal,Books,9,1217.06,2026-03-18,Returned
2339,2321,Iqra,Home,6,865.4,2025-08-05,Pending
2340,1447,Usman,Toys,10,1103.21,2025-06-02,Returned
2341,1579,Noor,Sports,5,1103.88,2026-03-10,Returned
2342,2585,Hassan,Sports,8,679.89,2026-01-10,Completed
2343,1291,Sara,Sports,7,1735.85,2025-04-06,Cancelled
2344,2484,Ayesha,Sports,6,1235.09,2025-12-23,Returned
2345,2039,Ali,Home,9,465.42,2025-05-11,Returned
2346,2952,Sara,Groceries,2,816.28,2025-09-24,Completed
2347,2406,Noor,Beauty,8,1502.83,2026-01-14,Cancelled
2348,1700,Maham,Home,8,1808.74,2025-12-21,Returned
2349,2032,Maham,Clothing,1,220.17,2025-09-08,Cancelled
2350,2939,Ali,Books,7,207.62,2026-04-22,Pending
2351,2744,Noor,Sports,7,1710.05,2026-04-12,Returned
2352,1338,Zain,Electronics,7,637.88,2025-06-06,Returned
2353,2365,Zain,Sports,1,1065.36,2026-02-17,Returned
2354,2248,Laiba,Sports,4,1875.92,2026-03-23,Cancelled
2355,1920,Zain,Beauty,9,709.67,2025-07-16,Returned
2356,1728,Ahmed,Groceries,10,556.51,2025-05-12,Pending
2357,2602,Taha,Sports,9,1391.88,2025-09-16,Pending
2358,1525,Hassan,Sports,9,1302.8,2025-01-17,Completed
2359,1306,Ahmed,Sports,4,1162.62,2025-10-14,Cancelled
2360,2708,Kiran,Home,10,1509.93,2025-09-11,Pending
2361,2017,Ali,Groceries,3,1051.85,2025-11-16,Returned
2362,1241,Ahmed,Sports,7,1957.01,2026-04-18,Completed
2363,2800,Fatima,Books,10,1024.45,2026-02-27,Completed
2364,2250,Iqra,Groceries,6,1472.55,2025-12-18,Returned
2365,2090,Omar,Groceries,6,1478.78,2026-04-13,Returned
2366,1434,Ali,Sports,5,1080.43,2025-12-08,Returned
2367,2793,Sara,Toys,1,1177.16,2025-05-27,Completed
2368,2663,Hassan,Sports,7,290.77,2025-08-01,Cancelled
2369,1296,Danish,Books,7,1431.49,2025-01-05,Returned
2370,1578,Kiran,Beauty,10,692.75,2025-06-06,Completed
2371,2042,Hassan,Groceries,10,936.5,2026-02-05,Pending
2372,2969,Ali,Books,9,961.81,2026-02-16,Completed
2373,2019,Fatima,Electronics,6,202.17,2025-03-19,Returned
2374,2486,Ahmed,Toys,6,364.06,2025-10-13,Completed
2375,2030,Noor,Beauty,8,1340.56,2026-01-20,Completed
2376,2383,Hassan,Clothing,7,910.48,2025-09-14,Cancelled
2377,1927,Hassan,Beauty,10,1325.49,2025-07-03,Returned
2378,1296,Bilal,Beauty,1,1918.89,2026-02-18,Pending
2379,2660,Kiran,Sports,8,1789.59,2025-05-09,Returned
2380,1623,Hina,Electronics,7,1106.73,2025-07-27,Completed
2381,2460,Ayesha,Beauty,9,1143.47,2025-07-30,Returned
2382,1285,Ali,Groceries,1,321.53,2026-02-11,Completed
2383,2355,Bilal,Groceries,4,134.96,2026-02-13,Returned
2384,2391,Bilal,Electronics,2,707.26,2025-05-07,Completed
2385,1847,Ali,Electronics,1,1868.28,2025-03-29,Returned
2386,2412,Bilal,Clothing,5,1060.7,2026-04-18,Completed
2387,2234,Sara,Books,4,105.8,2025-07-17,Pending
2388,2457,Bilal,Toys,5,73.41,2025-04-20,Cancelled
2389,2456,Noor,Home,2,953.37,2026-01-01,Completed
2390,2803,Hassan,Beauty,9,390.72,2025-02-15,Cancelled
2391,2367,Ali,Books,1,686.1,2025-12-04,Cancelled
2392,2995,Hina,Home,7,622.08,2026-03-25,Pending
2393,2289,Danish,Beauty,7,1203.74,2025-11-12,Completed
2394,2540,Iqra,Clothing,2,927.7,2025-05-05,Completed
2395,1438,Sana,Books,10,1084.81,2025-08-23,Cancelled
2396,2521,Ali,Groceries,5,1176.42,2025-11-13,Returned
2397,2723,Sana,Sports,10,694.41,2026-04-27,Cancelled
2398,2968,Laiba,Home,3,1892.28,2025-09-28,Cancelled
2399,1001,Laiba,Home,7,201.7,2025-05-03,Cancelled
2400,1236,Fatima,Clothing,2,1303.5,2026-04-06,Pending
2401,2383,Laiba,Beauty,9,672.44,2025-02-23,Cancelled
2402,1802,Maham,Books,4,1645.92,2026-02-17,Completed
2403,2424,Ahmed,Books,10,1987.78,2026-03-13,Pending
2404,2321,Usman,Groceries,1,351.61,2025-02-26,Returned
2405,1748,Zain,Books,8,549.43,2025-04-25,Cancelled
2406,1268,Iqra,Beauty,3,1844.86,2025-07-05,Returned
2407,1170,Danish,Books,3,1195.37,2025-07-25,Completed
2408,2505,Taha,Home,1,831.59,2026-02-09,Cancelled
2409,2397,Ayesha,Groceries,8,591.36,2026-04-05,Cancelled
2410,2423,Hamza,Books,9,955.14,2025-05-20,Pending
2411,1911,Danish,Beauty,7,942.49,2025-11-14,Pending
2412,2635,Kiran,Groceries,9,264.2,2026-02-08,Returned
2413,1275,Iqra,Sports,6,798.53,2026-03-29,Completed
2414,2065,Laiba,Home,4,1586.45,2025-11-30,Returned
2415,2191,Laiba,Toys,9,922.8,2025-04-19,Pending
2416,1537,Hassan,Home,6,1672.68,2025-04-09,Pending
2417,1851,Danish,Beauty,2,278.71,2025-05-16,Returned
2418,1072,Zain,Sports,1,409.77,2025-04-29,Pending
2419,1343,Maham,Sports,9,882.68,2025-04-14,Returned
2420,2233,Usman,Books,5,1515.54,2026-01-12,Returned
2421,2441,Taha,Home,6,475.37,2025-01-07,Pending
2422,2621,Hassan,Sports,8,1984.93,2025-08-24,Returned
2423,2349,Iqra,Clothing,3,106.72,2025-12-21,Returned
2424,2561,Fatima,Groceries,6,261.44,2026-01-01,Returned
2425,2535,Iqra,Clothing,5,948.79,2025-02-18,Returned
2426,1392,Hina,Groceries,9,1188.32,2025-08-24,Completed
2427,2651,Noor,Books,4,362.21,2025-02-12,Completed
2428,1126,Kiran,Toys,1,397.63,2025-01-02,Cancelled
2429,1399,Zain,Books,5,1166.8,2025-09-02,Cancelled
2430,1874,Usman,Home,1,704.37,2025-11-23,Completed
2431,1042,Maham,Groceries,2,871.46,2025-12-06,Cancelled
2432,2618,Ahmed,Sports,3,1360.64,2026-04-09,Cancelled
2433,2999,Noor,Electronics,10,759.5,2026-01-13,Completed
2434,2263,Omar,Groceries,4,1005.37,2026-02-03,Pending
2435,2494,Taha,Sports,6,1749.41,2025-07-28,Cancelled
2436,1455,Ayesha,Groceries,9,1799.3,2025-05-18,Pending
2437,1599,Taha,Toys,1,1121.21,2026-02-04,Returned
2438,2838,Ali,Toys,2,356.69,2025-12-01,Cancelled
2439,2259,Danish,Home,4,1819.78,2025-10-06,Completed
2440,2130,Iqra,Beauty,2,286.32,2026-01-22,Returned
2441,2813,Omar,Home,8,790.69,2026-02-26,Cancelled
2442,1791,Ali,Beauty,5,1081.11,2025-11-16,Completed
2443,1888,Iqra,Electronics,1,1615.7,2026-02-16,Returned
2444,1785,Laiba,Groceries,7,639.06,2026-03-10,Pending
2445,1710,Taha,Beauty,9,951.29,2025-10-05,Pending
2446,2245,Ahmed,Toys,1,1363.11,2025-11-19,Returned
2447,1665,Fatima,Electronics,6,1966.27,2025-09-27,Cancelled
2448,1314,Danish,Groceries,9,1478.39,2025-08-07,Completed
2449,2560,Laiba,Electronics,9,1734.14,2025-12-12,Returned
2450,2063,Maham,Home,6,444.77,2026-03-10,Pending
2451,1574,Ahmed,Books,1,1057.68,2026-02-25,Pending
2452,2971,Sara,Electronics,7,1969.34,2025-09-04,Pending
2453,1541,Danish,Groceries,10,1108.92,2026-01-23,Cancelled
2454,1304,Sara,Toys,3,1932.36,2025-09-23,Pending
2455,2375,Ali,Groceries,9,1943.31,2025-01-24,Pending
2456,1489,Taha,Books,5,1325.32,2025-11-10,Returned
2457,1695,Taha,Electronics,6,708.19,2026-01-26,Pending
2458,2756,Kiran,Electronics,6,1082.52,2025-05-27,Completed
2459,2728,Ayesha,Toys,7,210.2,2025-11-02,Cancelled
2460,1219,Usman,Clothing,7,523.84,2025-10-29,Returned
2461,1123,Noor,Electronics,6,1998.21,2025-01-03,Pending
2462,1448,Iqra,Toys,5,1306.28,2025-07-25,Cancelled
2463,1826,Maham,Beauty,5,1533.42,2026-04-22,Cancelled
2464,1645,Sana,Home,2,51.06,2025-11-14,Completed
2465,2517,Sara,Toys,4,736.64,2026-01-20,Completed
2466,2354,Iqra,Clothing,9,952.61,2026-04-09,Returned
2467,1790,Danish,Electronics,8,1000.35,2025-06-26,Completed
2468,1528,Hina,Toys,6,1942.15,2025-07-17,Pending
2469,1073,Maham,Groceries,2,164.87,2025-01-09,Completed
2470,2683,Laiba,Toys,8,260.25,2025-06-12,Completed
2471,1974,Hina,Electronics,4,1006.47,2025-03-15,Completed
2472,1712,Hassan,Home,6,325.06,2026-02-09,Completed
2473,2278,Zain,Clothing,1,1671.5,2025-09-09,Completed
2474,2021,Omar,Toys,4,216.99,2025-02-27,Cancelled
2475,1387,Usman,Beauty,7,1956.43,2025-04-08,Completed
2476,2521,Iqra,Toys,5,62.28,2025-08-07,Completed
2477,2079,Ayesha,Sports,3,1742.03,2026-04-27,Completed
2478,1772,Ahmed,Beauty,6,1350.15,2025-08-20,Returned
2479,2106,Hamza,Clothing,7,377.56,2025-08-02,Cancelled
2480,2723,Sana,Clothing,7,781.03,2025-11-01,Cancelled
2481,1252,Hassan,Groceries,5,472.8,2025-10-24,Pending
2482,2860,Ayesha,Toys,7,1088.85,2025-02-26,Pending
2483,1713,Laiba,Home,6,594.39,2025-10-15,Completed
2484,2010,Usman,Home,9,812.5,2025-08-17,Completed
2485,2640,Sana,Home,1,1138.12,2025-03-13,Completed
2486,2881,Laiba,Clothing,3,1396.71,2025-08-28,Returned
2487,1525,Hamza,Beauty,9,1273.28,2025-04-04,Cancelled
2488,2760,Maham,Home,3,1165.25,2025-07-10,Pending
2489,2445,Ahmed,Clothing,2,348.78,2025-01-07,Pending
2490,1245,Noor,Electronics,6,1491.25,2026-03-25,Completed
2491,1839,Ahmed,Toys,8,1260.2,2025-12-18,Returned
2492,2423,Sana,Books,7,1012.16,2025-09-05,Returned
2493,1234,Ahmed,Electronics,10,797.1,2025-03-25,Cancelled
2494,1552,Zain,Clothing,2,195.99,2025-01-03,Completed
2495,1595,Taha,Groceries,10,1107.46,2025-07-30,Cancelled
2496,2999,Fatima,Beauty,2,1529.41,2025-04-28,Pending
2497,2501,Maham,Books,9,891.37,2025-12-30,Returned
2498,1190,Noor,Clothing,3,470.58,2025-02-09,Returned
2499,1062,Hina,Electronics,4,1113.48,2025-09-15,Pending
2500,2164,Bilal,Groceries,6,623.25,2025-03-21,Returned
2501,1384,Kiran,Books,6,1797.9,2025-09-12,Cancelled
2502,1241,Usman,Clothing,6,420.34,2025-02-14,Returned
2503,1849,Danish,Toys,5,1895.29,2026-04-29,Pending
2504,1168,Maham,Toys,10,1667.48,2025-10-18,Returned
2505,2369,Iqra,Books,3,493.86,2025-06-07,Returned
2506,2855,Ahmed,Clothing,8,701.36,2025-01-31,Completed
2507,1990,Taha,Home,1,147.93,2025-06-05,Pending
2508,2165,Sara,Electronics,9,1068.56,2026-01-17,Returned
2509,1955,Bilal,Electronics,7,989.27,2026-02-01,Returned
2510,2270,Hamza,Home,10,1120.37,2025-12-26,Pending
2511,1935,Ahmed,Home,5,769.03,2025-12-20,Completed
2512,1785,Sana,Toys,3,1099.56,2025-05-24,Completed
2513,1172,Omar,Home,10,329.59,2025-09-03,Cancelled
2514,1981,Hina,Electronics,7,808.7,2026-03-09,Pending
2515,1959,Zain,Electronics,6,1022.15,2025-02-05,Pending
2516,3000,Noor,Groceries,3,1846.97,2025-12-05,Returned
2517,2498,Laiba,Groceries,5,915.25,2026-03-05,Returned
2518,2058,Bilal,Books,6,1924.17,2025-02-01,Cancelled
2519,1024,Usman,Toys,9,447.7,2025-04-27,Returned
2520,1550,Noor,Sports,6,120.32,2025-12-20,Cancelled
2521,1275,Ayesha,Beauty,7,507.51,2026-03-13,Cancelled
2522,1308,Danish,Groceries,7,1004.79,2025-03-10,Cancelled
2523,1907,Ahmed,Clothing,4,1619.74,2025-03-22,Cancelled
2524,2190,Sara,Toys,4,1572.61,2026-04-08,Pending
2525,1922,Hassan,Beauty,9,1632.85,2025-10-27,Cancelled
2526,2638,Usman,Sports,3,1792.96,2026-04-07,Returned
2527,1764,Ahmed,Toys,5,1851.31,2025-08-31,Pending
2528,2012,Usman,Groceries,5,1211.27,2025-06-06,Completed
2529,1598,Iqra,Sports,8,1929.86,2025-03-13,Cancelled
2530,2339,Hassan,Electronics,7,1726.78,2025-04-07,Cancelled
2531,2351,Hamza,Beauty,7,449.61,2025-02-06,Returned
2532,1005,Maham,Groceries,5,459.69,2025-02-12,Returned
2533,2760,Taha,Clothing,2,115.62,2025-04-25,Pending
2534,1776,Noor,Clothing,2,1783.7,2025-03-10,Completed
2535,1755,Bilal,Electronics,5,104.77,2025-01-30,Pending
2536,1925,Zain,Groceries,10,1535.97,2026-02-15,Pending
2537,1257,Ali,Sports,6,941.67,2026-01-27,Pending
2538,2867,Omar,Home,4,1903.28,2025-04-27,Cancelled
2539,1425,Danish,Beauty,1,171.59,2025-12-18,Pending
2540,2057,Sara,Groceries,10,1784.38,2025-12-28,Completed
2541,1325,Danish,Beauty,4,1617.39,2026-01-22,Pending
2542,1173,Sana,Books,6,374.22,2025-12-27,Cancelled
2543,1555,Noor,Sports,5,1476.01,2026-01-05,Completed
2544,2223,Bilal,Home,2,1653.59,2026-02-23,Completed
2545,1011,Omar,Groceries,5,1226.1,2025-03-02,Returned
2546,1147,Bilal,Toys,7,1555.01,2025-02-09,Pending
2547,1097,Taha,Groceries,1,654.75,2025-04-30,Pending
2548,1423,Omar,Beauty,8,555.63,2025-05-25,Pending
2549,2506,Hamza,Groceries,4,860.11,2025-07-17,Pending
2550,2504,Danish,Beauty,4,388.69,2025-11-22,Returned
2551,1935,Hamza,Home,5,645.14,2025-12-23,Returned
2552,1260,Fatima,Home,1,547.69,2025-09-27,Returned
2553,1946,Ahmed,Clothing,6,1268.55,2025-05-09,Cancelled
2554,2669,Hassan,Books,8,298.06,2026-02-03,Returned
2555,2151,Fatima,Clothing,10,1471.53,2025-02-05,Returned
2556,2567,Kiran,Electronics,10,1198.28,2025-02-17,Cancelled
2557,2168,Hassan,Clothing,6,1874.86,2025-11-10,Pending
2558,1296,Fatima,Beauty,8,670.62,2025-11-13,Completed
2559,1860,Omar,Electronics,5,51.19,2026-01-09,Cancelled
2560,1915,Laiba,Groceries,2,1473.55,2025-04-06,Returned
2561,2819,Usman,Home,7,1553.9,2025-01-04,Completed
2562,1622,Sara,Groceries,2,1427.09,2025-07-13,Completed
2563,1181,Maham,Groceries,2,530.97,2026-01-24,Completed
2564,2770,Zain,Electronics,5,845.75,2025-03-23,Completed
2565,2343,Taha,Books,5,1373.8,2025-04-25,Completed
2566,2153,Ayesha,Electronics,9,387.93,2025-11-05,Pending
2567,1123,Sara,Groceries,9,363.84,2025-12-14,Cancelled
2568,1923,Laiba,Sports,6,573.7,2025-07-18,Cancelled
2569,1019,Taha,Groceries,10,1876.78,2025-03-31,Returned
2570,1277,Fatima,Groceries,8,473.75,2026-01-04,Pending
2571,1544,Hina,Electronics,9,1284.74,2025-09-11,Returned
2572,2513,Usman,Toys,10,1894.08,2025-09-28,Completed
2573,1475,Zain,Clothing,1,1510.72,2025-02-27,Returned
2574,1751,Bilal,Electronics,3,1578.74,2026-01-05,Cancelled
2575,1416,Ayesha,Books,4,1458.33,2025-12-14,Cancelled
2576,1997,Ayesha,Groceries,3,1441.35,2025-01-03,Returned
2577,1795,Bilal,Beauty,8,1370.9,2025-04-18,Returned
2578,2695,Ayesha,Clothing,2,382.07,2025-11-08,Cancelled
2579,2757,Hamza,Home,7,117.04,2025-09-24,Returned
2580,2930,Hamza,Clothing,9,1994.51,2025-03-18,Returned
2581,1010,Sana,Clothing,5,349.05,2025-05-14,Cancelled
2582,1731,Sara,Clothing,4,1986.53,2025-02-17,Completed
2583,2841,Hassan,Toys,7,1863.0,2025-07-02,Returned
2584,2530,Ayesha,Home,7,1961.23,2026-04-26,Returned
2585,1582,Hassan,Home,1,200.74,2026-04-03,Completed
2586,1991,Sara,Books,2,1517.68,2025-06-25,Completed
2587,1823,Hina,Toys,10,1203.15,2025-12-05,Cancelled
2588,2822,Usman,Books,5,1784.16,2026-03-23,Pending
2589,2783,Usman,Beauty,4,112.23,2025-12-13,Returned
2590,1535,Noor,Books,8,1886.12,2025-11-20,Pending
2591,2946,Sana,Sports,2,211.11,2025-01-05,Completed
2592,2691,Ahmed,Electronics,4,1798.85,2025-02-09,Pending
2593,2755,Bilal,Sports,3,1097.09,2025-12-15,Returned
2594,2078,Zain,Beauty,1,1268.86,2025-03-26,Cancelled
2595,2410,Fatima,Books,9,531.55,2026-04-29,Returned
2596,2392,Zain,Home,5,165.76,2025-03-08,Pending
2597,1383,Fatima,Home,2,1831.07,2025-11-22,Returned
2598,2947,Taha,Beauty,2,1589.71,2025-01-08,Pending
2599,1890,Ayesha,Clothing,10,1342.18,2025-12-17,Pending
2600,2922,Maham,Books,6,234.07,2025-05-24,Cancelled
2601,2712,Zain,Beauty,8,1156.84,2025-11-03,Completed
2602,1304,Usman,Clothing,9,1572.72,2026-02-16,Returned
2603,1433,Danish,Clothing,4,659.82,2026-04-24,Cancelled
2604,1091,Omar,Groceries,7,502.34,2025-11-11,Cancelled
2605,1510,Omar,Beauty,7,1258.97,2026-03-16,Pending
2606,1270,Zain,Toys,10,1417.3,2025-06-04,Cancelled
2607,2581,Ahmed,Toys,8,1418.93,2025-02-06,Cancelled
2608,2337,Bilal,Clothing,5,918.13,2025-10-08,Pending
2609,1558,Ahmed,Groceries,8,729.0,2025-11-15,Returned
2610,2847,Iqra,Books,9,1729.63,2025-07-22,Returned
2611,2395,Laiba,Home,10,1409.89,2026-01-31,Completed
2612,2584,Bilal,Toys,6,487.38,2026-02-25,Completed
2613,1079,Maham,Books,10,409.64,2025-06-15,Cancelled
2614,2761,Ahmed,Toys,3,182.16,2025-10-11,Completed
2615,1987,Taha,Electronics,10,109.09,2025-07-14,Pending
2616,2305,Ahmed,Groceries,10,126.9,2025-01-17,Completed
2617,2671,Zain,Groceries,8,935.48,2025-03-18,Completed
2618,2645,Ali,Electronics,9,110.63,2025-07-29,Pending
2619,2191,Sara,Beauty,5,99.26,2025-08-02,Pending
2620,2291,Omar,Sports,7,1100.77,2025-07-04,Pending
2621,2975,Usman,Electronics,1,806.26,2025-12-22,Returned
2622,1178,Iqra,Clothing,2,750.38,2026-04-14,Returned
2623,2568,Sana,Sports,2,1020.2,2026-01-02,Completed
2624,2428,Omar,Groceries,1,978.07,2025-05-08,Returned
2625,2666,Ahmed,Books,2,1659.17,2025-10-15,Cancelled
2626,1983,Noor,Home,8,1963.55,2025-07-10,Pending
2627,1867,Taha,Beauty,5,245.27,2025-03-13,Cancelled
2628,1737,Hina,Groceries,7,1063.09,2025-07-12,Pending
2629,2409,Zain,Sports,9,236.07,2025-04-29,Completed
2630,1302,Sara,Books,7,817.27,2025-04-03,Pending
2631,1571,Iqra,Sports,7,1409.26,2025-11-18,Pending
2632,1101,Ahmed,Electronics,4,652.84,2026-01-22,Completed
2633,2954,Laiba,Clothing,1,658.41,2025-03-31,Returned
2634,2996,Usman,Beauty,4,1308.97,2025-12-27,Completed
2635,2950,Kiran,Toys,1,1856.21,2025-12-30,Cancelled
2636,1127,Sana,Groceries,8,1198.72,2025-06-26,Pending
2637,1597,Hamza,Clothing,7,319.0,2025-07-01,Cancelled
2638,2724,Kiran,Beauty,4,1265.16,2025-10-24,Completed
2639,1405,Sana,Clothing,2,791.96,2025-03-18,Pending
2640,2975,Maham,Clothing,5,1210.56,2025-10-14,Returned
2641,2803,Noor,Sports,4,1142.99,2025-11-11,Completed
2642,1716,Omar,Toys,3,1660.95,2025-09-05,Cancelled
2643,1098,Sana,Beauty,7,1731.57,2026-03-21,Cancelled
2644,1864,Danish,Beauty,8,1208.07,2025-04-20,Returned
2645,1227,Taha,Electronics,1,1246.51,2026-04-18,Pending
2646,1937,Noor,Electronics,9,764.09,2026-01-04,Pending
2647,2599,Danish,Electronics,6,1951.29,2025-05-31,Cancelled
2648,2324,Ahmed,Toys,5,1669.96,2025-01-03,Pending
2649,2921,Omar,Clothing,9,858.98,2026-04-05,Returned
2650,2793,Taha,Electronics,5,256.36,2026-01-19,Completed
2651,2282,Hamza,Sports,8,166.81,2026-04-14,Pending
2652,2683,Taha,Groceries,2,1601.97,2025-06-12,Returned
2653,1245,Hamza,Toys,2,1919.47,2025-05-21,Pending
2654,1975,Bilal,Electronics,6,1304.09,2026-01-04,Pending
2655,2333,Fatima,Books,5,552.55,2025-10-05,Completed
2656,1078,Laiba,Groceries,10,1623.25,2025-06-18,Completed
2657,1476,Hamza,Clothing,10,80.83,2026-02-12,Returned
2658,2048,Noor,Home,1,939.29,2025-03-27,Returned
2659,2842,Ahmed,Books,8,1733.64,2026-02-21,Completed
2660,1734,Ayesha,Electronics,7,1818.82,2026-01-28,Cancelled
2661,2485,Hassan,Groceries,2,1883.56,2026-02-23,Returned
2662,2039,Hamza,Toys,9,1422.59,2026-01-11,Pending
2663,1819,Iqra,Beauty,9,884.29,2025-11-11,Completed
2664,2427,Ayesha,Beauty,5,1849.88,2025-05-28,Cancelled
2665,2120,Sara,Electronics,8,596.25,2025-04-30,Pending
2666,1529,Noor,Clothing,6,761.99,2025-10-22,Cancelled
2667,2483,Ayesha,Sports,9,560.72,2025-05-10,Returned
2668,1671,Iqra,Books,10,1958.03,2025-02-01,Cancelled
2669,1731,Maham,Beauty,10,943.53,2025-07-31,Completed
2670,2016,Omar,Toys,1,857.8,2025-01-07,Completed
2671,2668,Zain,Electronics,7,1744.56,2025-12-31,Cancelled
2672,1247,Maham,Clothing,3,1532.66,2026-04-24,Completed
2673,2164,Bilal,Books,5,1762.51,2025-05-13,Completed
2674,2075,Zain,Toys,1,878.18,2025-09-08,Returned
2675,2530,Kiran,Beauty,8,168.25,2026-02-23,Returned
2676,2019,Sara,Toys,7,439.49,2025-04-30,Completed
2677,1256,Fatima,Beauty,1,1489.12,2025-06-30,Completed
2678,1717,Danish,Clothing,3,443.65,2025-08-22,Completed
2679,2244,Noor,Sports,1,354.82,2025-05-15,Pending
2680,2231,Sara,Sports,9,211.71,2025-06-28,Pending
2681,2609,Sara,Electronics,9,1907.03,2025-10-30,Pending
2682,2089,Bilal,Books,9,607.94,2025-07-21,Returned
2683,2925,Hamza,Electronics,10,309.16,2025-12-17,Completed
2684,1590,Hassan,Groceries,1,814.27,2026-04-05,Returned
2685,2304,Zain,Groceries,10,1716.5,2026-03-10,Pending
2686,1796,Sara,Home,5,813.12,2025-06-16,Cancelled
2687,2707,Ahmed,Groceries,1,1645.26,2026-02-07,Completed
2688,2396,Ayesha,Home,10,92.22,2025-10-16,Returned
2689,1934,Laiba,Books,7,1732.51,2026-04-20,Cancelled
2690,2646,Sana,Electronics,9,1960.01,2025-02-20,Completed
2691,1319,Ali,Books,5,92.44,2026-02-11,Cancelled
2692,1984,Taha,Groceries,5,883.73,2025-07-10,Pending
2693,1047,Fatima,Clothing,3,80.67,2025-07-02,Completed
2694,1862,Ayesha,Beauty,8,414.8,2026-02-12,Completed
2695,1136,Laiba,Beauty,9,861.14,2025-04-23,Completed
2696,1202,Danish,Groceries,6,1255.35,2025-10-05,Completed
2697,2304,Bilal,Home,6,274.85,2025-08-09,Cancelled
2698,2968,Danish,Home,3,821.41,2026-02-12,Pending
2699,2714,Hassan,Home,8,1646.92,2025-07-30,Completed
2700,1384,Sana,Home,8,182.07,2025-06-05,Cancelled
2701,2136,Noor,Books,8,544.37,2025-06-21,Pending
2702,1342,Sara,Clothing,1,1354.54,2026-04-19,Completed
2703,1751,Fatima,Electronics,1,1957.84,2025-07-03,Pending
2704,2925,Sara,Beauty,4,291.62,2026-03-16,Pending
2705,2606,Sara,Sports,2,706.45,2025-10-24,Cancelled
2706,1223,Hamza,Clothing,8,912.27,2026-02-28,Pending
2707,1835,Sana,Home,3,1770.51,2025-04-03,Pending
2708,1156,Hamza,Books,9,260.89,2025-12-17,Cancelled
2709,2113,Sara,Home,4,431.11,2026-04-16,Returned
2710,2771,Ali,Groceries,4,708.01,2025-02-26,Returned
2711,1601,Iqra,Toys,3,1311.6,2025-08-23,Pending
2712,2159,Kiran,Toys,1,1248.09,2025-10-31,Returned
2713,1066,Hassan,Groceries,9,1277.81,2025-06-01,Returned
2714,2474,Usman,Groceries,4,1787.58,2026-03-12,Cancelled
2715,1274,Laiba,Sports,4,366.41,2025-09-15,Completed
2716,2693,Danish,Beauty,1,1678.26,2026-02-01,Completed
2717,1581,Kiran,Home,3,1742.36,2025-12-10,Completed
2718,2420,Taha,Beauty,2,69.54,2025-03-09,Pending
2719,1225,Kiran,Toys,3,953.62,2025-10-29,Cancelled
2720,2700,Hina,Beauty,8,1886.41,2025-07-31,Completed
2721,2809,Taha,Books,4,289.44,2026-02-14,Returned
2722,2179,Omar,Books,2,212.98,2025-05-05,Cancelled
2723,2323,Sana,Beauty,5,595.37,2025-02-20,Returned
2724,2400,Ahmed,Groceries,1,1638.03,2025-12-06,Completed
2725,1480,Ayesha,Home,9,846.9,2026-02-15,Cancelled
2726,1553,Sana,Clothing,6,940.49,2026-04-23,Pending
2727,2096,Usman,Books,3,1140.28,2025-12-28,Pending
2728,1372,Fatima,Toys,3,366.52,2025-07-03,Returned
2729,1590,Noor,Beauty,8,496.62,2025-04-16,Completed
2730,1909,Sara,Groceries,8,1022.27,2025-01-24,Completed
2731,2536,Hina,Home,8,1713.13,2025-02-11,Pending
2732,2265,Hamza,Home,5,759.8,2026-04-19,Returned
2733,1578,Hina,Electronics,5,1435.45,2026-04-29,Cancelled
2734,1043,Bilal,Beauty,2,673.79,2025-12-13,Cancelled
2735,2591,Iqra,Electronics,7,1324.45,2026-01-31,Returned
2736,1669,Hassan,Books,7,1764.2,2025-11-17,Completed
2737,2807,Sana,Groceries,4,254.46,2025-07-18,Pending
2738,1130,Sana,Groceries,6,1066.89,2025-03-29,Completed
2739,1300,Sara,Beauty,8,517.92,2025-10-20,Completed
2740,1111,Sana,Clothing,7,423.47,2025-05-20,Completed
2741,2795,Kiran,Clothing,8,631.81,2025-01-17,Pending
2742,2342,Danish,Books,4,814.84,2025-03-25,Cancelled
2743,1693,Sara,Beauty,1,1466.89,2025-12-17,Returned
2744,2070,Ahmed,Groceries,3,1477.48,2025-07-20,Completed
2745,2482,Ali,Toys,3,378.07,2025-11-09,Pending
2746,1517,Danish,Books,2,1367.97,2025-12-03,Completed
2747,2302,Omar,Home,2,1532.88,2025-06-11,Pending
2748,2238,Laiba,Sports,6,1054.51,2025-07-12,Completed
2749,2467,Taha,Home,6,1497.46,2025-05-11,Cancelled
2750,2684,Noor,Toys,6,472.25,2025-10-06,Returned
2751,2270,Ali,Groceries,7,1701.68,2025-03-08,Cancelled
2752,1126,Iqra,Electronics,7,1451.16,2026-02-22,Cancelled
2753,1603,Omar,Toys,7,1543.69,2025-01-17,Returned
2754,2889,Iqra,Home,6,943.64,2025-09-17,Completed
2755,1130,Maham,Clothing,8,1013.57,2025-12-30,Returned
2756,1740,Taha,Electronics,4,1265.16,2025-04-16,Completed
2757,2810,Noor,Groceries,10,1696.98,2025-10-16,Returned
2758,1417,Maham,Toys,2,586.72,2025-04-22,Pending
2759,2760,Bilal,Electronics,2,998.24,2025-09-25,Completed
2760,2547,Laiba,Groceries,10,301.78,2025-09-06,Cancelled
2761,1343,Omar,Sports,1,1861.32,2025-07-18,Completed
2762,1034,Taha,Books,10,1344.47,2025-09-07,Pending
2763,1629,Zain,Electronics,9,53.02,2025-06-23,Cancelled
2764,1057,Kiran,Electronics,8,265.86,2025-09-29,Cancelled
2765,2066,Omar,Toys,7,1535.24,2026-02-01,Returned
2766,1226,Danish,Home,5,297.07,2026-04-27,Cancelled
2767,2336,Sana,Books,1,1034.77,2025-10-04,Pending
2768,1690,Hamza,Beauty,5,263.63,2025-08-30,Completed
2769,2402,Iqra,Books,7,1401.73,2025-06-25,Cancelled
2770,2874,Omar,Sports,10,1570.9,2025-03-22,Completed
2771,1857,Ayesha,Sports,4,792.81,2025-12-26,Cancelled
2772,1476,Bilal,Toys,1,1195.21,2026-02-08,Returned
2773,1148,Hamza,Books,9,1383.72,2025-11-01,Returned
2774,1061,Laiba,Toys,4,403.09,2025-01-06,Pending
2775,2376,Kiran,Books,6,242.74,2025-12-12,Pending
2776,2076,Usman,Toys,4,1033.94,2025-08-09,Pending
2777,2007,Taha,Beauty,10,1624.95,2025-05-24,Completed
2778,2795,Bilal,Toys,10,269.72,2025-01-29,Pending
2779,1898,Ayesha,Groceries,3,1005.48,2025-11-15,Returned
2780,1879,Ayesha,Beauty,2,117.26,2025-06-24,Completed
2781,2798,Bilal,Electronics,3,1753.13,2026-02-27,Completed
2782,2729,Hamza,Sports,2,1449.68,2025-02-12,Completed
2783,2686,Usman,Clothing,4,1942.96,2025-05-05,Returned
2784,2885,Iqra,Groceries,7,217.74,2026-03-14,Cancelled
2785,2712,Iqra,Clothing,1,334.54,2025-06-30,Returned
2786,1233,Danish,Toys,5,507.86,2025-08-02,Pending
2787,2573,Danish,Toys,9,1104.8,2025-11-08,Pending
2788,2189,Usman,Groceries,6,1224.73,2025-05-01,Cancelled
2789,1041,Usman,Home,7,644.8,2025-04-13,Pending
2790,2282,Iqra,Home,4,1547.33,2025-08-23,Returned
2791,1747,Ali,Clothing,10,715.73,2025-12-23,Completed
2792,2892,Hassan,Books,2,170.9,2026-01-30,Returned
2793,2735,Maham,Toys,8,1070.64,2026-02-01,Completed
2794,2807,Sana,Clothing,6,1854.07,2025-02-06,Cancelled
2795,1409,Ayesha,Toys,9,1079.42,2025-12-03,Cancelled
2796,2354,Usman,Sports,4,247.06,2025-10-04,Cancelled
2797,2560,Noor,Clothing,6,538.24,2025-08-05,Pending
2798,1386,Noor,Books,7,706.87,2025-12-01,Returned
2799,2686,Hina,Books,1,883.7,2025-10-26,Completed
2800,2666,Ayesha,Sports,10,1019.76,2025-10-16,Completed
2801,2172,Bilal,Sports,1,1411.36,2025-01-05,Returned
2802,1053,Hassan,Books,5,491.58,2025-06-10,Completed
2803,2273,Zain,Toys,10,425.92,2025-03-22,Cancelled
2804,1726,Bilal,Home,8,540.39,2025-07-30,Completed
2805,1831,Ali,Electronics,6,1743.25,2026-02-20,Completed
2806,1388,Sana,Books,1,263.62,2025-03-04,Cancelled
2807,2264,Bilal,Groceries,4,460.2,2025-06-04,Completed
2808,1554,Maham,Sports,7,1328.7,2026-01-15,Completed
2809,2929,Danish,Electronics,6,1768.69,2025-12-02,Returned
2810,2065,Taha,Clothing,1,1656.98,2025-02-11,Completed
2811,1875,Hamza,Sports,2,1240.11,2025-06-17,Pending
2812,1675,Zain,Beauty,10,1896.02,2025-07-30,Pending
2813,1080,Taha,Home,6,158.15,2025-11-21,Pending
2814,2876,Noor,Beauty,9,1482.93,2026-03-19,Returned
2815,1001,Hina,Clothing,5,925.16,2025-06-23,Cancelled
2816,1438,Fatima,Groceries,6,856.36,2025-02-03,Cancelled
2817,2899,Laiba,Home,1,1360.94,2025-08-26,Completed
2818,1430,Taha,Sports,3,219.52,2025-06-17,Completed
2819,1158,Hina,Home,2,1148.41,2026-03-19,Cancelled
2820,1949,Bilal,Toys,2,1538.54,2025-09-22,Pending
2821,1218,Hassan,Home,9,1692.67,2025-10-30,Pending
2822,1294,Fatima,Groceries,9,1099.85,2025-02-17,Pending
2823,1794,Laiba,Groceries,4,192.32,2026-01-19,Completed
2824,2793,Bilal,Groceries,6,361.92,2025-04-26,Cancelled
2825,1395,Taha,Sports,9,1603.33,2025-08-14,Returned
2826,1988,Ahmed,Home,2,688.92,2025-06-10,Returned
2827,2167,Sara,Sports,4,1809.38,2025-01-21,Returned
2828,2045,Ayesha,Groceries,1,821.83,2025-06-01,Completed
2829,2176,Hina,Electronics,10,1136.01,2025-11-03,Cancelled
2830,1052,Noor,Toys,1,1657.71,2025-11-27,Completed
2831,1727,Ali,Sports,6,1469.73,2025-10-26,Completed
2832,2289,Hina,Electronics,1,369.0,2025-12-09,Cancelled
2833,1075,Ahmed,Toys,4,942.85,2025-02-20,Pending
2834,2255,Maham,Clothing,10,1852.77,2026-01-16,Pending
2835,2894,Hassan,Clothing,3,541.62,2025-11-12,Completed
2836,2033,Hamza,Toys,8,668.67,2026-04-12,Completed
2837,1278,Danish,Toys,1,1247.63,2026-02-03,Cancelled
2838,1987,Danish,Electronics,5,1857.56,2025-07-12,Cancelled
2839,2601,Maham,Beauty,7,914.56,2025-05-31,Pending
2840,1096,Ahmed,Home,10,514.3,2025-06-26,Pending
2841,2267,Noor,Home,1,1643.11,2025-06-23,Returned
2842,1562,Maham,Sports,10,399.45,2025-05-30,Completed
2843,1204,Ahmed,Sports,6,798.14,2025-12-31,Completed
2844,2016,Hina,Home,8,314.36,2025-06-19,Cancelled
2845,2101,Sana,Beauty,3,1196.14,2025-09-21,Pending
2846,1599,Usman,Electronics,1,1906.58,2025-05-09,Pending
2847,2423,Ahmed,Groceries,2,1813.61,2025-01-03,Cancelled
2848,1821,Hassan,Sports,3,1299.46,2025-02-24,Completed
2849,2690,Fatima,Home,4,1052.08,2025-02-14,Completed
2850,2649,Danish,Groceries,7,443.31,2025-03-14,Returned
2851,2867,Usman,Books,2,1789.78,2025-08-27,Completed
2852,2214,Ayesha,Electronics,9,993.43,2025-07-12,Completed
2853,1325,Laiba,Sports,3,1568.2,2026-02-02,Completed
2854,2092,Taha,Groceries,10,655.55,2026-03-11,Cancelled
2855,1520,Fatima,Groceries,5,746.39,2025-05-12,Completed
2856,1526,Ahmed,Sports,7,766.06,2025-12-08,Completed
2857,1379,Bilal,Home,1,1254.21,2025-07-06,Pending
2858,1851,Danish,Electronics,1,373.96,2025-12-16,Completed
2859,2277,Kiran,Electronics,8,1796.53,2025-01-05,Completed
2860,1770,Sana,Beauty,4,250.75,2026-02-22,Completed
2861,1329,Ayesha,Groceries,1,129.36,2025-05-07,Completed
2862,2038,Ali,Beauty,5,1958.38,2025-03-09,Completed
2863,2578,Ali,Toys,4,1443.35,2026-03-01,Returned
2864,1411,Hassan,Home,1,197.5,2026-04-15,Returned
2865,1370,Noor,Groceries,5,369.8,2025-03-09,Completed
2866,3000,Ahmed,Electronics,1,1720.6,2025-07-07,Pending
2867,1087,Hina,Sports,9,553.6,2026-03-25,Cancelled
2868,1470,Hassan,Toys,10,1024.33,2026-04-06,Returned
2869,2740,Hamza,Books,3,775.18,2025-11-05,Pending
2870,1143,Hina,Clothing,7,1370.81,2025-05-28,Returned
2871,1975,Omar,Toys,4,1295.97,2025-06-25,Cancelled
2872,1838,Ayesha,Toys,5,548.29,2025-01-21,Returned
2873,1170,Sana,Home,7,1334.46,2025-07-13,Cancelled
2874,2858,Noor,Beauty,1,1371.1,2025-07-22,Returned
2875,2799,Bilal,Sports,8,1148.39,2026-01-13,Cancelled
2876,2888,Hamza,Books,1,1564.97,2025-08-26,Cancelled
2877,1866,Omar,Groceries,5,1505.02,2025-04-12,Completed
2878,2289,Iqra,Beauty,8,1839.22,2026-04-07,Pending
2879,2889,Danish,Clothing,5,1461.01,2025-09-25,Cancelled
2880,2259,Noor,Groceries,6,902.32,2025-04-30,Pending
2881,1338,Danish,Books,8,499.36,2025-05-24,Completed
2882,1469,Fatima,Beauty,10,794.42,2026-04-17,Completed
2883,2876,Maham,Electronics,8,1740.8,2025-01-10,Cancelled
2884,2171,Ayesha,Clothing,8,912.5,2025-08-02,Cancelled
2885,2113,Hassan,Clothing,5,977.79,2025-07-11,Pending
2886,2746,Sara,Home,6,510.19,2025-06-24,Pending
2887,1631,Taha,Toys,9,1706.47,2026-03-13,Completed
2888,1176,Kiran,Sports,6,1680.97,2026-01-26,Returned
2889,2410,Kiran,Books,5,1010.4,2025-08-14,Cancelled
2890,2850,Ayesha,Electronics,1,389.96,2025-12-09,Cancelled
2891,2466,Omar,Books,3,1489.55,2025-09-17,Returned
2892,2241,Taha,Books,4,783.9,2026-03-20,Pending
2893,2814,Zain,Home,1,1070.13,2025-11-05,Completed
2894,1380,Iqra,Books,10,1981.4,2025-08-11,Returned
2895,2858,Taha,Groceries,10,62.45,2025-11-20,Cancelled
2896,1070,Laiba,Groceries,1,1235.97,2025-02-20,Completed
2897,2862,Zain,Books,4,512.74,2026-03-30,Pending
2898,2354,Laiba,Clothing,3,933.86,2025-06-08,Pending
2899,1633,Sara,Home,7,1931.34,2025-04-02,Pending
2900,1743,Zain,Beauty,6,1096.56,2025-09-19,Pending
2901,1026,Noor,Books,5,1044.63,2025-02-28,Completed
2902,1366,Laiba,Electronics,5,726.25,2026-01-20,Completed
2903,2379,Sara,Clothing,7,1371.14,2025-07-13,Cancelled
2904,1127,Ayesha,Books,2,1255.23,2025-12-04,Returned
2905,1914,Taha,Home,4,531.5,2025-10-29,Completed
2906,1266,Ayesha,Groceries,10,299.01,2026-03-10,Returned
2907,1982,Zain,Groceries,7,1872.51,2025-06-28,Completed
2908,1061,Laiba,Sports,2,1677.89,2025-10-07,Pending
2909,1841,Ayesha,Beauty,8,1088.37,2026-04-27,Cancelled
2910,2682,Hamza,Electronics,10,971.46,2025-07-19,Cancelled
2911,1478,Laiba,Toys,7,1801.15,2025-03-28,Returned
2912,1636,Zain,Sports,2,138.17,2025-12-13,Pending
2913,2450,Hamza,Home,1,1849.42,2026-01-14,Cancelled
2914,1388,Sara,Toys,1,1293.3,2025-03-20,Returned
2915,2044,Sara,Beauty,6,1805.36,2026-01-31,Completed
2916,2708,Ahmed,Beauty,8,1271.34,2025-01-10,Returned
2917,2756,Laiba,Groceries,8,1742.59,2025-01-01,Returned
2918,1836,Taha,Beauty,3,1783.14,2025-02-06,Cancelled
2919,2669,Iqra,Beauty,2,774.93,2026-03-31,Cancelled
2920,1191,Laiba,Beauty,5,163.39,2025-03-21,Pending
2921,1038,Fatima,Groceries,10,1281.02,2026-04-28,Pending
2922,1454,Laiba,Groceries,2,62.18,2025-11-15,Returned
2923,2702,Laiba,Books,3,1924.24,2026-03-08,Pending
2924,1506,Noor,Toys,5,1525.0,2026-01-21,Pending
2925,1661,Usman,Books,3,1098.55,2025-01-31,Completed
2926,1985,Ali,Groceries,7,1596.2,2025-09-03,Cancelled
2927,1446,Omar,Home,2,682.14,2026-03-03,Completed
2928,1671,Omar,Toys,8,1561.11,2026-03-25,Completed
2929,2518,Fatima,Beauty,10,1719.23,2025-02-04,Pending
2930,2423,Noor,Toys,3,584.17,2025-07-16,Returned
2931,2733,Maham,Home,4,1287.75,2025-09-07,Returned
2932,1915,Sana,Beauty,9,1567.14,2026-04-09,Pending
2933,2128,Sara,Home,3,1525.72,2025-08-08,Cancelled
2934,1254,Ayesha,Books,5,457.95,2025-04-21,Completed
2935,2077,Sana,Sports,1,1776.25,2025-03-19,Pending
2936,1222,Hina,Sports,8,1536.64,2026-01-24,Returned
2937,2567,Ahmed,Groceries,5,989.48,2025-11-06,Completed
2938,2836,Ali,Beauty,10,53.1,2025-08-10,Completed
2939,2076,Sara,Electronics,5,1940.89,2025-08-29,Pending
2940,2074,Bilal,Beauty,10,330.0,2026-01-28,Pending
2941,2879,Usman,Books,10,247.58,2026-04-08,Completed
2942,1730,Maham,Toys,9,1123.85,2026-02-21,Cancelled
2943,2388,Noor,Toys,4,1361.74,2026-03-27,Returned
2944,1592,Ahmed,Electronics,6,1643.64,2025-06-08,Returned
2945,2099,Maham,Beauty,9,1419.25,2025-08-01,Pending
2946,1667,Laiba,Home,3,615.63,2025-08-15,Returned
2947,1876,Hassan,Groceries,3,1174.72,2025-03-17,Completed
2948,2891,Maham,Toys,9,313.76,2025-03-06,Cancelled
2949,1338,Taha,Groceries,7,242.73,2025-03-01,Cancelled
2950,2066,Sara,Books,4,1510.67,2025-05-13,Cancelled
2951,2505,Ahmed,Clothing,9,1545.9,2025-11-17,Returned
2952,2756,Hina,Beauty,9,835.88,2025-06-09,Pending
2953,2574,Laiba,Electronics,5,118.2,2025-02-06,Cancelled
2954,1554,Fatima,Beauty,5,327.91,2025-02-10,Pending
2955,1926,Usman,Books,7,553.89,2025-02-14,Cancelled
2956,1770,Bilal,Electronics,5,1954.16,2025-11-20,Pending
2957,1702,Ali,Electronics,3,1621.89,2025-09-10,Completed
2958,1481,Ali,Toys,10,1038.61,2025-06-14,Completed
2959,2749,Sana,Books,9,1854.88,2026-03-19,Pending
2960,2034,Omar,Books,6,1138.14,2025-05-21,Cancelled
2961,2913,Hassan,Electronics,3,1112.23,2025-08-29,Completed
2962,1899,Ahmed,Books,5,1326.59,2026-04-30,Pending
2963,1774,Noor,Toys,3,1254.36,2025-12-31,Cancelled
2964,2929,Hassan,Electronics,3,487.93,2025-01-04,Cancelled
2965,2644,Ayesha,Books,9,268.25,2025-04-04,Completed
2966,2470,Ali,Groceries,9,1199.81,2025-07-15,Returned
2967,1296,Taha,Electronics,7,1813.69,2025-05-06,Completed
2968,1055,Bilal,Electronics,2,1353.04,2026-02-15,Cancelled
2969,1453,Kiran,Sports,5,169.98,2025-08-15,Returned
2970,2296,Usman,Home,1,495.21,2026-04-03,Completed
2971,1369,Hamza,Home,5,1913.41,2025-02-21,Completed
2972,2916,Danish,Home,3,347.08,2026-02-11,Returned
2973,2843,Ahmed,Sports,5,284.45,2025-02-13,Returned
2974,2973,Usman,Toys,3,1706.82,2025-11-21,Completed
2975,2607,Sara,Electronics,3,130.92,2025-10-12,Pending
2976,2640,Hamza,Electronics,9,877.45,2025-09-24,Returned
2977,2613,Hina,Groceries,6,1615.88,2025-12-14,Cancelled
2978,2402,Sara,Toys,6,53.04,2026-04-04,Returned
2979,2612,Hina,Beauty,1,491.6,2025-03-18,Pending
2980,2934,Ahmed,Toys,2,439.03,2025-09-03,Pending
2981,1427,Ahmed,Electronics,6,338.9,2025-01-11,Pending
2982,2610,Kiran,Groceries,4,1462.92,2025-01-28,Completed
2983,1882,Taha,Beauty,3,1110.98,2025-04-10,Returned
2984,2278,Sara,Clothing,6,948.68,2025-11-24,Pending
2985,1243,Usman,Home,3,457.82,2025-06-06,Completed
2986,1958,Kiran,Sports,2,152.13,2026-03-06,Pending
2987,1073,Ayesha,Toys,6,1323.48,2025-10-27,Returned
2988,1158,Sara,Electronics,9,1294.92,2026-02-22,Pending
2989,2372,Ahmed,Home,9,1748.19,2025-03-04,Pending
2990,2999,Ayesha,Groceries,9,1183.83,2025-11-15,Cancelled
2991,2806,Sana,Sports,7,260.48,2025-12-21,Completed
2992,2142,Usman,Books,7,677.6,2025-02-06,Returned
2993,1013,Hina,Groceries,2,535.45,2025-05-18,Returned
2994,2064,Iqra,Toys,3,951.78,2026-01-25,Returned
2995,2788,Fatima,Toys,6,1470.98,2025-07-24,Pending
2996,2026,Laiba,Electronics,8,1464.66,2025-09-16,Cancelled
2997,1912,Ahmed,Books,3,1546.51,2025-02-20,Cancelled
2998,1418,Sana,Beauty,4,1102.09,2025-09-17,Pending
2999,2628,Ali,Home,10,1253.21,2025-06-02,Returned
3000,1158,Bilal,Toys,9,810.08,2026-04-03,Returned
3001,2831,Taha,Home,8,323.3,2025-10-08,Completed
3002,2461,Usman,Electronics,3,1449.24,2025-08-10,Pending
3003,1793,Bilal,Groceries,3,960.27,2025-07-10,Cancelled
3004,1943,Bilal,Books,8,448.78,2025-04-28,Returned
3005,1893,Maham,Electronics,10,1087.69,2025-01-08,Completed
3006,2249,Omar,Electronics,5,563.7,2025-09-02,Cancelled
3007,2647,Hassan,Beauty,8,1618.96,2025-11-13,Returned
3008,2664,Maham,Sports,3,1773.58,2026-04-12,Pending
3009,1347,Taha,Beauty,8,503.97,2025-01-04,Completed
3010,2157,Hamza,Toys,5,363.23,2026-04-06,Pending
3011,1285,Sana,Electronics,9,1763.88,2025-05-17,Returned
3012,2034,Sara,Groceries,5,1004.66,2025-05-04,Completed
3013,2305,Kiran,Beauty,2,1723.13,2025-01-13,Cancelled
3014,2177,Noor,Beauty,1,612.01,2025-12-12,Cancelled
3015,2276,Danish,Beauty,10,526.78,2025-09-07,Cancelled
3016,1797,Hina,Electronics,5,1493.22,2025-04-04,Completed
3017,2496,Usman,Home,3,210.44,2025-08-27,Returned
3018,1202,Hina,Electronics,8,494.31,2025-04-16,Cancelled
3019,1913,Ayesha,Toys,2,326.22,2025-11-24,Cancelled
3020,1875,Iqra,Toys,7,908.4,2025-12-15,Returned
3021,2252,Danish,Groceries,1,681.34,2025-02-09,Pending
3022,1604,Hassan,Electronics,1,467.55,2025-08-31,Returned
3023,1277,Omar,Groceries,10,222.13,2026-01-07,Completed
3024,2544,Hamza,Beauty,8,1924.51,2025-08-01,Completed
3025,1077,Omar,Groceries,1,752.85,2025-10-03,Completed
3026,2605,Ahmed,Sports,9,1353.91,2025-03-31,Returned
3027,2209,Noor,Toys,2,668.23,2026-03-10,Returned
3028,2775,Usman,Books,10,935.53,2025-01-17,Completed
3029,2091,Ayesha,Home,10,1547.78,2025-08-23,Completed
3030,1664,Bilal,Toys,8,849.5,2025-05-10,Cancelled
3031,1797,Hina,Sports,4,249.84,2025-03-31,Pending
3032,1162,Laiba,Groceries,9,558.91,2025-05-24,Returned
3033,2549,Ahmed,Clothing,6,1254.36,2026-02-04,Pending
3034,2736,Omar,Electronics,10,359.66,2025-11-21,Returned
3035,1995,Hassan,Books,3,821.33,2025-11-26,Completed
3036,1099,Hassan,Groceries,6,1077.41,2026-02-02,Completed
3037,1511,Ayesha,Toys,6,1815.58,2025-01-26,Cancelled
3038,2724,Ali,Groceries,3,805.96,2025-07-08,Cancelled
3039,2975,Hassan,Toys,9,1762.69,2025-10-23,Pending
3040,1898,Bilal,Beauty,10,1974.57,2025-12-09,Cancelled
3041,1071,Ayesha,Home,8,293.59,2026-02-05,Completed
3042,1260,Maham,Groceries,10,1332.56,2025-03-21,Returned
3043,2933,Sara,Clothing,6,79.54,2025-09-01,Pending
3044,1121,Noor,Toys,9,610.45,2025-04-04,Returned
3045,2766,Omar,Electronics,4,589.78,2025-01-08,Cancelled
3046,2292,Bilal,Books,1,1733.78,2025-04-07,Completed
3047,1661,Hina,Books,8,1294.17,2025-03-20,Pending
3048,1817,Ayesha,Sports,5,1770.1,2025-10-04,Returned
3049,1672,Noor,Electronics,5,656.19,2025-05-31,Completed
3050,2099,Bilal,Books,10,666.42,2025-10-30,Cancelled
3051,2016,Ayesha,Electronics,1,237.28,2025-02-27,Returned
3052,2392,Sana,Sports,5,1749.06,2025-06-30,Pending
3053,2838,Zain,Toys,6,1540.97,2026-04-10,Pending
3054,1221,Iqra,Books,5,1748.81,2025-06-21,Cancelled
3055,2044,Sara,Sports,1,297.78,2025-12-20,Cancelled
3056,2658,Hamza,Groceries,9,815.23,2025-10-24,Returned
3057,1314,Ali,Home,2,442.04,2025-09-21,Cancelled
3058,2598,Sara,Toys,7,142.82,2025-04-04,Cancelled
3059,2883,Hamza,Books,7,1273.28,2026-01-02,Completed
3060,2736,Bilal,Books,10,1593.81,2025-12-28,Cancelled
3061,2418,Ahmed,Clothing,1,1080.65,2026-03-23,Completed
3062,2108,Laiba,Books,4,908.33,2025-01-17,Returned
3063,2008,Noor,Sports,9,1478.32,2025-05-04,Returned
3064,2599,Maham,Groceries,10,114.76,2025-07-04,Returned
3065,1236,Sana,Clothing,9,368.89,2025-09-20,Completed
3066,2093,Taha,Books,6,50.41,2026-01-07,Cancelled
3067,1764,Hina,Electronics,7,1418.58,2025-05-27,Returned
3068,2804,Zain,Electronics,9,1000.39,2025-10-03,Cancelled
3069,1859,Hassan,Clothing,7,1607.81,2025-09-20,Completed
3070,1528,Danish,Groceries,8,1285.83,2025-01-31,Pending
3071,2199,Fatima,Home,6,1284.83,2025-09-19,Pending
3072,2953,Kiran,Groceries,8,73.07,2025-11-30,Cancelled
3073,2989,Kiran,Books,7,622.15,2025-11-22,Returned
3074,1326,Omar,Home,4,80.75,2026-01-07,Cancelled
3075,1103,Maham,Toys,3,1453.6,2025-04-10,Returned
3076,2319,Ayesha,Clothing,1,1211.82,2025-07-23,Completed
3077,1037,Bilal,Books,7,154.22,2025-10-02,Cancelled
3078,2956,Danish,Clothing,4,1526.17,2026-02-01,Completed
3079,2446,Fatima,Books,6,680.8,2026-02-25,Returned
3080,1951,Ali,Books,5,835.99,2025-12-27,Cancelled
3081,2291,Ayesha,Books,6,825.34,2025-03-06,Returned
3082,1265,Zain,Electronics,7,202.95,2026-02-22,Pending
3083,1282,Taha,Groceries,3,726.81,2025-01-15,Pending
3084,2441,Sana,Books,3,316.69,2025-08-20,Completed
3085,1757,Iqra,Home,2,379.54,2025-11-28,Returned
3086,1530,Laiba,Electronics,7,1560.04,2025-05-19,Cancelled
3087,1690,Ali,Clothing,5,1573.12,2025-10-27,Returned
3088,2065,Ali,Beauty,8,744.74,2025-07-26,Cancelled
3089,2685,Kiran,Toys,5,783.64,2025-12-09,Cancelled
3090,1791,Taha,Clothing,4,1640.42,2025-08-21,Pending
3091,2679,Hamza,Sports,5,1034.32,2026-03-29,Returned
3092,1804,Ayesha,Beauty,5,407.03,2026-01-20,Pending
3093,1511,Omar,Home,4,862.17,2026-02-06,Completed
3094,2723,Hina,Toys,9,980.61,2025-10-29,Completed
3095,1898,Hina,Home,1,880.63,2025-09-05,Returned
3096,1142,Danish,Home,2,1484.75,2025-05-19,Pending
3097,2087,Omar,Groceries,6,673.19,2026-04-06,Returned
3098,2723,Hina,Groceries,1,215.41,2025-11-11,Returned
3099,1026,Omar,Clothing,1,1326.04,2025-11-12,Completed
3100,1971,Taha,Sports,9,1720.6,2025-07-10,Completed
3101,2253,Iqra,Home,9,1424.25,2025-01-03,Returned
3102,2546,Ahmed,Books,6,1613.84,2026-03-06,Pending
3103,1936,Ahmed,Clothing,5,596.88,2025-01-02,Pending
3104,1041,Iqra,Sports,2,1684.36,2025-09-15,Pending
3105,2879,Zain,Books,2,1010.79,2025-09-28,Completed
3106,2492,Hassan,Beauty,8,1223.91,2025-12-05,Returned
3107,1017,Ahmed,Electronics,10,406.66,2025-10-17,Returned
3108,2920,Noor,Sports,10,381.2,2025-12-05,Cancelled
3109,1499,Danish,Sports,9,1317.55,2026-04-17,Pending
3110,2282,Laiba,Clothing,1,1308.37,2026-03-09,Returned
3111,1114,Noor,Home,1,882.11,2026-03-17,Cancelled
3112,1617,Ali,Home,7,1084.73,2025-07-30,Pending
3113,1215,Danish,Books,8,1641.88,2025-03-22,Cancelled
3114,2191,Danish,Books,3,189.45,2026-03-29,Returned
3115,1642,Sana,Clothing,9,1585.43,2025-06-17,Cancelled
3116,1168,Taha,Electronics,2,830.59,2025-07-10,Cancelled
3117,1247,Sana,Sports,5,364.62,2025-06-13,Pending
3118,1638,Maham,Groceries,1,110.2,2025-12-17,Completed
3119,2649,Ahmed,Home,2,727.99,2026-01-19,Pending
3120,1336,Kiran,Clothing,4,1583.09,2026-03-26,Completed
3121,1527,Kiran,Sports,9,1810.17,2025-03-16,Returned
3122,2632,Fatima,Electronics,8,975.38,2025-05-31,Completed
3123,2904,Kiran,Sports,6,1805.57,2025-06-18,Returned
3124,1965,Taha,Toys,1,189.48,2025-01-07,Cancelled
3125,2179,Danish,Sports,2,965.75,2025-12-30,Returned
3126,1760,Hamza,Home,1,531.2,2026-03-24,Pending
3127,1692,Zain,Books,4,344.46,2025-10-22,Completed
3128,1154,Omar,Groceries,3,1112.44,2025-09-13,Completed
3129,2538,Noor,Books,10,588.55,2025-12-09,Cancelled
3130,1463,Danish,Books,9,787.3,2025-04-07,Cancelled
3131,2227,Hina,Electronics,5,396.28,2025-11-15,Completed
3132,1769,Hassan,Electronics,5,1437.69,2025-10-31,Completed
3133,1397,Omar,Beauty,4,649.31,2025-12-20,Cancelled
3134,2544,Taha,Electronics,10,238.13,2025-07-20,Pending
3135,1477,Sana,Books,10,1333.5,2026-01-18,Returned
3136,1479,Taha,Home,9,944.49,2025-12-24,Returned
3137,1702,Ali,Home,4,1911.23,2025-12-09,Pending
3138,1646,Maham,Electronics,7,1175.77,2025-08-07,Pending
3139,2335,Ali,Beauty,4,1468.15,2025-01-07,Cancelled
3140,2236,Usman,Home,6,806.16,2025-10-02,Cancelled
3141,1352,Maham,Beauty,8,1396.32,2025-03-20,Completed
3142,2165,Laiba,Books,6,1012.84,2025-09-28,Cancelled
3143,2823,Hamza,Beauty,3,317.73,2025-06-27,Cancelled
3144,1185,Zain,Electronics,7,1387.88,2025-04-27,Pending
3145,1280,Taha,Beauty,8,599.27,2026-01-02,Returned
3146,1398,Usman,Sports,3,266.51,2025-04-08,Completed
3147,1097,Usman,Books,10,1453.32,2025-10-14,Cancelled
3148,2012,Danish,Home,10,1055.75,2025-11-15,Cancelled
3149,2397,Iqra,Groceries,10,1054.27,2025-03-30,Pending
3150,2875,Hamza,Groceries,2,553.8,2025-01-09,Completed
3151,2895,Iqra,Sports,9,1607.23,2026-01-24,Cancelled
3152,2665,Taha,Electronics,5,1289.95,2025-01-23,Pending
3153,1810,Laiba,Beauty,5,1472.38,2025-12-04,Pending
3154,2154,Bilal,Beauty,10,1065.65,2025-05-07,Pending
3155,1315,Maham,Toys,5,817.45,2025-07-12,Pending
3156,2728,Sana,Home,3,1223.22,2025-02-14,Pending
3157,1309,Kiran,Books,1,742.31,2025-12-06,Completed
3158,1485,Danish,Groceries,4,916.71,2025-04-26,Pending
3159,1872,Taha,Home,3,1629.32,2025-04-23,Cancelled
3160,2134,Danish,Home,4,1303.9,2026-04-27,Returned
3161,2514,Zain,Sports,5,1115.39,2025-06-30,Returned
3162,2650,Ahmed,Electronics,1,516.05,2026-03-26,Pending
3163,1843,Fatima,Toys,4,513.24,2025-04-16,Cancelled
3164,2051,Usman,Home,1,381.7,2025-10-12,Cancelled
3165,1088,Ali,Clothing,8,144.79,2025-10-25,Pending
3166,1753,Sara,Clothing,9,875.3,2025-05-10,Returned
3167,2671,Sara,Toys,4,700.21,2025-04-02,Pending
3168,1404,Bilal,Electronics,3,721.54,2025-10-01,Returned
3169,2793,Zain,Home,1,173.57,2026-04-30,Completed
3170,1976,Iqra,Sports,5,1084.98,2025-03-17,Cancelled
3171,1925,Maham,Electronics,3,814.1,2026-01-19,Returned
3172,1705,Laiba,Sports,4,701.81,2025-03-19,Cancelled
3173,1839,Iqra,Electronics,3,633.68,2025-12-23,Pending
3174,1699,Sana,Home,4,1192.04,2025-08-28,Returned
3175,1077,Sana,Clothing,5,117.66,2025-05-14,Pending
3176,2316,Iqra,Groceries,7,1821.79,2025-02-02,Cancelled
3177,2868,Laiba,Books,7,454.22,2025-12-09,Pending
3178,2367,Iqra,Books,2,1672.28,2025-11-06,Completed
3179,2176,Bilal,Home,3,872.63,2025-12-31,Cancelled
3180,2351,Ahmed,Groceries,6,1492.18,2026-01-25,Pending
3181,1889,Fatima,Books,2,1177.16,2025-06-11,Completed
3182,2081,Ahmed,Electronics,1,1685.16,2025-12-02,Completed
3183,2666,Noor,Toys,2,893.18,2026-03-25,Completed
3184,2643,Maham,Books,3,763.39,2025-11-02,Completed
3185,2368,Taha,Toys,7,1215.34,2026-04-19,Completed
3186,2237,Danish,Books,5,1843.9,2025-02-04,Cancelled
3187,1186,Zain,Sports,9,1950.72,2025-08-30,Returned
3188,1938,Laiba,Groceries,5,1234.53,2025-12-26,Completed
3189,2955,Hina,Books,1,1541.47,2025-09-05,Cancelled
3190,2164,Kiran,Beauty,5,1944.03,2025-08-24,Returned
3191,1460,Danish,Electronics,10,552.31,2025-06-27,Completed
3192,1640,Danish,Clothing,2,1216.18,2025-06-16,Cancelled
3193,1092,Usman,Toys,8,1584.67,2025-03-17,Cancelled
3194,1901,Danish,Home,9,1955.12,2026-01-01,Completed
3195,2827,Danish,Electronics,2,1499.22,2025-02-14,Cancelled
3196,1410,Usman,Clothing,9,250.73,2026-02-06,Cancelled
3197,2724,Ali,Groceries,1,408.38,2026-01-11,Cancelled
3198,1312,Usman,Clothing,5,728.78,2025-04-26,Cancelled
3199,2193,Hina,Groceries,3,1666.01,2025-11-21,Cancelled
3200,1145,Iqra,Electronics,7,918.62,2025-12-07,Cancelled
3201,2969,Hamza,Books,9,1336.1,2026-02-20,Returned
3202,2066,Taha,Toys,3,1471.6,2025-08-10,Completed
3203,2838,Sara,Books,6,1302.34,2025-02-18,Cancelled
3204,2407,Zain,Beauty,4,1216.99,2025-01-29,Completed
3205,2935,Ayesha,Electronics,8,441.58,2026-04-02,Returned
3206,2229,Hamza,Books,10,163.57,2025-04-18,Pending
3207,2014,Sara,Books,8,1855.24,2025-12-02,Returned
3208,2520,Usman,Clothing,7,124.98,2025-03-31,Returned
3209,1662,Danish,Beauty,5,1062.39,2025-05-01,Pending
3210,2718,Iqra,Books,6,1229.63,2025-11-19,Returned
3211,2292,Bilal,Books,10,1447.85,2025-04-21,Completed
3212,2647,Maham,Books,4,1720.36,2025-09-13,Returned
3213,1308,Laiba,Books,9,1816.93,2025-07-04,Pending
3214,1545,Zain,Groceries,10,1936.08,2025-05-18,Cancelled
3215,2336,Hassan,Groceries,2,1952.16,2025-05-12,Pending
3216,1979,Hamza,Clothing,8,907.94,2025-07-10,Returned
3217,1905,Iqra,Home,4,1870.02,2025-02-28,Returned
3218,2712,Maham,Toys,8,599.84,2025-12-09,Completed
3219,1949,Noor,Electronics,1,866.68,2026-02-24,Completed
3220,2163,Laiba,Books,7,832.29,2026-01-01,Returned
3221,2272,Bilal,Toys,9,1959.17,2025-01-07,Pending
3222,2185,Noor,Sports,10,135.34,2025-12-06,Pending
3223,1379,Hina,Clothing,3,1404.03,2025-02-01,Returned
3224,2309,Bilal,Sports,1,892.53,2026-02-12,Cancelled
3225,2800,Noor,Electronics,10,529.34,2025-06-26,Pending
3226,1061,Omar,Beauty,1,573.89,2025-04-06,Completed
3227,1648,Bilal,Clothing,8,588.39,2025-10-10,Pending
3228,2528,Usman,Home,6,649.69,2025-06-05,Completed
3229,2410,Taha,Sports,7,1244.96,2025-09-26,Cancelled
3230,2243,Kiran,Home,10,1147.7,2026-01-17,Returned
3231,1852,Sana,Books,1,1052.57,2026-04-14,Completed
3232,1893,Zain,Toys,4,1901.41,2025-09-22,Pending
3233,1963,Noor,Beauty,5,1587.33,2026-01-28,Pending
3234,1661,Hina,Clothing,4,687.16,2025-06-07,Returned
3235,2736,Bilal,Toys,10,311.72,2025-07-24,Returned
3236,2981,Sana,Sports,8,1413.2,2025-08-16,Cancelled
3237,2735,Danish,Beauty,8,1133.56,2025-06-01,Cancelled
3238,1394,Taha,Groceries,9,1532.33,2025-08-19,Completed
3239,1006,Laiba,Toys,10,1236.12,2025-04-12,Cancelled
3240,1195,Hamza,Home,10,1134.91,2025-05-15,Completed
3241,2866,Sara,Home,5,542.9,2026-02-04,Returned
3242,2894,Ali,Beauty,5,1309.3,2025-11-01,Cancelled
3243,1993,Taha,Electronics,7,619.06,2025-04-22,Pending
3244,2930,Ahmed,Books,5,1443.23,2025-09-23,Completed
3245,2675,Fatima,Beauty,9,914.56,2026-03-20,Completed
3246,2646,Noor,Groceries,8,1294.2,2025-07-09,Cancelled
3247,2212,Iqra,Groceries,2,1311.62,2026-02-13,Returned
3248,2260,Hina,Groceries,6,1114.87,2025-10-23,Completed
3249,1268,Bilal,Electronics,8,1178.2,2025-09-03,Cancelled
3250,2668,Ali,Home,6,135.76,2025-12-02,Completed
3251,2157,Kiran,Toys,9,132.69,2025-04-16,Cancelled
3252,2162,Kiran,Electronics,2,1870.75,2025-11-26,Completed
3253,2408,Hamza,Beauty,8,105.31,2025-01-16,Returned
3254,1996,Maham,Beauty,10,1188.75,2026-04-20,Pending
3255,2372,Taha,Toys,9,929.98,2025-12-18,Returned
3256,1572,Sana,Books,3,469.09,2025-06-06,Cancelled
3257,2401,Ali,Sports,1,335.32,2025-08-24,Completed
3258,1192,Sana,Beauty,4,1607.39,2025-12-07,Completed
3259,2964,Fatima,Clothing,6,977.55,2025-01-31,Cancelled
3260,2458,Danish,Toys,7,746.57,2025-03-12,Returned
3261,2600,Taha,Sports,5,1757.1,2025-08-13,Completed
3262,1292,Danish,Groceries,9,704.65,2025-01-08,Completed
3263,2926,Hina,Home,9,298.52,2025-11-06,Pending
3264,2551,Sana,Groceries,7,1220.12,2025-05-24,Completed
3265,2083,Hina,Sports,3,465.18,2025-01-23,Pending
3266,1993,Zain,Clothing,10,1561.73,2025-03-11,Pending
3267,1980,Taha,Beauty,3,364.32,2025-07-24,Cancelled
3268,1953,Kiran,Books,3,644.85,2025-12-07,Completed
3269,2731,Usman,Clothing,5,1728.28,2025-08-23,Completed
3270,2371,Ahmed,Groceries,9,112.8,2025-05-07,Pending
3271,1217,Omar,Sports,2,1899.85,2025-07-30,Cancelled
3272,1952,Ayesha,Groceries,6,126.49,2025-06-24,Returned
3273,1634,Fatima,Books,2,711.31,2026-02-25,Cancelled
3274,2541,Zain,Sports,10,129.04,2025-12-05,Returned
3275,2996,Sana,Sports,1,350.86,2025-05-11,Cancelled
3276,2995,Usman,Books,7,804.12,2025-06-10,Cancelled
3277,1501,Sara,Groceries,2,898.45,2025-12-20,Completed
3278,1886,Noor,Sports,5,1504.84,2025-09-28,Returned
3279,1419,Sana,Toys,7,525.0,2026-01-22,Completed
3280,1280,Ahmed,Books,8,1759.24,2025-01-28,Returned
3281,1629,Ali,Groceries,10,386.25,2025-03-10,Returned
3282,1888,Hamza,Books,6,56.67,2025-03-26,Returned
3283,2592,Zain,Toys,10,1160.11,2025-11-29,Pending
3284,1290,Sana,Electronics,6,1269.97,2026-04-01,Pending
3285,2144,Ahmed,Beauty,3,1655.8,2025-10-15,Completed
3286,2206,Hamza,Beauty,7,982.87,2025-08-13,Pending
3287,2473,Hamza,Toys,10,1192.49,2025-03-22,Returned
3288,2595,Hina,Beauty,3,1294.64,2025-07-03,Cancelled
3289,2529,Ali,Toys,10,1114.11,2025-01-29,Completed
3290,2505,Ali,Groceries,4,73.5,2025-10-12,Returned
3291,1656,Laiba,Home,8,696.51,2025-12-15,Completed
3292,2776,Noor,Electronics,10,1754.79,2025-07-16,Cancelled
3293,2170,Bilal,Toys,7,1374.16,2025-12-31,Returned
3294,2759,Hamza,Sports,7,1898.13,2025-06-15,Pending
3295,1414,Taha,Home,7,1016.75,2025-08-15,Pending
3296,2120,Usman,Sports,3,894.59,2025-06-14,Pending
3297,2189,Fatima,Toys,2,571.15,2025-10-13,Pending
3298,2120,Taha,Toys,6,1912.59,2025-06-23,Cancelled
3299,2760,Omar,Home,7,1498.35,2025-06-13,Returned
3300,1045,Bilal,Sports,8,670.99,2025-10-19,Cancelled
3301,2759,Bilal,Toys,9,777.94,2025-01-23,Completed
3302,1459,Sara,Groceries,10,1311.58,2025-06-25,Pending
3303,1916,Sana,Sports,1,941.79,2025-12-28,Returned
3304,1207,Hamza,Clothing,9,1422.75,2026-04-29,Completed
3305,1516,Zain,Electronics,9,830.18,2025-09-27,Completed
3306,2016,Fatima,Sports,2,162.97,2025-09-20,Returned
3307,2512,Iqra,Books,1,571.52,2025-11-19,Completed
3308,1396,Maham,Clothing,5,1186.32,2025-10-07,Completed
3309,2581,Fatima,Books,1,1933.47,2025-03-17,Returned
3310,1114,Fatima,Home,8,788.58,2025-04-13,Cancelled
3311,1881,Ahmed,Beauty,3,1274.19,2025-09-27,Returned
3312,1991,Omar,Home,4,547.12,2025-12-01,Returned
3313,1947,Ayesha,Beauty,4,152.9,2026-01-20,Completed
3314,2777,Sana,Sports,7,633.41,2025-04-16,Returned
3315,1383,Iqra,Electronics,8,1453.94,2025-07-23,Returned
3316,2601,Usman,Toys,1,1912.56,2025-02-17,Returned
3317,2597,Hassan,Home,8,74.12,2025-08-02,Pending
3318,1342,Ali,Toys,5,700.83,2025-02-09,Returned
3319,1877,Hina,Groceries,2,372.62,2025-08-04,Pending
3320,1392,Usman,Sports,2,329.81,2025-09-16,Pending
3321,1270,Kiran,Groceries,10,1145.93,2025-11-26,Returned
3322,2363,Bilal,Electronics,3,593.67,2025-05-10,Cancelled
3323,2116,Noor,Home,2,1507.38,2025-05-06,Cancelled
3324,2652,Danish,Electronics,9,765.16,2025-06-18,Pending
3325,2507,Sana,Sports,3,489.44,2025-08-09,Completed
3326,1906,Kiran,Electronics,3,65.3,2025-10-17,Completed
3327,1771,Usman,Home,9,86.83,2025-07-15,Cancelled
3328,2460,Bilal,Books,9,507.31,2026-03-06,Completed
3329,1928,Ali,Clothing,5,528.03,2025-11-25,Pending
3330,1350,Ahmed,Books,8,945.87,2026-03-13,Returned
3331,2812,Iqra,Beauty,2,1446.0,2026-03-15,Cancelled
3332,1429,Ahmed,Books,3,1476.69,2025-07-17,Returned
3333,2975,Hamza,Electronics,1,1377.44,2025-05-19,Pending
3334,2545,Ahmed,Books,1,1204.85,2026-03-02,Returned
3335,1482,Taha,Electronics,1,989.12,2025-07-04,Cancelled
3336,1502,Hassan,Home,8,1435.86,2025-03-04,Returned
3337,1717,Ahmed,Home,7,1506.04,2025-09-22,Cancelled
3338,1959,Iqra,Sports,10,775.17,2025-08-13,Returned
3339,1082,Kiran,Sports,5,1596.99,2025-04-08,Cancelled
3340,1672,Kiran,Electronics,8,939.05,2025-08-09,Pending
3341,2903,Bilal,Groceries,1,229.99,2025-09-25,Completed
3342,1598,Bilal,Electronics,1,787.31,2025-09-12,Cancelled
3343,2661,Fatima,Clothing,3,1760.46,2025-12-30,Completed
3344,2280,Fatima,Sports,8,245.22,2025-02-24,Completed
3345,2479,Ahmed,Beauty,10,336.96,2025-07-24,Cancelled
3346,1656,Zain,Beauty,8,1165.6,2025-04-18,Pending
3347,1757,Maham,Beauty,4,1195.33,2025-02-05,Pending
3348,2098,Hamza,Clothing,4,565.62,2026-02-10,Returned
3349,2516,Hassan,Home,1,652.49,2025-09-26,Pending
3350,2402,Hina,Sports,6,444.5,2026-04-21,Pending
3351,2587,Iqra,Groceries,9,997.33,2025-03-28,Completed
3352,2066,Taha,Toys,3,1974.07,2026-04-05,Completed
3353,1741,Hassan,Electronics,9,1442.17,2025-02-28,Completed
3354,2975,Omar,Clothing,10,1674.19,2025-04-30,Pending
3355,1261,Usman,Books,6,1404.6,2025-04-03,Returned
3356,2892,Zain,Clothing,3,1761.79,2026-01-18,Pending
3357,2830,Usman,Books,3,1645.6,2025-04-08,Returned
3358,2192,Sara,Groceries,4,324.88,2025-11-04,Returned
3359,2982,Zain,Books,7,880.53,2025-02-15,Cancelled
3360,1830,Noor,Home,2,1657.83,2025-10-19,Pending
3361,1297,Laiba,Beauty,1,329.61,2025-01-12,Pending
3362,2674,Bilal,Sports,8,274.81,2025-12-21,Completed
3363,2027,Hassan,Toys,7,1769.67,2025-10-29,Returned
3364,2650,Maham,Sports,5,889.21,2025-02-06,Pending
3365,1888,Ayesha,Electronics,6,1482.29,2025-07-22,Pending
3366,2405,Danish,Clothing,4,1451.6,2025-08-12,Returned
3367,2085,Usman,Clothing,9,1937.5,2026-01-18,Pending
3368,2807,Zain,Books,6,119.08,2026-02-15,Cancelled
3369,2366,Iqra,Toys,10,1295.24,2026-03-18,Cancelled
3370,1183,Usman,Home,7,124.45,2025-10-07,Completed
3371,1338,Iqra,Groceries,3,1813.83,2025-12-27,Pending
3372,2804,Kiran,Sports,4,1276.13,2025-11-20,Returned
3373,1155,Ali,Groceries,2,500.58,2026-01-19,Cancelled
3374,2555,Kiran,Groceries,4,1528.17,2025-05-30,Returned
3375,2508,Hina,Beauty,2,1939.21,2026-02-17,Returned
3376,1690,Hamza,Toys,5,845.48,2025-11-24,Pending
3377,1292,Hassan,Home,5,1613.84,2025-08-04,Completed
3378,2251,Hassan,Electronics,10,1170.56,2025-08-25,Cancelled
3379,2985,Usman,Home,2,1452.76,2025-06-04,Returned
3380,2504,Danish,Clothing,8,1907.29,2025-06-30,Pending
3381,1197,Iqra,Books,8,1923.15,2025-01-14,Completed
3382,1274,Usman,Toys,10,841.98,2025-12-11,Returned
3383,2214,Hamza,Groceries,10,1461.48,2026-04-06,Returned
3384,2391,Ayesha,Home,8,799.85,2025-05-11,Pending
3385,2914,Sara,Electronics,10,180.16,2025-01-02,Returned
3386,2148,Hina,Groceries,2,965.89,2026-01-22,Pending
3387,1026,Kiran,Clothing,5,635.0,2025-01-10,Pending
3388,1069,Bilal,Sports,2,1053.81,2025-07-26,Pending
3389,1844,Noor,Electronics,10,1554.99,2025-07-26,Returned
3390,2689,Taha,Clothing,7,1669.71,2025-10-20,Returned
3391,2702,Iqra,Clothing,3,708.95,2025-05-12,Pending
3392,2747,Fatima,Electronics,3,568.02,2025-02-08,Cancelled
3393,2893,Hina,Electronics,7,1276.58,2025-01-17,Pending
3394,1725,Usman,Books,1,1641.3,2025-07-24,Completed
3395,1667,Maham,Home,6,465.09,2025-08-16,Returned
3396,2193,Zain,Sports,3,662.18,2025-09-01,Returned
3397,2027,Ali,Toys,5,1115.0,2025-12-21,Returned
3398,1985,Hina,Beauty,6,379.55,2025-10-02,Cancelled
3399,2368,Fatima,Groceries,7,674.12,2025-01-14,Completed
3400,1845,Hamza,Groceries,6,689.69,2025-01-19,Completed
3401,2004,Maham,Sports,7,733.97,2026-04-27,Pending
3402,2380,Ayesha,Books,10,1210.54,2025-07-13,Completed
3403,2979,Omar,Books,2,1200.81,2025-05-04,Completed
3404,2890,Sara,Toys,9,1639.61,2025-02-15,Cancelled
3405,1589,Sara,Electronics,3,1875.59,2025-04-07,Pending
3406,2590,Hina,Electronics,7,638.3,2026-02-28,Completed
3407,2147,Usman,Books,3,1952.61,2025-09-30,Cancelled
3408,1370,Iqra,Books,5,1686.68,2026-03-24,Completed
3409,1588,Maham,Books,7,215.02,2025-08-11,Pending
3410,1300,Hina,Electronics,4,1514.6,2025-01-09,Pending
3411,2044,Danish,Groceries,9,868.29,2026-04-29,Completed
3412,1577,Ali,Beauty,6,383.38,2025-04-20,Completed
3413,1982,Ahmed,Toys,3,1451.1,2025-02-11,Returned
3414,2426,Laiba,Books,6,1888.28,2025-06-20,Cancelled
3415,2365,Fatima,Beauty,1,1801.32,2025-06-15,Completed
3416,2556,Laiba,Home,8,1601.43,2025-09-20,Completed
3417,2112,Sara,Toys,1,866.79,2025-04-14,Cancelled
3418,2727,Zain,Beauty,4,1227.83,2025-04-25,Completed
3419,1445,Omar,Groceries,2,1711.32,2025-09-18,Cancelled
3420,1380,Danish,Toys,4,735.79,2025-08-22,Pending
3421,1640,Maham,Toys,6,1934.12,2025-01-10,Returned
3422,1938,Hassan,Electronics,2,1303.17,2025-12-02,Returned
3423,1493,Usman,Home,10,760.8,2026-01-26,Pending
3424,1709,Maham,Electronics,8,250.03,2025-03-27,Cancelled
3425,1007,Fatima,Groceries,1,755.13,2025-02-02,Pending
3426,2489,Zain,Electronics,10,315.33,2025-02-22,Pending
3427,1990,Noor,Clothing,2,1436.15,2025-04-26,Cancelled
3428,1419,Iqra,Home,10,805.36,2025-11-16,Completed
3429,1541,Danish,Groceries,1,728.86,2025-03-25,Pending
3430,2200,Ayesha,Sports,10,1703.4,2025-01-27,Completed
3431,1331,Zain,Home,9,230.05,2025-05-07,Returned
3432,2555,Sana,Electronics,7,1049.53,2026-02-10,Returned
3433,1427,Sana,Groceries,9,1584.57,2026-02-16,Cancelled
3434,1223,Ayesha,Home,6,857.42,2025-01-11,Returned
3435,1899,Sara,Electronics,10,388.14,2025-11-10,Completed
3436,2531,Hamza,Beauty,5,1649.7,2025-10-26,Cancelled
3437,1126,Kiran,Electronics,5,1568.44,2025-08-13,Returned
3438,2723,Hassan,Groceries,8,1372.86,2025-08-03,Returned
3439,2740,Taha,Toys,10,1978.21,2026-03-20,Returned
3440,1674,Bilal,Toys,4,1421.15,2025-01-25,Pending
3441,2137,Hina,Electronics,6,1216.01,2025-12-25,Returned
3442,2922,Ayesha,Toys,1,1727.0,2025-07-05,Pending
3443,2610,Sara,Sports,4,1708.12,2026-02-09,Cancelled
3444,1406,Zain,Home,10,1783.21,2025-05-07,Cancelled
3445,1880,Hina,Electronics,4,1120.9,2025-05-29,Completed
3446,2648,Maham,Sports,10,437.97,2025-06-02,Completed
3447,1594,Bilal,Clothing,6,1692.23,2025-07-17,Pending
3448,2075,Kiran,Sports,2,189.97,2025-06-16,Pending
3449,2191,Taha,Toys,8,1761.66,2025-05-17,Returned
3450,1528,Taha,Groceries,6,1409.02,2025-04-21,Cancelled
3451,2968,Omar,Beauty,3,1123.12,2025-06-14,Cancelled
3452,1926,Zain,Home,9,1242.49,2025-02-05,Pending
3453,1425,Omar,Sports,3,433.62,2026-03-23,Pending
3454,2408,Hamza,Books,10,334.88,2025-03-14,Returned
3455,1829,Maham,Toys,10,778.83,2025-11-17,Pending
3456,1987,Ali,Electronics,7,1699.26,2025-10-28,Cancelled
3457,2353,Laiba,Toys,10,104.96,2026-01-01,Completed
3458,2363,Noor,Sports,3,1690.33,2026-02-01,Pending
3459,1318,Sara,Home,2,1591.26,2025-07-15,Cancelled
3460,2877,Hina,Home,7,438.73,2026-01-29,Cancelled
3461,1802,Hassan,Beauty,8,313.22,2025-03-24,Returned
3462,1491,Ali,Books,7,1503.0,2026-01-18,Pending
3463,1807,Bilal,Home,5,1128.87,2025-05-23,Completed
3464,2441,Fatima,Sports,5,1098.1,2025-12-13,Returned
3465,1258,Maham,Beauty,1,1271.72,2025-10-12,Pending
3466,1523,Usman,Electronics,2,514.36,2025-08-12,Returned
3467,1857,Ali,Home,10,1480.77,2025-02-16,Completed
3468,1229,Maham,Home,4,1921.82,2025-10-18,Returned
3469,2158,Zain,Electronics,5,1850.27,2025-10-01,Completed
3470,1992,Omar,Books,10,1770.48,2025-02-09,Completed
3471,1079,Maham,Groceries,3,292.96,2025-07-19,Cancelled
3472,1674,Maham,Sports,4,1029.34,2025-04-26,Completed
3473,2014,Iqra,Electronics,7,914.94,2025-02-07,Cancelled
3474,1869,Ahmed,Sports,6,636.02,2025-01-18,Completed
3475,2558,Omar,Electronics,7,1624.58,2026-04-17,Cancelled
3476,2849,Ali,Groceries,1,1116.9,2026-01-25,Cancelled
3477,1347,Fatima,Toys,1,811.56,2026-01-28,Cancelled
3478,2270,Sana,Toys,6,80.65,2025-03-06,Pending
3479,2128,Hina,Electronics,6,1234.73,2025-03-07,Pending
3480,2348,Hamza,Sports,4,1192.38,2025-02-13,Returned
3481,2837,Sara,Clothing,8,564.19,2025-12-29,Pending
3482,2107,Taha,Home,2,1229.89,2025-06-10,Pending
3483,1993,Sana,Clothing,6,1056.66,2025-06-29,Completed
3484,1585,Laiba,Beauty,3,220.22,2025-07-30,Completed
3485,2078,Fatima,Electronics,8,1668.2,2025-07-02,Completed
3486,1414,Fatima,Home,4,1782.63,2025-08-24,Returned
3487,2714,Ali,Books,5,1188.17,2025-07-03,Completed
3488,1520,Iqra,Electronics,5,1436.96,2026-01-29,Completed
3489,1425,Taha,Beauty,7,1756.73,2026-04-08,Cancelled
3490,1152,Sara,Books,1,176.24,2026-04-28,Cancelled
3491,1491,Fatima,Sports,9,808.71,2025-10-20,Pending
3492,2877,Sara,Clothing,4,1725.96,2025-04-05,Pending
3493,2376,Usman,Electronics,10,1699.23,2025-06-28,Cancelled
3494,2004,Iqra,Sports,6,1452.48,2025-01-14,Completed
3495,2372,Fatima,Books,7,1646.04,2026-04-17,Cancelled
3496,2004,Taha,Electronics,5,929.1,2025-01-08,Completed
3497,2947,Zain,Groceries,10,1856.47,2026-02-02,Pending
3498,2802,Usman,Toys,9,714.6,2025-06-08,Cancelled
3499,2586,Iqra,Home,2,756.36,2025-09-20,Cancelled
3500,2395,Taha,Sports,3,1509.21,2026-01-31,Completed
3501,1897,Sana,Beauty,10,1254.61,2025-07-20,Returned
3502,1932,Noor,Electronics,5,1833.74,2025-07-17,Returned
3503,2300,Hamza,Beauty,5,1691.97,2025-08-06,Cancelled
3504,1353,Hina,Books,4,234.81,2025-10-02,Completed
3505,2793,Ayesha,Books,8,762.62,2025-02-10,Completed
3506,2340,Sana,Books,10,1547.99,2026-01-07,Returned
3507,2677,Sana,Sports,3,1203.37,2026-03-11,Returned
3508,2283,Kiran,Beauty,3,253.3,2025-09-07,Pending
3509,2329,Kiran,Groceries,3,1808.48,2025-02-23,Returned
3510,1863,Sara,Books,2,1048.68,2025-12-03,Pending
3511,2585,Hamza,Sports,5,1965.05,2025-09-27,Returned
3512,1348,Zain,Books,8,1839.59,2025-04-18,Completed
3513,2835,Zain,Home,9,275.99,2026-04-18,Completed
3514,2555,Kiran,Books,8,1196.41,2025-09-17,Completed
3515,1549,Kiran,Groceries,7,115.71,2025-11-14,Returned
3516,1541,Zain,Home,4,436.18,2026-03-27,Pending
3517,1448,Kiran,Toys,6,265.17,2025-09-18,Completed
3518,1186,Zain,Clothing,5,617.83,2025-12-13,Completed
3519,2493,Zain,Electronics,7,1995.45,2025-09-19,Cancelled
3520,2534,Sana,Groceries,8,129.04,2025-02-13,Returned
3521,1906,Hamza,Beauty,7,162.73,2025-04-06,Pending
3522,2076,Danish,Books,2,1505.51,2025-03-27,Pending
3523,2462,Taha,Sports,4,1288.31,2025-12-10,Returned
3524,1144,Maham,Clothing,7,782.47,2025-03-13,Completed
3525,2340,Kiran,Clothing,5,412.38,2025-07-18,Completed
3526,1637,Danish,Beauty,5,999.52,2025-12-17,Returned
3527,2980,Zain,Beauty,6,85.8,2025-01-05,Cancelled
3528,2949,Fatima,Beauty,10,693.03,2025-11-13,Completed
3529,2946,Danish,Groceries,10,826.52,2026-04-10,Pending
3530,2118,Ali,Electronics,8,1409.25,2025-07-23,Pending
3531,1839,Danish,Toys,2,413.88,2025-01-25,Completed
3532,1314,Taha,Clothing,7,1793.41,2025-12-02,Pending
3533,2509,Laiba,Clothing,9,864.07,2026-03-14,Pending
3534,2176,Omar,Home,5,420.69,2025-06-05,Completed
3535,1694,Bilal,Electronics,7,299.45,2025-01-31,Returned
3536,1237,Sara,Groceries,7,1538.45,2025-04-12,Returned
3537,1802,Omar,Books,7,463.3,2026-02-13,Pending
3538,1567,Bilal,Home,4,994.41,2025-11-25,Cancelled
3539,2518,Iqra,Groceries,6,1569.13,2025-01-04,Returned
3540,2191,Usman,Toys,6,1650.34,2025-04-29,Returned
3541,2089,Ahmed,Home,9,1824.43,2025-02-07,Cancelled
3542,1805,Taha,Books,7,1434.37,2026-02-27,Cancelled
3543,1247,Zain,Toys,6,994.41,2026-01-24,Pending
3544,2659,Ayesha,Sports,4,1034.65,2025-04-16,Pending
3545,1529,Laiba,Books,10,736.02,2025-08-31,Cancelled
3546,2729,Usman,Beauty,7,330.22,2025-05-22,Returned
3547,2989,Omar,Home,1,1932.14,2026-01-10,Returned
3548,2543,Noor,Electronics,8,1609.26,2025-02-01,Cancelled
3549,1242,Bilal,Beauty,3,1667.19,2026-02-03,Completed
3550,1011,Noor,Beauty,5,350.03,2025-06-28,Cancelled
3551,2689,Usman,Clothing,8,343.43,2026-02-01,Completed
3552,2295,Noor,Sports,5,1858.1,2025-06-29,Pending
3553,2034,Noor,Sports,5,1261.48,2025-05-15,Cancelled
3554,2239,Zain,Groceries,5,659.61,2025-05-16,Pending
3555,2711,Laiba,Clothing,5,1645.74,2025-11-03,Cancelled
3556,2657,Iqra,Toys,10,585.37,2026-01-06,Cancelled
3557,1177,Ahmed,Clothing,4,360.92,2026-03-11,Returned
3558,1127,Omar,Toys,4,1360.67,2026-04-15,Pending
3559,1044,Ahmed,Beauty,1,793.45,2025-05-13,Completed
3560,2444,Ahmed,Toys,3,1385.31,2025-11-01,Returned
3561,1468,Taha,Groceries,8,1959.23,2026-01-15,Pending
3562,1692,Hina,Home,6,1371.34,2025-12-20,Returned
3563,1514,Omar,Groceries,9,420.93,2025-03-06,Pending
3564,2560,Ali,Clothing,9,232.94,2025-10-14,Completed
3565,1803,Bilal,Groceries,7,397.43,2026-01-04,Returned
3566,1601,Bilal,Books,3,527.42,2025-03-08,Returned
3567,1168,Ayesha,Books,3,1705.04,2025-08-02,Returned
3568,1447,Fatima,Clothing,2,1879.49,2026-01-11,Completed
3569,1030,Maham,Books,6,785.64,2026-04-11,Pending
3570,1348,Ahmed,Sports,8,1131.08,2026-01-26,Pending
3571,2954,Taha,Home,1,1000.69,2026-04-10,Pending
3572,2603,Maham,Home,2,1953.7,2025-09-25,Completed
3573,1473,Taha,Clothing,2,1788.66,2025-07-14,Completed
3574,2079,Usman,Toys,9,413.8,2026-02-17,Pending
3575,2967,Danish,Clothing,10,632.07,2026-04-27,Pending
3576,1304,Taha,Books,4,1671.4,2025-04-23,Returned
3577,1969,Danish,Electronics,5,185.86,2025-02-13,Completed
3578,2101,Iqra,Clothing,6,1044.83,2025-03-06,Cancelled
3579,2889,Ali,Home,5,1104.75,2025-02-13,Completed
3580,1545,Sana,Toys,3,1040.55,2026-02-17,Returned
3581,2886,Hina,Groceries,2,1667.86,2025-12-23,Completed
3582,1930,Hina,Home,9,1551.29,2025-08-08,Returned
3583,1014,Omar,Groceries,5,1527.75,2025-12-01,Completed
3584,1953,Hina,Sports,4,1645.01,2025-03-27,Completed
3585,1815,Bilal,Beauty,1,965.57,2025-08-14,Returned
3586,2797,Fatima,Home,2,1290.18,2025-11-25,Returned
3587,1435,Danish,Groceries,5,329.96,2025-02-26,Pending
3588,2682,Ayesha,Sports,7,736.33,2025-04-09,Cancelled
3589,2899,Taha,Toys,6,802.22,2025-09-29,Cancelled
3590,1563,Sana,Home,5,381.02,2025-10-15,Completed
3591,2100,Iqra,Electronics,5,1147.58,2025-12-10,Completed
3592,2144,Laiba,Sports,7,663.59,2026-01-01,Completed
3593,2394,Taha,Home,8,221.58,2025-03-16,Completed
3594,2298,Sara,Home,5,246.82,2025-07-23,Completed
3595,2088,Fatima,Home,5,1552.95,2026-01-09,Completed
3596,1562,Laiba,Beauty,8,706.03,2025-10-17,Completed
3597,1168,Sana,Clothing,10,332.22,2025-09-30,Pending
3598,2064,Kiran,Beauty,6,883.99,2025-01-03,Pending
3599,1700,Bilal,Clothing,5,971.69,2025-04-14,Pending
3600,2101,Danish,Sports,9,429.1,2026-01-02,Returned
3601,1776,Ayesha,Groceries,9,883.09,2026-04-30,Pending
3602,2851,Hamza,Clothing,3,185.33,2025-11-23,Cancelled
3603,1521,Noor,Home,8,636.85,2025-02-04,Pending
3604,1446,Hassan,Groceries,1,918.58,2026-01-05,Pending
3605,1082,Danish,Home,1,968.87,2025-07-05,Pending
3606,2268,Laiba,Sports,3,1195.24,2026-03-10,Pending
3607,2334,Fatima,Sports,8,184.45,2025-09-13,Pending
3608,1640,Sara,Sports,8,1114.21,2026-04-07,Returned
3609,1124,Ahmed,Home,3,882.73,2025-10-30,Pending
3610,2045,Laiba,Books,5,1647.96,2026-01-29,Returned
3611,2308,Ayesha,Beauty,8,52.62,2026-03-17,Cancelled
3612,1139,Omar,Beauty,3,1346.7,2025-04-14,Pending
3613,2738,Maham,Books,3,433.47,2026-03-27,Returned
3614,1799,Omar,Beauty,8,1823.19,2025-10-16,Returned
3615,1392,Fatima,Home,3,476.37,2025-09-21,Cancelled
3616,2591,Ahmed,Beauty,1,435.28,2026-01-09,Returned
3617,1515,Sara,Electronics,9,1118.32,2025-03-28,Completed
3618,2640,Zain,Home,10,1157.78,2026-04-29,Cancelled
3619,1742,Noor,Home,9,1198.8,2025-11-30,Pending
3620,1458,Iqra,Beauty,1,1443.78,2025-02-16,Returned
3621,2228,Ayesha,Home,5,971.4,2025-08-08,Pending
3622,2593,Usman,Clothing,4,221.49,2025-05-27,Returned
3623,1955,Kiran,Books,8,1138.75,2025-05-12,Pending
3624,1504,Maham,Groceries,1,1707.0,2026-02-15,Returned
3625,2860,Ali,Home,9,1733.4,2025-08-02,Returned
3626,1145,Ahmed,Sports,4,344.64,2025-06-25,Completed
3627,2458,Usman,Toys,10,395.19,2025-08-25,Returned
3628,1499,Bilal,Electronics,9,168.06,2026-01-10,Cancelled
3629,1114,Danish,Toys,3,507.69,2026-04-10,Pending
3630,1025,Ahmed,Clothing,6,263.35,2026-01-08,Returned
3631,2120,Hamza,Toys,1,1222.85,2025-10-28,Returned
3632,1476,Ahmed,Electronics,1,648.37,2025-04-04,Pending
3633,1289,Omar,Groceries,10,1453.92,2025-02-15,Completed
3634,1853,Hassan,Electronics,4,606.72,2025-12-09,Completed
3635,1984,Ahmed,Groceries,7,1471.64,2026-02-16,Cancelled
3636,2753,Sana,Groceries,6,1748.33,2026-03-02,Cancelled
3637,2906,Hassan,Beauty,7,81.06,2025-08-10,Pending
3638,1627,Hamza,Clothing,6,1619.97,2025-01-23,Returned
3639,1437,Sara,Sports,10,641.42,2025-01-12,Returned
3640,2268,Omar,Home,7,1251.85,2025-07-18,Returned
3641,1439,Bilal,Books,9,110.59,2026-01-20,Returned
3642,2671,Hamza,Clothing,6,1682.15,2025-08-08,Pending
3643,2903,Sara,Clothing,6,859.91,2025-05-12,Returned
3644,2662,Hamza,Sports,1,1070.24,2026-04-10,Pending
3645,1499,Taha,Books,2,399.95,2025-06-01,Completed
3646,2403,Ahmed,Sports,8,846.85,2026-01-15,Pending
3647,1203,Iqra,Sports,4,431.37,2026-03-15,Cancelled
3648,1772,Fatima,Electronics,3,1695.14,2025-07-12,Pending
3649,1185,Laiba,Beauty,5,1395.43,2025-08-30,Cancelled
3650,1406,Noor,Sports,3,354.0,2025-04-28,Returned
3651,2226,Maham,Books,6,1956.93,2025-03-12,Completed
3652,2876,Fatima,Toys,5,706.79,2025-02-20,Returned
3653,2735,Hassan,Clothing,8,119.35,2025-08-07,Pending
3654,1637,Maham,Electronics,1,1873.5,2026-03-01,Returned
3655,2619,Taha,Books,5,1857.33,2026-04-06,Completed
3656,1485,Ahmed,Electronics,1,312.76,2025-04-18,Returned
3657,2328,Iqra,Sports,9,684.24,2025-01-05,Returned
3658,2347,Hamza,Home,5,1535.04,2025-04-13,Returned
3659,2999,Fatima,Sports,10,1445.27,2025-08-09,Pending
3660,2862,Taha,Clothing,1,846.13,2025-12-31,Returned
3661,2859,Ayesha,Electronics,8,1825.4,2026-04-01,Returned
3662,2746,Omar,Sports,4,604.07,2025-02-09,Completed
3663,2421,Sara,Electronics,1,897.22,2025-04-14,Completed
3664,2717,Hassan,Sports,5,658.93,2025-08-09,Pending
3665,2587,Hina,Sports,9,677.56,2025-05-25,Pending
3666,2665,Taha,Books,7,558.82,2025-10-21,Returned
3667,1357,Danish,Books,1,122.24,2025-12-16,Returned
3668,2331,Zain,Clothing,9,267.75,2025-09-28,Completed
3669,2230,Hassan,Clothing,2,673.4,2025-08-01,Cancelled
3670,1375,Maham,Clothing,6,79.02,2026-01-11,Cancelled
3671,1666,Fatima,Toys,3,1551.64,2025-01-09,Cancelled
3672,2313,Taha,Clothing,8,1340.54,2025-01-23,Cancelled
3673,1887,Sara,Books,2,365.96,2025-10-28,Pending
3674,1369,Ayesha,Books,8,1299.91,2025-10-02,Cancelled
3675,1309,Ayesha,Books,8,899.3,2025-03-05,Pending
3676,2740,Kiran,Clothing,9,871.96,2026-01-06,Pending
3677,1462,Usman,Toys,10,275.46,2025-08-19,Completed
3678,1247,Zain,Sports,8,733.7,2025-03-30,Pending
3679,2183,Noor,Electronics,6,1522.58,2025-11-07,Returned
3680,1880,Hassan,Books,2,693.14,2025-11-23,Cancelled
3681,2346,Sana,Home,2,778.27,2025-12-08,Cancelled
3682,1177,Usman,Groceries,6,564.41,2025-06-16,Returned
3683,2549,Ayesha,Groceries,3,1129.41,2025-10-22,Completed
3684,2602,Iqra,Electronics,6,1077.93,2025-09-22,Returned
3685,2978,Maham,Toys,4,511.62,2025-10-02,Returned
3686,1843,Laiba,Groceries,6,633.33,2026-04-22,Returned
3687,1866,Laiba,Beauty,10,544.25,2025-04-02,Cancelled
3688,2676,Bilal,Sports,6,1377.9,2025-12-09,Cancelled
3689,1515,Kiran,Home,4,470.86,2025-09-02,Completed
3690,1542,Usman,Home,2,1538.81,2025-12-21,Pending
3691,2151,Iqra,Beauty,7,1560.41,2026-01-04,Completed
3692,2402,Ayesha,Electronics,5,128.78,2025-08-13,Pending
3693,2206,Hina,Electronics,9,1692.1,2026-01-23,Pending
3694,2731,Taha,Toys,6,1402.42,2025-09-06,Cancelled
3695,1836,Taha,Groceries,1,452.67,2026-04-07,Pending
3696,1785,Kiran,Groceries,8,1876.34,2025-03-08,Returned
3697,2271,Zain,Groceries,3,1027.78,2025-11-05,Pending
3698,1781,Ali,Clothing,3,1349.41,2025-02-01,Cancelled
3699,1225,Danish,Electronics,6,1347.91,2026-04-23,Cancelled
3700,2613,Sana,Clothing,9,535.88,2025-02-18,Completed
3701,2438,Kiran,Toys,8,1685.24,2025-04-15,Returned
3702,1974,Sara,Electronics,4,823.26,2026-04-19,Completed
3703,1043,Maham,Beauty,4,102.33,2025-06-30,Returned
3704,2092,Omar,Beauty,4,234.98,2025-04-09,Pending
3705,1225,Noor,Groceries,7,1982.9,2025-06-15,Completed
3706,1207,Iqra,Beauty,8,461.27,2025-06-09,Returned
3707,1753,Sara,Toys,10,315.49,2025-01-07,Returned
3708,1309,Omar,Electronics,9,1627.96,2025-07-09,Returned
3709,2454,Omar,Clothing,8,222.79,2026-04-09,Returned
3710,1047,Bilal,Home,8,1488.91,2025-04-30,Returned
3711,2557,Usman,Groceries,5,71.92,2025-03-01,Pending
3712,2382,Bilal,Toys,7,1845.24,2025-08-06,Cancelled
3713,2963,Omar,Toys,4,365.74,2025-08-16,Completed
3714,2600,Hamza,Home,10,1872.68,2025-09-14,Returned
3715,1867,Omar,Books,6,379.86,2026-02-06,Cancelled
3716,2755,Danish,Sports,8,1029.0,2025-10-27,Pending
3717,2054,Noor,Home,7,1440.44,2025-04-05,Completed
3718,1398,Taha,Electronics,8,796.64,2025-07-19,Returned
3719,1824,Fatima,Books,1,417.94,2025-06-19,Returned
3720,1525,Noor,Groceries,4,884.32,2025-02-16,Pending
3721,1593,Laiba,Electronics,4,259.17,2025-08-29,Completed
3722,1847,Ali,Clothing,9,742.71,2025-08-21,Pending
3723,1327,Ali,Beauty,5,1758.37,2025-08-06,Cancelled
3724,2065,Noor,Beauty,8,327.91,2025-06-04,Cancelled
3725,2056,Sana,Home,6,1729.55,2025-02-09,Pending
3726,1220,Ayesha,Beauty,6,1467.51,2025-02-21,Cancelled
3727,1624,Laiba,Sports,6,450.24,2025-02-03,Pending
3728,1556,Danish,Groceries,2,1420.44,2026-03-29,Cancelled
3729,1195,Hina,Electronics,1,289.96,2025-10-22,Pending
3730,2908,Zain,Toys,6,133.0,2025-06-11,Returned
3731,1230,Sara,Books,1,1385.21,2025-06-10,Completed
3732,1567,Hassan,Toys,1,509.58,2025-08-18,Completed
3733,2046,Hina,Electronics,6,283.02,2026-02-19,Completed
3734,2315,Hassan,Toys,1,1828.21,2025-09-25,Cancelled
3735,2473,Usman,Clothing,5,1757.87,2026-02-02,Returned
3736,1890,Ahmed,Books,6,308.56,2025-05-07,Returned
3737,1900,Bilal,Books,7,1713.75,2025-05-12,Pending
3738,1072,Noor,Clothing,2,322.18,2026-01-24,Completed
3739,2400,Noor,Beauty,9,831.23,2025-09-24,Completed
3740,1147,Usman,Beauty,2,1973.56,2025-03-23,Cancelled
3741,2805,Kiran,Groceries,2,738.91,2025-04-27,Cancelled
3742,1831,Zain,Home,1,776.18,2025-03-29,Completed
3743,1357,Taha,Groceries,5,740.94,2026-01-16,Cancelled
3744,2101,Fatima,Groceries,3,615.18,2025-05-04,Cancelled
3745,2224,Hamza,Books,3,745.18,2025-07-28,Completed
3746,2828,Hamza,Electronics,9,1078.2,2025-08-25,Returned
3747,2410,Zain,Beauty,1,1441.4,2025-10-21,Cancelled
3748,2053,Sana,Clothing,5,115.47,2025-12-17,Pending
3749,1241,Iqra,Beauty,4,1087.66,2025-12-12,Returned
3750,1652,Danish,Groceries,8,373.29,2025-11-03,Pending
3751,2983,Noor,Electronics,10,1307.62,2025-10-10,Returned
3752,1358,Usman,Electronics,8,1184.4,2025-10-31,Completed
3753,2212,Hamza,Groceries,1,322.19,2025-12-18,Completed
3754,2579,Usman,Electronics,8,162.12,2025-09-20,Cancelled
3755,2125,Ayesha,Home,9,1944.29,2025-09-16,Cancelled
3756,1938,Omar,Books,3,695.08,2025-12-01,Returned
3757,1888,Taha,Toys,7,1139.83,2026-04-12,Cancelled
3758,2698,Omar,Clothing,7,1205.35,2026-04-30,Pending
3759,2900,Zain,Toys,7,1635.27,2025-07-16,Returned
3760,1666,Danish,Groceries,10,892.77,2025-03-04,Completed
3761,2278,Sana,Home,5,294.13,2025-08-04,Cancelled
3762,2725,Iqra,Electronics,5,1777.2,2025-01-13,Pending
3763,1180,Hina,Clothing,8,1290.27,2025-11-15,Pending
3764,1350,Sana,Electronics,7,1908.54,2025-05-16,Completed
3765,1190,Fatima,Groceries,5,944.75,2025-10-17,Completed
3766,1763,Bilal,Clothing,8,536.97,2025-05-02,Pending
3767,2044,Hassan,Groceries,4,1112.78,2025-05-16,Cancelled
3768,2800,Bilal,Groceries,10,597.85,2025-06-01,Pending
3769,2851,Danish,Toys,9,1480.63,2025-09-19,Returned
3770,2096,Fatima,Toys,9,1034.37,2025-04-02,Completed
3771,1876,Usman,Books,10,1960.35,2025-02-23,Completed
3772,1202,Bilal,Home,9,1075.67,2026-01-13,Completed
3773,1255,Zain,Beauty,9,606.57,2025-10-02,Completed
3774,1994,Ahmed,Beauty,10,532.59,2025-06-14,Cancelled
3775,1225,Ali,Toys,6,964.6,2025-06-29,Completed
3776,1537,Danish,Books,3,1634.89,2026-02-04,Cancelled
3777,2358,Laiba,Books,4,315.57,2025-01-02,Returned
3778,2476,Maham,Beauty,2,995.0,2025-02-12,Cancelled
3779,1125,Hamza,Sports,6,84.26,2025-07-12,Pending
3780,2741,Sara,Sports,4,975.11,2025-03-30,Cancelled
3781,2341,Taha,Toys,10,1875.32,2025-09-17,Cancelled
3782,1134,Usman,Clothing,3,481.37,2026-03-19,Cancelled
3783,2861,Bilal,Toys,6,602.88,2025-08-15,Pending
3784,1974,Fatima,Groceries,10,555.24,2026-01-23,Returned
3785,1234,Zain,Beauty,8,1734.22,2025-07-11,Returned
3786,1685,Hina,Home,10,823.37,2025-11-30,Completed
3787,1557,Sara,Groceries,4,1001.62,2025-03-03,Returned
3788,2840,Noor,Sports,8,395.63,2026-04-18,Cancelled
3789,1728,Taha,Electronics,9,1742.59,2025-07-22,Returned
3790,1330,Iqra,Groceries,7,795.06,2025-11-20,Returned
3791,1812,Ali,Clothing,1,759.96,2026-01-27,Returned
3792,2253,Fatima,Books,3,1638.33,2025-05-07,Pending
3793,2886,Omar,Sports,5,897.61,2025-12-14,Cancelled
3794,2651,Ayesha,Electronics,5,246.12,2025-05-05,Pending
3795,1849,Sara,Toys,9,1647.17,2026-01-22,Cancelled
3796,1240,Ali,Toys,7,779.76,2025-12-13,Returned
3797,2474,Sara,Groceries,9,1685.58,2025-04-20,Pending
3798,1619,Noor,Sports,5,1384.75,2026-01-12,Pending
3799,1773,Usman,Groceries,3,691.23,2025-08-17,Completed
3800,1169,Ahmed,Sports,1,1642.27,2025-04-04,Returned
3801,1937,Iqra,Toys,4,583.76,2025-02-16,Pending
3802,2093,Ahmed,Beauty,6,1576.22,2025-10-15,Cancelled
3803,2460,Hina,Electronics,5,1962.76,2026-04-28,Cancelled
3804,1800,Laiba,Electronics,8,664.01,2025-11-17,Completed
3805,2732,Bilal,Clothing,8,1405.54,2025-04-10,Completed
3806,1663,Ahmed,Clothing,7,852.93,2025-03-31,Cancelled
3807,1315,Fatima,Groceries,5,1918.23,2025-05-09,Completed
3808,2903,Iqra,Toys,5,890.07,2025-06-23,Returned
3809,1713,Taha,Books,5,60.09,2025-02-04,Returned
3810,1221,Sana,Sports,1,1435.55,2025-09-27,Pending
3811,1010,Ayesha,Toys,1,1588.9,2025-02-02,Cancelled
3812,1521,Sana,Clothing,2,593.11,2026-02-12,Returned
3813,1379,Ali,Beauty,9,1790.85,2025-03-19,Pending
3814,1169,Ahmed,Beauty,2,690.27,2026-01-25,Returned
3815,1910,Ahmed,Electronics,4,1698.95,2025-03-11,Cancelled
3816,2341,Bilal,Electronics,8,1335.68,2025-06-29,Cancelled
3817,2484,Ayesha,Toys,1,1507.94,2025-12-19,Returned
3818,1370,Sana,Toys,7,353.49,2025-10-20,Returned
3819,2958,Fatima,Beauty,8,926.44,2026-03-01,Returned
3820,2806,Noor,Books,9,101.26,2025-01-22,Cancelled
3821,2796,Sana,Home,5,1390.5,2025-04-12,Returned
3822,1612,Usman,Sports,2,1958.48,2025-06-09,Completed
3823,1964,Hassan,Home,4,1782.44,2025-02-14,Cancelled
3824,1459,Noor,Books,3,118.21,2025-11-19,Pending
3825,2258,Sara,Electronics,10,811.19,2025-11-14,Completed
3826,2291,Zain,Books,7,1027.03,2026-03-08,Completed
3827,1555,Omar,Books,2,394.72,2025-12-22,Completed
3828,2954,Danish,Groceries,7,1919.24,2025-12-28,Completed
3829,2395,Sana,Books,8,335.29,2025-04-07,Completed
3830,2562,Zain,Beauty,10,1400.67,2026-04-11,Cancelled
3831,1502,Sara,Sports,8,1477.38,2026-02-25,Cancelled
3832,2160,Sana,Beauty,7,1703.55,2025-07-04,Completed
3833,1171,Maham,Home,4,168.64,2025-06-30,Completed
3834,1849,Laiba,Books,3,849.2,2026-01-26,Cancelled
3835,1753,Taha,Toys,4,1231.05,2025-01-06,Completed
3836,2729,Ali,Clothing,5,376.64,2025-08-24,Returned
3837,2527,Sana,Electronics,8,1832.61,2025-01-09,Cancelled
3838,1369,Ali,Sports,3,488.54,2025-07-03,Pending
3839,2659,Laiba,Groceries,10,1787.82,2026-01-01,Pending
3840,1277,Maham,Clothing,7,1880.18,2025-09-20,Pending
3841,1972,Sana,Electronics,9,1836.05,2025-08-23,Cancelled
3842,2689,Sara,Electronics,6,1368.15,2026-01-08,Returned
3843,1469,Ali,Groceries,7,126.79,2025-06-20,Completed
3844,2833,Kiran,Toys,6,580.06,2025-03-24,Completed
3845,2942,Sana,Clothing,3,702.74,2025-06-20,Completed
3846,1157,Maham,Books,7,578.74,2025-05-30,Completed
3847,1652,Zain,Sports,8,1378.29,2026-04-18,Returned
3848,1363,Kiran,Books,1,1509.3,2025-01-15,Cancelled
3849,2404,Ahmed,Books,2,1048.17,2025-01-04,Pending
3850,1684,Taha,Toys,1,347.75,2026-04-06,Returned
3851,2624,Usman,Books,2,1144.58,2025-05-17,Completed
3852,1811,Bilal,Home,1,401.26,2025-02-06,Cancelled
3853,1642,Danish,Sports,9,1064.56,2025-12-25,Cancelled
3854,1693,Danish,Clothing,2,234.7,2025-12-30,Completed
3855,1074,Ahmed,Groceries,8,1227.27,2026-02-14,Completed
3856,1942,Taha,Groceries,2,126.25,2025-12-15,Cancelled
3857,2861,Maham,Sports,9,1310.09,2026-04-06,Completed
3858,2632,Bilal,Books,1,1171.19,2025-09-02,Completed
3859,2377,Hamza,Groceries,3,358.77,2025-06-05,Pending
3860,1776,Zain,Sports,3,1961.28,2025-10-13,Pending
3861,1321,Sara,Electronics,5,359.08,2025-06-08,Returned
3862,1616,Laiba,Toys,3,1896.26,2026-04-12,Returned
3863,2467,Ali,Sports,7,1335.03,2025-07-21,Cancelled
3864,1866,Iqra,Sports,1,1253.42,2026-03-05,Returned
3865,2325,Hamza,Electronics,10,496.78,2025-01-08,Pending
3866,2981,Sana,Clothing,4,1775.49,2025-04-28,Returned
3867,2654,Kiran,Home,10,126.5,2025-12-10,Completed
3868,2454,Danish,Groceries,5,1756.68,2025-10-23,Returned
3869,2282,Bilal,Books,6,1924.75,2025-07-10,Cancelled
3870,1850,Laiba,Books,5,1027.92,2026-02-28,Returned
3871,2368,Omar,Beauty,8,1060.43,2025-04-20,Pending
3872,2825,Ahmed,Beauty,1,1068.51,2025-01-19,Returned
3873,2728,Bilal,Home,6,1156.41,2026-02-10,Completed
3874,1934,Hassan,Clothing,9,364.4,2026-01-17,Completed
3875,2876,Usman,Groceries,8,677.71,2025-11-01,Completed
3876,1425,Taha,Electronics,9,1960.78,2025-05-26,Returned
3877,2995,Bilal,Books,2,1799.09,2025-12-16,Completed
3878,1323,Taha,Groceries,8,365.45,2026-01-31,Completed
3879,2755,Omar,Toys,1,751.65,2025-05-10,Returned
3880,1240,Laiba,Home,6,224.87,2025-05-18,Cancelled
3881,1122,Hina,Clothing,3,1089.34,2025-10-12,Pending
3882,1662,Laiba,Clothing,3,194.19,2026-04-16,Cancelled
3883,2393,Ali,Toys,7,1955.24,2025-10-09,Pending
3884,1236,Usman,Electronics,5,1677.32,2025-09-24,Completed
3885,2733,Zain,Groceries,8,821.43,2025-08-09,Completed
3886,1347,Ayesha,Electronics,10,448.92,2026-04-30,Pending
3887,1110,Sana,Toys,3,712.09,2026-01-16,Completed
3888,2252,Omar,Clothing,5,1027.69,2026-03-26,Returned
3889,1112,Usman,Electronics,8,57.7,2025-03-18,Completed
3890,2609,Bilal,Groceries,1,1609.25,2025-03-20,Completed
3891,2663,Noor,Electronics,9,59.15,2025-02-09,Cancelled
3892,1266,Fatima,Clothing,4,494.49,2026-01-07,Returned
3893,2798,Bilal,Clothing,8,98.73,2026-02-05,Pending
3894,2545,Hassan,Toys,1,559.56,2025-03-13,Cancelled
3895,1998,Ali,Beauty,8,827.08,2025-07-12,Completed
3896,2302,Noor,Electronics,1,849.1,2025-06-10,Pending
3897,1460,Ahmed,Home,5,219.19,2025-03-04,Completed
3898,2580,Hamza,Books,4,1270.55,2025-02-19,Pending
3899,1760,Danish,Books,7,549.24,2025-05-03,Pending
3900,2306,Hina,Sports,5,812.72,2025-03-13,Returned
3901,1879,Usman,Home,9,280.42,2025-01-23,Completed
3902,1851,Iqra,Clothing,9,102.21,2025-07-11,Cancelled
3903,1229,Taha,Toys,8,134.04,2025-11-14,Pending
3904,2929,Laiba,Toys,5,122.34,2025-07-24,Completed
3905,1417,Laiba,Clothing,2,1992.24,2025-05-22,Cancelled
3906,2257,Ahmed,Beauty,3,789.47,2025-08-09,Pending
3907,1716,Ahmed,Books,3,266.66,2025-07-10,Cancelled
3908,2062,Ali,Books,4,1675.97,2025-12-20,Completed
3909,1752,Ahmed,Home,7,1061.22,2025-04-12,Cancelled
3910,1879,Hassan,Beauty,10,1272.2,2025-02-24,Completed
3911,2575,Omar,Toys,5,872.11,2026-04-21,Completed
3912,2945,Sana,Sports,6,942.99,2026-01-12,Returned
3913,2800,Laiba,Toys,4,539.02,2025-04-17,Pending
3914,2125,Ahmed,Sports,9,1740.63,2025-09-22,Returned
3915,1969,Usman,Clothing,6,1025.05,2025-06-20,Returned
3916,1186,Ayesha,Clothing,6,360.48,2025-05-22,Returned
3917,1758,Taha,Home,7,1400.55,2026-01-29,Returned
3918,2058,Kiran,Sports,10,869.8,2025-06-21,Cancelled
3919,2009,Sara,Electronics,8,1619.7,2025-06-27,Pending
3920,1427,Ali,Groceries,3,1485.06,2025-09-27,Pending
3921,1911,Iqra,Beauty,4,723.42,2025-12-10,Returned
3922,2622,Sana,Home,5,1368.84,2025-05-22,Cancelled
3923,2212,Hina,Groceries,6,597.78,2025-01-19,Cancelled
3924,2306,Hassan,Electronics,10,992.53,2026-04-14,Cancelled
3925,1643,Noor,Sports,6,1408.36,2026-03-02,Pending
3926,2910,Omar,Beauty,1,1229.46,2026-02-27,Pending
3927,1670,Ali,Electronics,9,1285.62,2026-04-05,Completed
3928,1804,Hassan,Sports,8,1767.42,2025-09-30,Cancelled
3929,1472,Sara,Clothing,6,645.62,2025-02-25,Cancelled
3930,1379,Taha,Groceries,5,1457.64,2025-11-26,Returned
3931,1769,Fatima,Groceries,8,1064.67,2025-09-25,Returned
3932,2215,Laiba,Clothing,6,1316.78,2025-11-18,Returned
3933,1176,Taha,Books,7,66.22,2025-10-09,Completed
3934,2846,Ahmed,Groceries,8,828.49,2025-07-26,Cancelled
3935,2442,Hassan,Electronics,9,652.88,2025-11-05,Cancelled
3936,2074,Iqra,Clothing,1,1536.76,2025-03-07,Completed
3937,1717,Ahmed,Toys,5,515.65,2025-10-09,Cancelled
3938,1988,Hina,Books,2,1795.1,2025-03-20,Completed
3939,1245,Iqra,Beauty,8,1082.21,2025-03-01,Returned
3940,2042,Iqra,Electronics,5,1383.42,2026-03-13,Returned
3941,2875,Maham,Books,10,1109.84,2025-05-18,Completed
3942,1101,Omar,Toys,7,185.26,2025-07-27,Completed
3943,1963,Danish,Books,2,1736.93,2025-12-29,Pending
3944,2246,Ahmed,Sports,3,885.3,2025-06-06,Pending
3945,1923,Hamza,Beauty,2,1364.92,2025-03-01,Completed
3946,2344,Danish,Home,3,1685.31,2026-01-17,Completed
3947,2087,Ayesha,Home,6,1041.65,2025-03-16,Completed
3948,1194,Hina,Sports,6,315.29,2025-02-06,Completed
3949,1450,Omar,Sports,7,109.63,2025-06-09,Pending
3950,1016,Maham,Home,2,268.74,2025-03-28,Returned
3951,1439,Sana,Beauty,6,204.52,2025-09-27,Pending
3952,1443,Laiba,Toys,10,377.64,2025-02-24,Pending
3953,1491,Taha,Clothing,8,316.51,2025-10-09,Cancelled
3954,1941,Hamza,Beauty,3,1508.43,2025-04-29,Cancelled
3955,1654,Sara,Home,6,1782.35,2026-01-28,Cancelled
3956,2583,Iqra,Books,2,537.17,2026-04-03,Returned
3957,1597,Maham,Groceries,1,751.89,2025-07-29,Completed
3958,2206,Bilal,Clothing,6,1099.22,2025-05-28,Pending
3959,1118,Zain,Clothing,5,1368.62,2025-11-02,Cancelled
3960,2593,Sana,Clothing,4,1224.65,2026-03-11,Pending
3961,1622,Laiba,Books,10,243.01,2025-07-23,Returned
3962,1181,Fatima,Electronics,10,1055.29,2025-01-06,Cancelled
3963,1111,Bilal,Electronics,3,690.44,2025-02-12,Completed
3964,1183,Danish,Toys,6,1258.97,2025-04-08,Returned
3965,2116,Fatima,Books,4,627.5,2025-01-20,Cancelled
3966,2397,Ali,Toys,4,1368.2,2025-10-08,Returned
3967,2116,Iqra,Clothing,1,1626.72,2025-09-25,Cancelled
3968,1828,Danish,Groceries,1,1806.13,2025-04-27,Cancelled
3969,1900,Sara,Clothing,10,807.89,2025-12-08,Pending
3970,2936,Bilal,Electronics,3,637.98,2026-04-19,Pending
3971,1996,Sara,Beauty,10,1605.82,2025-03-04,Pending
3972,2116,Usman,Groceries,1,445.6,2025-10-20,Cancelled
3973,2609,Zain,Beauty,2,1967.43,2026-01-28,Pending
3974,2303,Bilal,Sports,1,1049.37,2025-07-23,Completed
3975,1186,Ayesha,Sports,5,217.1,2026-01-10,Completed
3976,1862,Maham,Beauty,5,801.49,2025-12-31,Completed
3977,2949,Iqra,Clothing,5,1932.69,2025-07-01,Cancelled
3978,2711,Kiran,Electronics,1,606.94,2026-03-07,Cancelled
3979,1595,Kiran,Electronics,6,392.99,2026-02-27,Returned
3980,1925,Laiba,Home,10,1704.89,2025-04-23,Cancelled
3981,2712,Usman,Home,8,846.51,2025-01-29,Pending
3982,2067,Noor,Toys,2,1114.99,2026-04-20,Completed
3983,2256,Fatima,Toys,2,1566.94,2025-11-23,Returned
3984,1766,Maham,Sports,6,769.25,2025-06-04,Returned
3985,1731,Kiran,Electronics,7,1199.21,2026-02-22,Cancelled
3986,2398,Omar,Clothing,8,1274.21,2026-01-19,Completed
3987,1462,Hina,Books,10,618.04,2026-03-19,Completed
3988,2051,Zain,Toys,5,1400.22,2025-10-13,Cancelled
3989,1296,Sana,Home,6,1325.08,2025-09-06,Pending
3990,1280,Usman,Home,8,532.06,2025-12-18,Returned
3991,2289,Hina,Toys,2,1248.84,2026-01-05,Pending
3992,1122,Fatima,Books,1,1708.19,2026-02-07,Pending
3993,1845,Hamza,Sports,1,269.46,2025-09-21,Cancelled
3994,1583,Hina,Clothing,8,1455.87,2026-03-08,Pending
3995,2338,Danish,Books,4,1554.03,2025-03-16,Pending
3996,2929,Iqra,Clothing,6,1183.94,2026-02-03,Completed
3997,1285,Kiran,Toys,5,1409.88,2025-08-11,Returned
3998,1132,Ayesha,Groceries,1,665.66,2025-03-09,Cancelled
3999,1525,Zain,Clothing,7,596.77,2025-06-07,Completed
4000,1414,Bilal,Clothing,5,1785.84,2025-08-01,Cancelled
4001,2153,Maham,Sports,4,1888.87,2025-04-07,Pending
4002,2020,Danish,Clothing,2,1426.93,2025-12-14,Pending
4003,1079,Hina,Groceries,4,1154.73,2026-01-03,Cancelled
4004,2768,Sara,Books,5,1031.74,2025-07-28,Pending
4005,2848,Fatima,Electronics,9,767.61,2025-07-19,Returned
4006,1570,Sara,Electronics,4,294.29,2026-03-08,Pending
4007,1757,Omar,Clothing,9,1808.93,2025-12-18,Returned
4008,2312,Zain,Sports,5,221.66,2026-03-10,Returned
4009,2813,Fatima,Sports,7,754.8,2025-02-01,Completed
4010,2134,Usman,Beauty,7,566.28,2025-03-29,Completed
4011,2794,Sara,Electronics,6,1856.26,2025-09-11,Cancelled
4012,1656,Danish,Sports,5,310.0,2025-01-14,Completed
4013,1959,Maham,Electronics,3,203.84,2026-03-20,Returned
4014,2163,Hamza,Sports,2,1744.39,2025-02-18,Pending
4015,2631,Ali,Toys,4,1393.82,2025-02-03,Completed
4016,1650,Ayesha,Electronics,6,1800.82,2025-08-30,Completed
4017,1688,Hamza,Clothing,8,937.0,2026-04-24,Completed
4018,2589,Ali,Electronics,5,400.0,2025-02-03,Returned
4019,1655,Fatima,Groceries,9,1355.15,2025-10-16,Returned
4020,1055,Kiran,Clothing,9,801.11,2025-03-10,Completed
4021,1256,Laiba,Groceries,5,778.05,2025-09-02,Returned
4022,2777,Ayesha,Books,1,1981.76,2025-12-09,Cancelled
4023,2964,Noor,Groceries,9,1016.76,2025-07-19,Pending
4024,1314,Hamza,Sports,6,948.38,2025-04-04,Completed
4025,1853,Hassan,Electronics,5,1743.06,2025-07-09,Pending
4026,1976,Danish,Beauty,6,1235.69,2025-04-13,Completed
4027,1612,Hassan,Sports,10,1802.87,2026-02-08,Returned
4028,1035,Usman,Books,3,430.59,2025-05-24,Cancelled
4029,1526,Sana,Electronics,9,175.22,2025-06-14,Completed
4030,2275,Iqra,Home,8,1888.43,2025-01-09,Cancelled
4031,1591,Usman,Groceries,10,1030.77,2025-09-30,Completed
4032,2256,Omar,Home,1,901.61,2025-02-18,Returned
4033,1598,Ayesha,Electronics,10,181.49,2026-02-16,Completed
4034,2200,Ali,Clothing,7,1484.63,2026-01-09,Returned
4035,1753,Ayesha,Books,5,1828.73,2025-02-02,Completed
4036,1233,Ali,Sports,7,758.34,2025-06-24,Completed
4037,1737,Usman,Sports,6,721.62,2025-01-11,Returned
4038,1326,Hina,Clothing,5,1300.98,2025-04-05,Returned
4039,1866,Hina,Toys,5,675.0,2025-02-26,Pending
4040,2901,Omar,Sports,10,1519.17,2025-01-13,Returned
4041,1460,Zain,Clothing,9,1920.3,2025-11-25,Cancelled
4042,1635,Kiran,Toys,2,1268.59,2025-12-28,Completed
4043,1395,Taha,Home,9,239.59,2025-02-03,Cancelled
4044,2174,Usman,Beauty,2,1447.91,2025-05-21,Pending
4045,1348,Sara,Groceries,6,1091.71,2025-06-15,Cancelled
4046,2154,Fatima,Books,8,280.24,2025-09-17,Returned
4047,2104,Hamza,Home,10,1044.46,2025-09-12,Cancelled
4048,1139,Taha,Sports,10,1225.55,2025-12-29,Returned
4049,2992,Omar,Toys,1,964.33,2025-09-18,Pending
4050,1621,Hina,Electronics,2,1459.94,2026-04-11,Cancelled
4051,2123,Danish,Electronics,7,481.52,2026-01-19,Pending
4052,2021,Ali,Groceries,9,1938.5,2026-02-04,Completed
4053,2478,Ali,Electronics,7,1686.0,2026-04-10,Returned
4054,1241,Sara,Electronics,9,1888.77,2025-03-14,Cancelled
4055,2405,Maham,Books,9,1931.21,2026-02-16,Pending
4056,1172,Hassan,Beauty,7,244.5,2025-05-10,Pending
4057,1761,Ayesha,Electronics,3,1021.59,2026-04-20,Completed
4058,1710,Hassan,Sports,8,1207.98,2025-12-09,Returned
4059,1775,Sara,Books,4,607.23,2025-09-30,Completed
4060,2763,Taha,Clothing,1,1686.71,2025-09-14,Cancelled
4061,2560,Taha,Beauty,7,694.87,2025-04-29,Completed
4062,2678,Iqra,Books,7,512.61,2025-07-06,Returned
4063,1581,Usman,Groceries,7,51.79,2026-02-07,Pending
4064,1030,Taha,Toys,3,1846.72,2025-05-31,Cancelled
4065,2026,Hamza,Books,3,389.09,2025-11-16,Returned
4066,1692,Hina,Clothing,1,574.7,2025-11-24,Returned
4067,1494,Sara,Books,2,929.79,2026-02-23,Completed
4068,2487,Noor,Electronics,10,1786.9,2025-11-16,Returned
4069,1450,Laiba,Sports,7,1646.63,2025-05-25,Completed
4070,2700,Taha,Electronics,7,298.65,2025-02-12,Pending
4071,1456,Laiba,Sports,10,190.73,2025-03-21,Cancelled
4072,1848,Usman,Beauty,2,464.84,2026-03-27,Pending
4073,1095,Ayesha,Groceries,8,1397.17,2026-03-31,Pending
4074,2738,Zain,Beauty,6,163.74,2025-06-02,Completed
4075,2251,Sara,Books,2,686.5,2025-08-21,Completed
4076,1844,Omar,Sports,3,1514.08,2025-03-01,Completed
4077,2437,Hamza,Electronics,4,1703.29,2025-06-04,Cancelled
4078,2698,Zain,Clothing,2,1724.76,2025-06-02,Pending
4079,2241,Sana,Books,9,341.71,2025-07-22,Completed
4080,1421,Zain,Toys,9,210.29,2026-01-09,Completed
4081,2053,Maham,Toys,5,209.79,2025-09-03,Completed
4082,1011,Hamza,Home,10,1975.42,2025-11-03,Returned
4083,1193,Iqra,Beauty,3,1832.3,2025-04-02,Cancelled
4084,1779,Ali,Electronics,4,1751.72,2025-12-17,Cancelled
4085,2072,Ayesha,Electronics,9,162.03,2025-04-10,Cancelled
4086,1746,Sara,Electronics,6,828.21,2025-04-23,Completed
4087,2141,Danish,Electronics,9,236.09,2026-04-26,Returned
4088,2281,Iqra,Clothing,1,1373.59,2025-07-25,Completed
4089,2871,Omar,Groceries,7,1413.26,2025-05-10,Pending
4090,1976,Hamza,Books,1,1876.63,2025-02-12,Returned
4091,1515,Hamza,Books,5,1441.56,2025-04-24,Cancelled
4092,2564,Ayesha,Clothing,6,890.09,2025-11-16,Pending
4093,2520,Fatima,Electronics,6,1896.3,2025-05-04,Cancelled
4094,2622,Ali,Toys,10,1559.81,2025-08-26,Pending
4095,2703,Ayesha,Groceries,10,1495.95,2026-01-22,Pending
4096,1961,Ahmed,Clothing,6,1067.18,2025-04-15,Returned
4097,1763,Ayesha,Clothing,7,171.53,2025-04-21,Pending
4098,2365,Omar,Home,9,1544.51,2025-10-20,Completed
4099,2754,Iqra,Beauty,3,243.73,2026-02-09,Completed
4100,1240,Hina,Clothing,2,1444.73,2025-02-04,Pending
4101,2789,Taha,Electronics,5,796.52,2025-05-21,Completed
4102,2089,Hina,Home,5,1431.37,2025-01-28,Cancelled
4103,2829,Kiran,Toys,6,1325.68,2025-08-08,Returned
4104,1941,Ahmed,Beauty,4,701.33,2025-02-20,Cancelled
4105,1839,Ayesha,Books,3,1476.64,2025-08-20,Cancelled
4106,1207,Sara,Groceries,7,1176.86,2025-03-26,Completed
4107,2259,Bilal,Electronics,1,934.82,2025-05-10,Completed
4108,1886,Danish,Electronics,8,403.17,2025-11-18,Completed
4109,2159,Taha,Toys,2,1513.13,2026-01-07,Cancelled
4110,2253,Iqra,Home,2,133.48,2025-03-24,Cancelled
4111,1611,Usman,Groceries,1,1139.99,2025-06-17,Returned
4112,1389,Fatima,Books,4,513.64,2025-08-15,Cancelled
4113,2106,Noor,Books,5,1961.27,2026-03-25,Pending
4114,1407,Laiba,Groceries,1,795.18,2026-04-07,Returned
4115,1721,Laiba,Groceries,10,1290.73,2026-02-09,Pending
4116,2687,Hassan,Electronics,6,834.0,2026-04-11,Completed
4117,1780,Taha,Books,5,484.0,2025-06-07,Cancelled
4118,2690,Bilal,Toys,6,1504.01,2025-03-16,Cancelled
4119,1492,Laiba,Sports,9,1530.23,2026-04-13,Cancelled
4120,1883,Hassan,Sports,2,1987.38,2026-02-26,Completed
4121,1257,Omar,Toys,1,358.7,2025-05-19,Completed
4122,2010,Noor,Groceries,4,517.56,2025-03-01,Pending
4123,2673,Sana,Toys,9,1971.34,2025-06-13,Completed
4124,1680,Taha,Sports,9,1001.18,2025-10-10,Returned
4125,2277,Danish,Groceries,3,1894.74,2025-06-13,Cancelled
4126,1200,Noor,Toys,10,753.4,2025-02-01,Completed
4127,2267,Danish,Electronics,7,881.21,2026-04-13,Pending
4128,2130,Omar,Electronics,5,1695.47,2025-06-01,Returned
4129,1776,Zain,Groceries,9,89.7,2025-06-03,Completed
4130,2091,Hina,Clothing,6,1689.52,2025-03-12,Pending
4131,1463,Sana,Sports,9,1325.48,2025-09-20,Cancelled
4132,2760,Ayesha,Beauty,5,458.55,2025-09-25,Pending
4133,2486,Danish,Toys,1,1204.83,2025-01-22,Pending
4134,2234,Sara,Clothing,5,1705.29,2025-11-22,Cancelled
4135,2012,Ahmed,Sports,10,318.03,2026-02-06,Pending
4136,2769,Ali,Books,6,1341.51,2025-06-04,Cancelled
4137,1927,Iqra,Electronics,9,589.98,2025-02-19,Cancelled
4138,2496,Kiran,Electronics,5,85.27,2025-08-20,Returned
4139,1840,Maham,Sports,10,60.76,2025-01-14,Completed
4140,2763,Iqra,Electronics,2,926.43,2026-03-19,Returned
4141,1958,Hamza,Home,9,1878.1,2025-02-12,Cancelled
4142,2358,Ali,Books,1,1181.0,2026-02-26,Pending
4143,2337,Laiba,Toys,4,1897.42,2026-01-06,Completed
4144,1819,Maham,Toys,1,835.17,2025-01-29,Completed
4145,2941,Danish,Beauty,3,1826.56,2025-05-13,Cancelled
4146,2676,Hamza,Groceries,8,1184.8,2025-09-02,Returned
4147,2853,Zain,Home,7,1379.45,2026-02-24,Pending
4148,1151,Hina,Home,9,514.33,2026-03-06,Completed
4149,1863,Ayesha,Books,3,1674.99,2025-10-31,Returned
4150,1914,Ayesha,Groceries,8,168.76,2026-03-28,Cancelled
4151,1932,Sara,Electronics,4,1507.62,2025-11-05,Completed
4152,2703,Ali,Beauty,8,899.21,2025-08-02,Returned
4153,2362,Usman,Groceries,10,185.57,2025-03-18,Returned
4154,2405,Sara,Groceries,7,234.55,2025-01-22,Completed
4155,2160,Iqra,Groceries,2,449.03,2026-04-14,Pending
4156,2347,Usman,Clothing,1,1289.92,2025-04-03,Completed
4157,2161,Usman,Toys,7,498.67,2025-10-20,Returned
4158,2202,Ayesha,Clothing,10,1098.98,2026-04-03,Completed
4159,1388,Bilal,Sports,2,1217.9,2025-02-22,Completed
4160,2815,Hina,Beauty,4,1464.17,2026-03-19,Completed
4161,2348,Hina,Beauty,3,1506.2,2025-08-23,Cancelled
4162,1928,Maham,Beauty,3,176.22,2026-02-07,Completed
4163,2747,Zain,Clothing,1,757.29,2025-08-02,Pending
4164,2430,Taha,Beauty,7,1943.44,2026-03-10,Cancelled
4165,2782,Iqra,Electronics,6,1474.35,2025-04-06,Cancelled
4166,1821,Fatima,Toys,6,1738.89,2026-02-14,Completed
4167,2847,Noor,Home,9,1751.26,2025-05-14,Returned
4168,1109,Sara,Beauty,1,471.64,2025-12-08,Cancelled
4169,2097,Hamza,Toys,10,542.57,2026-04-06,Cancelled
4170,2227,Taha,Electronics,8,1559.66,2026-04-24,Pending
4171,2370,Danish,Toys,5,838.83,2025-10-07,Returned
4172,1672,Laiba,Clothing,1,1636.28,2026-03-24,Cancelled
4173,1590,Noor,Books,8,1733.37,2026-04-11,Cancelled
4174,2417,Ayesha,Electronics,9,1861.67,2025-09-15,Completed
4175,2477,Ahmed,Clothing,6,785.19,2025-06-04,Cancelled
4176,2840,Hassan,Beauty,4,523.5,2025-03-14,Cancelled
4177,1813,Taha,Clothing,6,519.33,2025-11-24,Completed
4178,1200,Fatima,Clothing,9,1041.96,2025-12-01,Completed
4179,1250,Hina,Sports,2,1541.44,2025-02-17,Completed
4180,1602,Ahmed,Beauty,10,833.78,2026-02-17,Pending
4181,2041,Iqra,Books,4,217.7,2025-04-13,Cancelled
4182,1632,Laiba,Books,10,161.13,2025-09-11,Cancelled
4183,2822,Laiba,Books,9,1136.38,2026-02-28,Cancelled
4184,1586,Hamza,Home,3,1714.1,2026-01-05,Pending
4185,1010,Taha,Sports,6,590.64,2025-02-09,Cancelled
4186,1915,Noor,Sports,3,331.38,2025-07-15,Completed
4187,2720,Maham,Beauty,4,1682.23,2025-01-29,Pending
4188,2934,Kiran,Clothing,1,1532.86,2025-06-14,Cancelled
4189,2215,Laiba,Beauty,2,726.14,2026-04-02,Completed
4190,2652,Hina,Clothing,7,1855.53,2026-02-24,Pending
4191,1296,Laiba,Clothing,2,313.86,2025-03-20,Returned
4192,2520,Hina,Electronics,2,1179.35,2025-08-25,Cancelled
4193,2934,Kiran,Clothing,3,516.23,2026-01-31,Completed
4194,1525,Hamza,Clothing,5,1216.67,2025-01-22,Cancelled
4195,1735,Maham,Groceries,8,1748.98,2025-05-27,Completed
4196,1217,Ali,Sports,2,173.09,2025-09-15,Completed
4197,2942,Sana,Groceries,1,1620.21,2025-10-13,Cancelled
4198,2019,Ali,Clothing,1,316.5,2025-04-11,Returned
4199,1692,Zain,Home,4,478.24,2025-03-02,Completed
4200,1611,Hina,Sports,5,1459.11,2025-05-29,Completed
4201,1788,Hassan,Home,4,380.42,2026-04-01,Pending
4202,2220,Hassan,Electronics,7,866.83,2025-11-12,Cancelled
4203,1397,Kiran,Electronics,3,1543.09,2025-07-24,Pending
4204,2791,Zain,Books,7,500.49,2026-04-06,Pending
4205,2335,Sana,Toys,1,1405.03,2025-03-06,Returned
4206,1518,Ahmed,Toys,3,1160.95,2025-07-31,Pending
4207,1462,Ahmed,Sports,5,1283.05,2026-03-10,Pending
4208,1412,Hassan,Home,10,1092.92,2026-01-30,Completed
4209,1372,Sara,Groceries,5,566.15,2025-04-22,Completed
4210,2682,Ahmed,Sports,4,464.58,2026-01-13,Pending
4211,1404,Noor,Beauty,6,1086.21,2025-04-04,Cancelled
4212,2696,Bilal,Beauty,8,1535.53,2026-03-29,Cancelled
4213,1312,Iqra,Groceries,9,1760.71,2025-07-03,Pending
4214,1444,Maham,Books,1,351.25,2025-04-26,Pending
4215,1024,Zain,Home,2,123.76,2025-09-17,Cancelled
4216,2078,Ahmed,Home,3,460.62,2026-04-25,Pending
4217,2711,Laiba,Home,10,871.94,2025-09-03,Cancelled
4218,2536,Sana,Electronics,3,1799.28,2025-08-05,Returned
4219,2945,Zain,Beauty,9,368.05,2025-06-25,Returned
4220,1405,Ayesha,Toys,8,881.94,2025-06-20,Completed
4221,1988,Omar,Books,1,1654.26,2025-03-08,Completed
4222,1386,Hina,Home,3,569.92,2025-03-15,Pending
4223,1201,Taha,Clothing,7,617.45,2025-09-13,Completed
4224,2276,Sana,Sports,8,1511.1,2025-10-21,Cancelled
4225,1520,Sara,Beauty,5,1903.27,2026-01-13,Pending
4226,2711,Sara,Books,3,1961.93,2026-02-28,Returned
4227,2673,Usman,Toys,4,893.04,2026-02-05,Pending
4228,2957,Kiran,Sports,6,555.27,2026-04-14,Completed
4229,1773,Kiran,Books,6,333.34,2025-06-21,Pending
4230,1372,Bilal,Groceries,7,1581.86,2025-10-28,Returned
4231,2928,Omar,Beauty,6,1220.58,2025-10-22,Pending
4232,2368,Ali,Home,2,1994.08,2025-02-10,Cancelled
4233,1336,Taha,Groceries,1,1327.79,2025-05-11,Cancelled
4234,2475,Hamza,Books,4,1679.87,2025-09-08,Pending
4235,2724,Danish,Groceries,1,1309.78,2025-08-19,Completed
4236,2274,Ayesha,Sports,4,566.81,2025-12-10,Returned
4237,2835,Hina,Clothing,3,1889.19,2025-03-30,Cancelled
4238,1340,Maham,Clothing,3,795.31,2025-07-21,Cancelled
4239,1864,Iqra,Clothing,6,835.87,2026-03-29,Completed
4240,1634,Sana,Electronics,8,1279.97,2025-08-15,Completed
4241,1153,Fatima,Sports,2,118.68,2025-03-08,Pending
4242,1697,Noor,Groceries,7,1798.53,2025-04-04,Pending
4243,2515,Ahmed,Books,3,1071.04,2026-01-19,Returned
4244,2405,Laiba,Clothing,6,1319.01,2026-03-02,Completed
4245,1691,Laiba,Electronics,1,1870.39,2025-08-29,Pending
4246,1518,Ahmed,Beauty,2,1210.79,2025-09-12,Pending
4247,2832,Omar,Electronics,7,1057.37,2025-08-31,Returned
4248,2186,Hassan,Beauty,6,895.24,2025-07-18,Returned
4249,2640,Noor,Clothing,7,922.53,2025-08-20,Pending
4250,2674,Sara,Clothing,5,1309.35,2025-08-01,Pending
4251,1783,Hina,Toys,5,1356.98,2026-01-14,Cancelled
4252,2181,Hassan,Toys,10,1354.86,2026-04-23,Returned
4253,1465,Zain,Electronics,6,633.44,2025-01-14,Returned
4254,1075,Ahmed,Sports,9,486.89,2026-03-12,Returned
4255,1308,Ayesha,Sports,1,268.43,2025-09-23,Completed
4256,1507,Fatima,Books,6,1556.06,2025-04-17,Returned
4257,1635,Bilal,Sports,9,823.45,2025-12-14,Completed
4258,2006,Ali,Books,8,521.61,2025-02-28,Completed
4259,1966,Taha,Toys,3,1330.75,2025-05-23,Pending
4260,2965,Bilal,Groceries,7,675.09,2025-02-24,Completed
4261,1088,Ali,Groceries,8,1469.87,2025-01-27,Completed
4262,1041,Ali,Beauty,8,1864.32,2025-11-23,Returned
4263,2509,Noor,Books,7,1859.67,2025-06-18,Cancelled
4264,2176,Hina,Books,3,1600.88,2025-02-26,Returned
4265,1280,Hamza,Groceries,10,1344.31,2025-08-11,Cancelled
4266,2858,Noor,Clothing,1,972.78,2025-03-29,Cancelled
4267,2765,Usman,Home,1,474.91,2026-02-21,Pending
4268,1505,Zain,Beauty,2,1612.5,2025-09-10,Pending
4269,2902,Zain,Electronics,10,1412.54,2026-03-18,Returned
4270,2878,Hamza,Books,9,186.9,2026-04-25,Cancelled
4271,2045,Bilal,Books,3,1551.57,2025-05-15,Pending
4272,2036,Hassan,Toys,2,670.15,2025-05-25,Cancelled
4273,1853,Omar,Sports,4,253.05,2025-02-09,Cancelled
4274,1144,Zain,Books,4,51.04,2025-03-16,Returned
4275,1178,Ayesha,Beauty,1,1063.35,2026-01-25,Returned
4276,2348,Noor,Toys,4,1049.77,2026-02-17,Cancelled
4277,1460,Zain,Toys,3,89.69,2026-01-19,Returned
4278,2038,Sara,Beauty,10,1322.46,2025-12-15,Pending
4279,1564,Maham,Beauty,1,917.69,2026-03-24,Pending
4280,2208,Omar,Groceries,7,1832.58,2026-02-24,Completed
4281,2470,Ali,Electronics,7,887.05,2026-04-16,Completed
4282,2263,Sara,Beauty,9,929.71,2025-10-02,Returned
4283,1324,Iqra,Clothing,6,1619.55,2025-04-05,Pending
4284,1153,Hina,Groceries,2,1061.12,2025-08-08,Pending
4285,1948,Maham,Groceries,2,1425.08,2026-01-17,Returned
4286,2500,Ali,Home,7,1615.54,2026-03-21,Returned
4287,1619,Bilal,Sports,3,1567.51,2025-01-22,Cancelled
4288,1067,Hamza,Beauty,5,1070.66,2026-02-20,Pending
4289,1770,Sana,Toys,5,1159.24,2026-02-02,Pending
4290,1986,Taha,Toys,10,1797.25,2026-03-13,Cancelled
4291,1124,Sara,Toys,9,314.68,2026-01-07,Pending
4292,1784,Ayesha,Toys,4,487.39,2025-01-01,Pending
4293,2234,Fatima,Clothing,4,592.25,2026-04-25,Returned
4294,1154,Ali,Home,9,590.91,2026-04-25,Returned
4295,1986,Hassan,Books,6,665.04,2026-01-08,Pending
4296,2891,Noor,Electronics,6,1158.96,2026-03-25,Pending
4297,2709,Omar,Toys,3,523.0,2025-06-30,Cancelled
4298,1160,Ayesha,Toys,7,803.34,2025-05-12,Completed
4299,2248,Hina,Toys,6,1166.87,2026-01-02,Cancelled
4300,1977,Hassan,Sports,2,1322.11,2026-04-27,Returned
4301,2303,Sana,Beauty,8,1809.06,2025-02-28,Cancelled
4302,2156,Sana,Electronics,1,464.11,2025-03-01,Cancelled
4303,2872,Zain,Groceries,6,1145.13,2025-03-19,Pending
4304,1925,Hamza,Toys,8,760.9,2026-04-06,Completed
4305,2908,Hina,Clothing,5,1883.73,2026-01-17,Pending
4306,1232,Usman,Books,7,260.51,2025-11-03,Cancelled
4307,2925,Ayesha,Toys,6,989.19,2026-03-20,Cancelled
4308,1103,Zain,Groceries,6,339.7,2025-06-12,Returned
4309,2492,Danish,Home,7,1148.9,2026-04-15,Returned
4310,2100,Sara,Beauty,6,1259.26,2025-08-26,Returned
4311,2714,Noor,Electronics,7,98.88,2026-03-28,Returned
4312,1640,Sara,Books,2,1702.48,2025-10-31,Returned
4313,1837,Ayesha,Books,10,1707.6,2025-06-29,Completed
4314,1357,Zain,Electronics,6,1172.7,2025-05-31,Pending
4315,1093,Laiba,Toys,4,523.76,2025-06-28,Returned
4316,1376,Ali,Home,4,621.44,2025-04-20,Cancelled
4317,2997,Fatima,Books,6,1321.39,2025-12-12,Completed
4318,1688,Sara,Home,4,1330.12,2025-09-15,Returned
4319,1489,Bilal,Clothing,5,239.0,2025-07-27,Returned
4320,1200,Usman,Books,9,1491.12,2025-11-21,Returned
4321,1552,Usman,Sports,2,1074.15,2025-10-04,Returned
4322,1952,Ahmed,Beauty,3,842.62,2026-04-03,Completed
4323,2001,Hamza,Groceries,2,1496.69,2025-09-04,Completed
4324,1737,Danish,Home,1,1696.24,2025-01-09,Completed
4325,2538,Laiba,Toys,10,1316.6,2026-01-01,Returned
4326,2282,Fatima,Toys,8,603.09,2026-02-18,Cancelled
4327,2950,Sana,Books,6,754.3,2025-05-22,Cancelled
4328,2646,Maham,Beauty,8,1037.15,2025-04-17,Cancelled
4329,2680,Danish,Books,1,1686.09,2026-02-06,Returned
4330,1397,Maham,Toys,3,1709.43,2025-11-01,Returned
4331,2385,Iqra,Groceries,5,1637.06,2025-03-23,Pending
4332,1352,Usman,Books,3,1661.28,2025-07-07,Completed
4333,2817,Danish,Groceries,5,224.79,2025-08-27,Cancelled
4334,1729,Fatima,Groceries,8,157.69,2025-05-27,Pending
4335,2326,Zain,Electronics,1,1203.7,2025-06-17,Pending
4336,1633,Danish,Beauty,1,117.98,2025-02-11,Pending
4337,2601,Laiba,Groceries,6,1649.98,2025-03-31,Completed
4338,2940,Zain,Sports,10,1880.22,2025-12-13,Completed
4339,2761,Omar,Groceries,6,618.96,2026-04-01,Cancelled
4340,2399,Hassan,Home,8,1094.59,2025-12-13,Returned
4341,1308,Bilal,Books,4,1088.42,2025-03-07,Returned
4342,1071,Zain,Clothing,1,268.54,2025-04-18,Returned
4343,2316,Noor,Electronics,10,1257.36,2025-12-31,Returned
4344,2298,Omar,Books,10,723.21,2026-02-12,Completed
4345,1701,Hassan,Toys,8,1355.78,2025-01-03,Completed
4346,2786,Bilal,Books,9,1239.67,2025-05-09,Completed
4347,1234,Usman,Beauty,3,1069.76,2025-11-07,Cancelled
4348,2439,Fatima,Beauty,7,394.13,2025-04-03,Cancelled
4349,1326,Omar,Groceries,7,278.6,2025-08-13,Returned
4350,2997,Sana,Home,5,578.54,2025-09-07,Cancelled
4351,1358,Danish,Sports,6,1744.29,2025-12-11,Cancelled
4352,2597,Zain,Beauty,8,321.45,2026-03-07,Cancelled
4353,2602,Ayesha,Electronics,6,993.83,2025-09-27,Cancelled
4354,1830,Zain,Toys,2,1172.36,2026-03-30,Cancelled
4355,1244,Maham,Clothing,1,1591.79,2025-09-09,Pending
4356,2499,Usman,Toys,3,700.9,2025-07-31,Completed
4357,1148,Sara,Beauty,10,1622.52,2026-01-09,Returned
4358,2534,Sara,Clothing,7,1782.78,2026-01-27,Completed
4359,1685,Sana,Home,2,977.6,2025-01-01,Completed
4360,1564,Ayesha,Home,2,1129.13,2026-03-10,Cancelled
4361,2507,Iqra,Clothing,8,100.45,2026-03-09,Completed
4362,2133,Maham,Books,10,180.74,2025-07-10,Completed
4363,1399,Ali,Groceries,4,783.36,2025-06-20,Cancelled
4364,1900,Ali,Toys,10,1978.45,2026-03-28,Pending
4365,1157,Noor,Electronics,9,444.75,2025-12-28,Returned
4366,2213,Ali,Clothing,8,1813.33,2025-07-06,Cancelled
4367,2657,Maham,Clothing,3,512.65,2025-05-12,Completed
4368,1463,Ahmed,Clothing,10,179.74,2026-02-07,Pending
4369,1791,Usman,Toys,2,1103.82,2026-01-22,Cancelled
4370,1983,Usman,Sports,1,232.44,2025-05-10,Completed
4371,2332,Iqra,Toys,1,1325.65,2026-01-12,Returned
4372,2599,Maham,Beauty,10,1324.87,2025-08-29,Returned
4373,1562,Sara,Toys,6,1648.02,2025-08-08,Completed
4374,2453,Fatima,Clothing,5,1026.12,2025-11-13,Pending
4375,1979,Ayesha,Groceries,2,1206.84,2026-02-12,Returned
4376,2367,Taha,Groceries,2,1039.93,2025-06-16,Returned
4377,2726,Omar,Groceries,6,334.48,2025-07-04,Returned
4378,2228,Hassan,Clothing,7,1385.26,2025-04-22,Returned
4379,2660,Iqra,Toys,2,484.46,2025-04-12,Cancelled
4380,2551,Hina,Electronics,3,1344.18,2025-12-31,Returned
4381,1719,Omar,Electronics,8,1053.14,2025-07-15,Cancelled
4382,1088,Kiran,Groceries,2,1670.55,2025-07-23,Completed
4383,2844,Laiba,Toys,9,1450.59,2025-10-14,Cancelled
4384,1039,Kiran,Toys,6,605.46,2025-07-13,Returned
4385,1811,Zain,Electronics,6,1692.15,2025-07-07,Pending
4386,1301,Ayesha,Groceries,5,1086.43,2026-03-14,Completed
4387,1241,Ali,Sports,2,810.28,2025-12-26,Completed
4388,2387,Ayesha,Clothing,8,416.4,2025-12-13,Returned
4389,2676,Bilal,Sports,4,69.61,2025-06-22,Returned
4390,1607,Kiran,Beauty,7,1864.99,2026-04-24,Returned
4391,1865,Bilal,Sports,2,1510.45,2025-10-01,Pending
4392,2919,Taha,Beauty,3,1537.78,2025-02-19,Pending
4393,1151,Hassan,Beauty,2,1344.47,2025-09-02,Cancelled
4394,1757,Sara,Books,10,903.61,2026-01-04,Completed
4395,1640,Maham,Home,6,1708.93,2026-01-28,Completed
4396,2889,Danish,Books,2,1951.66,2025-01-16,Completed
4397,2282,Hamza,Beauty,1,888.73,2025-06-20,Cancelled
4398,1374,Ahmed,Groceries,1,1078.82,2025-10-19,Cancelled
4399,2949,Omar,Toys,3,917.17,2025-12-14,Returned
4400,1810,Maham,Sports,6,1146.27,2025-04-12,Returned
4401,2010,Sara,Home,10,1141.66,2025-11-12,Returned
4402,1084,Taha,Groceries,9,1735.36,2025-04-12,Completed
4403,2341,Iqra,Sports,7,206.77,2026-01-20,Completed
4404,1311,Danish,Sports,6,1985.54,2026-01-15,Completed
4405,1411,Iqra,Sports,6,296.99,2025-04-29,Returned
4406,1142,Hamza,Electronics,9,576.37,2025-12-30,Returned
4407,2848,Danish,Clothing,9,623.18,2025-10-30,Completed
4408,2597,Hamza,Toys,2,856.56,2026-04-28,Cancelled
4409,2313,Taha,Home,8,1427.84,2025-09-17,Pending
4410,2520,Hamza,Groceries,6,1314.12,2025-02-05,Pending
4411,1059,Bilal,Books,6,1560.81,2025-05-23,Returned
4412,1084,Hassan,Toys,2,1395.46,2026-01-22,Pending
4413,1989,Sara,Books,1,488.14,2026-04-04,Cancelled
4414,2626,Noor,Toys,8,976.06,2026-02-23,Cancelled
4415,2101,Ali,Beauty,2,831.23,2025-01-02,Cancelled
4416,1912,Laiba,Toys,4,471.3,2025-04-05,Completed
4417,2959,Zain,Beauty,2,1465.01,2025-03-24,Cancelled
4418,1487,Laiba,Toys,5,798.95,2025-06-04,Pending
4419,2523,Laiba,Beauty,7,553.78,2025-02-10,Cancelled
4420,2741,Noor,Clothing,8,274.76,2025-08-26,Returned
4421,1499,Usman,Electronics,7,1906.39,2025-12-06,Cancelled
4422,2374,Noor,Clothing,4,1338.43,2025-06-25,Cancelled
4423,2029,Ahmed,Groceries,1,143.03,2026-01-08,Completed
4424,2726,Ayesha,Electronics,8,1087.77,2025-10-19,Pending
4425,1495,Usman,Sports,5,1668.12,2025-12-14,Completed
4426,1359,Iqra,Beauty,4,1284.17,2025-12-16,Returned
4427,1740,Sana,Clothing,4,1279.09,2025-12-27,Completed
4428,2654,Hina,Clothing,2,1150.06,2025-10-10,Completed
4429,1692,Iqra,Groceries,4,1030.49,2025-02-05,Cancelled
4430,2415,Hina,Electronics,1,1912.68,2025-07-30,Completed
4431,2864,Hassan,Sports,2,1216.6,2025-08-16,Completed
4432,2141,Ahmed,Clothing,8,536.54,2026-03-22,Returned
4433,1227,Hamza,Groceries,3,1166.37,2025-05-27,Returned
4434,1034,Hassan,Beauty,3,975.67,2026-02-02,Returned
4435,1970,Hina,Home,2,1605.97,2025-02-18,Completed
4436,1889,Sana,Clothing,1,1585.63,2025-05-10,Returned
4437,2473,Bilal,Home,1,314.73,2026-04-08,Completed
4438,1597,Iqra,Sports,2,1345.1,2025-07-16,Returned
4439,1945,Iqra,Sports,2,1013.32,2025-06-17,Pending
4440,1102,Kiran,Home,7,1185.14,2025-06-23,Completed
4441,2442,Maham,Sports,10,899.25,2025-10-19,Pending
4442,1704,Laiba,Sports,8,52.43,2025-04-14,Cancelled
4443,1613,Laiba,Toys,1,1371.4,2026-02-28,Pending
4444,2556,Ahmed,Electronics,4,1882.1,2025-07-04,Completed
4445,2753,Fatima,Books,8,1678.6,2025-05-29,Pending
4446,2385,Ayesha,Clothing,5,646.02,2025-07-08,Cancelled
4447,1486,Maham,Electronics,1,1304.77,2026-02-16,Completed
4448,1115,Ayesha,Toys,3,1323.56,2026-01-07,Cancelled
4449,2066,Sara,Home,7,455.61,2025-03-31,Completed
4450,2769,Danish,Electronics,9,383.6,2025-05-03,Cancelled
4451,2196,Taha,Sports,1,258.58,2025-01-23,Pending
4452,2526,Omar,Home,8,86.87,2025-08-18,Returned
4453,2898,Iqra,Clothing,7,1867.95,2026-01-10,Pending
4454,2758,Omar,Books,3,1775.37,2025-09-09,Cancelled
4455,1573,Iqra,Clothing,8,1658.39,2025-03-10,Cancelled
4456,2485,Omar,Books,6,794.71,2025-12-01,Pending
4457,2129,Omar,Electronics,4,1997.7,2025-08-21,Completed
4458,2967,Hassan,Toys,8,478.27,2025-02-21,Returned
4459,2203,Danish,Groceries,1,928.0,2025-04-29,Completed
4460,2104,Bilal,Toys,10,117.85,2026-03-26,Returned
4461,2951,Danish,Clothing,4,1200.67,2025-09-20,Pending
4462,1987,Maham,Electronics,1,158.98,2025-02-05,Pending
4463,1878,Kiran,Sports,4,1472.33,2026-02-23,Returned
4464,2836,Fatima,Home,9,1386.43,2025-06-11,Cancelled
4465,2961,Iqra,Books,7,800.03,2026-02-17,Completed
4466,1350,Hina,Groceries,6,998.77,2026-01-04,Pending
4467,1937,Noor,Sports,4,1260.09,2025-09-14,Returned
4468,2467,Hamza,Home,1,794.37,2025-01-26,Completed
4469,2941,Hamza,Groceries,6,370.11,2025-08-14,Completed
4470,1131,Usman,Groceries,2,387.64,2025-05-24,Cancelled
4471,1966,Ahmed,Books,7,346.43,2025-03-21,Completed
4472,2844,Maham,Groceries,9,1082.52,2025-10-21,Cancelled
4473,2750,Iqra,Beauty,2,1482.74,2025-02-12,Cancelled
4474,1453,Hina,Electronics,3,1912.38,2026-01-14,Pending
4475,1124,Omar,Home,4,407.22,2025-04-19,Pending
4476,2053,Omar,Toys,8,814.06,2025-11-18,Completed
4477,1822,Bilal,Home,5,1567.7,2025-05-07,Returned
4478,1899,Hina,Toys,3,294.29,2025-01-13,Cancelled
4479,2182,Hamza,Sports,5,1257.16,2025-03-27,Completed
4480,1081,Taha,Books,7,802.45,2025-08-19,Cancelled
4481,2262,Sana,Clothing,1,784.82,2025-03-05,Cancelled
4482,2626,Usman,Clothing,7,208.43,2025-05-31,Returned
4483,1026,Maham,Sports,9,1652.05,2025-11-07,Cancelled
4484,1412,Ali,Electronics,7,1029.7,2025-09-17,Pending
4485,2081,Bilal,Groceries,8,768.92,2025-02-21,Cancelled
4486,2901,Fatima,Sports,1,785.16,2026-03-08,Completed
4487,1906,Laiba,Sports,4,806.05,2025-04-16,Returned
4488,2342,Ayesha,Sports,6,1071.06,2025-07-27,Cancelled
4489,1154,Hina,Toys,1,287.1,2026-01-17,Returned
4490,1226,Usman,Electronics,1,1149.7,2025-04-27,Cancelled
4491,1144,Fatima,Books,10,1734.93,2025-07-28,Pending
4492,1563,Bilal,Electronics,4,85.68,2025-06-25,Completed
4493,1357,Ahmed,Sports,2,1600.65,2025-06-19,Returned
4494,2422,Maham,Books,9,717.35,2025-07-01,Returned
4495,1429,Taha,Sports,1,980.42,2026-04-05,Completed
4496,2044,Fatima,Toys,10,1762.38,2025-12-12,Pending
4497,1146,Noor,Sports,9,1093.31,2025-09-25,Pending
4498,2465,Hassan,Books,10,1300.04,2025-11-08,Returned
4499,1160,Hamza,Groceries,4,268.45,2025-06-23,Pending
4500,2585,Taha,Beauty,6,593.75,2026-03-04,Cancelled
4501,2615,Ali,Toys,1,1428.76,2025-01-15,Returned
4502,2169,Ayesha,Clothing,10,476.74,2025-07-07,Completed
4503,1547,Laiba,Toys,7,1753.21,2025-03-08,Pending
4504,1426,Kiran,Beauty,3,639.88,2025-06-06,Cancelled
4505,2693,Bilal,Sports,6,1737.29,2025-11-07,Returned
4506,2723,Iqra,Electronics,8,1203.53,2025-01-07,Returned
4507,2566,Hassan,Sports,3,1396.56,2025-10-18,Cancelled
4508,1189,Sana,Beauty,5,718.63,2025-09-01,Returned
4509,1145,Taha,Home,8,1772.12,2026-01-18,Returned
4510,2146,Ahmed,Clothing,5,296.87,2025-03-20,Cancelled
4511,1904,Maham,Books,5,1562.5,2025-02-16,Pending
4512,2816,Zain,Sports,8,671.22,2025-04-22,Pending
4513,1103,Iqra,Toys,6,1511.06,2026-03-18,Pending
4514,2731,Laiba,Groceries,5,1945.75,2025-04-11,Cancelled
4515,2818,Maham,Groceries,8,202.97,2025-02-16,Returned
4516,2771,Bilal,Groceries,2,464.1,2025-11-27,Returned
4517,2000,Hassan,Toys,6,1336.57,2025-06-11,Completed
4518,2673,Hamza,Toys,6,153.87,2025-03-21,Completed
4519,1292,Iqra,Books,9,1420.98,2026-02-10,Cancelled
4520,1409,Iqra,Sports,3,771.24,2025-09-05,Returned
4521,2945,Ali,Beauty,8,1598.17,2025-01-26,Cancelled
4522,2835,Hina,Electronics,4,350.69,2025-03-01,Completed
4523,2946,Hina,Sports,2,683.14,2026-02-19,Cancelled
4524,1870,Ahmed,Toys,10,294.3,2026-04-01,Cancelled
4525,2732,Maham,Sports,9,449.39,2026-01-23,Completed
4526,2900,Sara,Electronics,7,1641.57,2025-12-11,Completed
4527,1462,Zain,Sports,10,1512.17,2026-02-12,Returned
4528,1373,Ayesha,Sports,3,204.52,2025-12-26,Pending
4529,1807,Sana,Books,2,994.98,2025-04-03,Pending
4530,1507,Hina,Clothing,4,1421.12,2026-03-28,Returned
4531,2648,Zain,Books,5,877.82,2025-10-02,Pending
4532,1807,Omar,Toys,6,905.91,2025-02-22,Returned
4533,1168,Ayesha,Home,6,1956.59,2025-05-18,Returned
4534,1853,Omar,Sports,8,1528.78,2025-12-26,Returned
4535,1971,Ali,Beauty,2,856.67,2026-03-17,Completed
4536,2456,Noor,Groceries,2,576.97,2025-01-27,Returned
4537,2744,Noor,Groceries,7,499.4,2025-06-21,Completed
4538,2025,Bilal,Electronics,8,976.24,2025-03-11,Completed
4539,1201,Omar,Books,5,341.98,2025-01-21,Completed
4540,1512,Ali,Electronics,10,293.6,2026-02-07,Cancelled
4541,1642,Iqra,Toys,2,1759.48,2025-10-16,Completed
4542,2766,Iqra,Home,5,1586.69,2025-07-30,Returned
4543,2364,Laiba,Home,10,273.72,2025-11-04,Returned
4544,2803,Usman,Beauty,1,1303.02,2025-11-29,Completed
4545,1780,Laiba,Groceries,5,1229.58,2026-04-11,Completed
4546,2918,Sana,Beauty,1,1586.17,2025-07-27,Cancelled
4547,2880,Iqra,Electronics,3,1412.16,2025-02-05,Cancelled
4548,2846,Hassan,Sports,6,1149.89,2025-08-17,Completed
4549,1852,Taha,Sports,10,603.49,2025-06-22,Returned
4550,2051,Maham,Clothing,4,654.55,2025-04-07,Pending
4551,1874,Noor,Clothing,6,1846.37,2025-07-23,Completed
4552,2858,Omar,Books,4,652.57,2025-05-18,Completed
4553,2332,Hina,Electronics,8,64.1,2025-12-25,Cancelled
4554,2426,Maham,Groceries,5,902.62,2025-07-15,Pending
4555,2696,Omar,Groceries,2,180.59,2025-01-31,Completed
4556,1288,Danish,Toys,2,267.55,2025-03-22,Cancelled
4557,2029,Usman,Groceries,10,1015.15,2025-04-14,Completed
4558,1582,Zain,Books,10,1439.99,2026-04-10,Cancelled
4559,1955,Hamza,Toys,9,1951.44,2026-04-08,Completed
4560,1921,Bilal,Home,9,1853.26,2025-06-01,Returned
4561,2285,Hina,Beauty,9,385.18,2025-08-19,Pending
4562,1790,Hassan,Home,10,449.72,2025-06-04,Cancelled
4563,2284,Laiba,Toys,4,1480.39,2026-02-08,Pending
4564,1560,Ali,Electronics,4,1271.2,2025-12-17,Returned
4565,1697,Omar,Books,7,528.96,2025-07-23,Pending
4566,2467,Omar,Sports,8,399.36,2025-07-02,Returned
4567,1454,Zain,Groceries,10,202.27,2026-01-09,Returned
4568,2936,Bilal,Clothing,5,1392.51,2025-04-29,Completed
4569,2783,Kiran,Beauty,7,921.72,2025-04-21,Completed
4570,2318,Kiran,Electronics,9,1522.62,2026-03-20,Completed
4571,1796,Usman,Home,7,471.66,2025-09-24,Returned
4572,1276,Zain,Sports,8,890.98,2025-02-06,Returned
4573,2763,Ayesha,Home,6,1300.58,2025-04-10,Pending
4574,2982,Sana,Books,7,721.99,2025-12-02,Completed
4575,1343,Bilal,Electronics,8,138.42,2025-10-19,Returned
4576,1653,Omar,Books,10,991.82,2026-01-09,Returned
4577,2490,Ahmed,Electronics,10,823.47,2025-07-05,Cancelled
4578,1261,Usman,Electronics,10,812.53,2025-06-12,Pending
4579,2187,Ayesha,Sports,1,482.78,2025-11-10,Pending
4580,1955,Kiran,Sports,6,1332.67,2025-12-17,Returned
4581,1746,Ayesha,Groceries,9,429.98,2026-01-03,Pending
4582,2581,Zain,Sports,8,708.45,2025-02-01,Returned
4583,1541,Ali,Beauty,5,982.05,2025-01-16,Cancelled
4584,1652,Fatima,Sports,4,992.62,2026-03-16,Completed
4585,1913,Usman,Electronics,9,832.51,2026-03-25,Cancelled
4586,1307,Sara,Electronics,1,1989.51,2025-03-08,Returned
4587,1305,Sana,Books,6,1108.4,2025-06-10,Cancelled
4588,1948,Sana,Clothing,3,1856.95,2025-03-11,Completed
4589,2856,Hassan,Beauty,10,966.35,2026-01-22,Pending
4590,2327,Ayesha,Clothing,7,1662.47,2026-03-15,Returned
4591,2186,Ayesha,Home,10,1929.35,2025-06-29,Pending
4592,2286,Danish,Beauty,6,1007.35,2025-01-10,Cancelled
4593,1175,Hina,Sports,8,1852.75,2025-11-02,Completed
4594,1425,Danish,Sports,3,1397.92,2025-07-01,Returned
4595,1490,Omar,Toys,6,1395.24,2026-02-03,Pending
4596,1151,Bilal,Sports,2,1779.11,2026-04-23,Pending
4597,1564,Noor,Home,4,1962.25,2025-11-04,Cancelled
4598,2104,Bilal,Books,3,70.72,2025-07-26,Returned
4599,1957,Kiran,Groceries,10,1478.23,2025-06-08,Pending
4600,2947,Taha,Books,2,1864.87,2025-11-11,Cancelled
4601,1229,Hina,Groceries,9,921.63,2025-04-17,Returned
4602,2742,Zain,Groceries,5,1076.53,2025-05-21,Returned
4603,1071,Ali,Toys,6,1423.6,2026-03-31,Cancelled
4604,1775,Ahmed,Electronics,1,1533.66,2025-07-22,Completed
4605,2755,Zain,Home,8,1441.93,2025-10-04,Returned
4606,2221,Sara,Home,7,547.76,2026-04-16,Pending
4607,1735,Iqra,Electronics,5,1451.41,2025-03-07,Returned
4608,1067,Bilal,Home,7,725.45,2025-09-08,Pending
4609,2417,Taha,Sports,8,586.9,2025-10-13,Cancelled
4610,2496,Noor,Home,1,441.44,2026-02-22,Completed
4611,1297,Hina,Groceries,1,1881.88,2026-03-20,Completed
4612,2176,Kiran,Home,8,1149.85,2025-09-16,Pending
4613,2005,Zain,Beauty,3,225.26,2025-09-27,Pending
4614,2004,Sana,Books,1,1974.94,2025-05-21,Completed
4615,2138,Ahmed,Beauty,1,1025.68,2025-03-27,Returned
4616,1787,Taha,Sports,7,942.02,2025-03-31,Pending
4617,2759,Usman,Home,10,1611.19,2026-03-27,Cancelled
4618,1712,Hamza,Beauty,4,836.31,2025-04-09,Returned
4619,1632,Ali,Books,1,1188.79,2026-03-10,Pending
4620,1434,Hassan,Groceries,8,486.42,2025-12-10,Cancelled
4621,1572,Hassan,Home,10,1750.64,2025-12-08,Returned
4622,1484,Bilal,Clothing,4,444.91,2025-10-16,Pending
4623,1858,Ahmed,Electronics,2,117.12,2025-09-10,Pending
4624,2314,Hamza,Electronics,2,986.93,2025-10-10,Returned
4625,2523,Danish,Toys,9,989.5,2026-01-02,Cancelled
4626,1570,Ayesha,Groceries,4,1915.67,2025-06-07,Cancelled
4627,1401,Noor,Toys,5,1953.0,2025-11-26,Pending
4628,1934,Sara,Groceries,2,415.05,2025-10-25,Cancelled
4629,2764,Ayesha,Clothing,8,606.74,2025-03-03,Cancelled
4630,1614,Ayesha,Books,8,817.78,2026-03-27,Completed
4631,1995,Ali,Toys,8,387.99,2025-09-19,Returned
4632,1574,Sana,Books,10,598.06,2026-03-31,Cancelled
4633,2689,Noor,Toys,8,1447.9,2025-02-03,Pending
4634,2134,Hassan,Toys,5,278.59,2025-12-31,Returned
4635,2821,Sana,Groceries,2,541.85,2025-04-24,Returned
4636,1072,Maham,Beauty,5,146.23,2026-04-29,Pending
4637,2754,Hassan,Books,10,1929.83,2025-06-28,Returned
4638,2998,Ahmed,Home,10,1375.11,2025-10-26,Cancelled
4639,1762,Fatima,Toys,6,95.97,2025-02-18,Completed
4640,1479,Omar,Electronics,9,1896.22,2026-01-29,Cancelled
4641,2968,Maham,Toys,3,1315.06,2025-09-21,Cancelled
4642,1259,Bilal,Clothing,10,1165.94,2025-08-06,Cancelled
4643,1073,Maham,Sports,5,903.7,2026-01-18,Cancelled
4644,1061,Sara,Home,3,961.03,2025-06-29,Pending
4645,1105,Zain,Home,9,1426.98,2026-03-04,Cancelled
4646,2984,Laiba,Home,8,244.22,2025-07-29,Pending
4647,1182,Hassan,Groceries,8,370.77,2025-07-04,Returned
4648,1079,Laiba,Electronics,7,1101.32,2025-02-10,Cancelled
4649,1781,Sana,Sports,7,1287.6,2025-04-01,Cancelled
4650,2576,Hassan,Sports,2,98.24,2025-04-07,Returned
4651,2548,Kiran,Home,5,1869.16,2025-08-11,Cancelled
4652,1237,Ahmed,Beauty,1,1451.29,2025-06-14,Pending
4653,2188,Hassan,Beauty,8,1692.82,2025-02-22,Completed
4654,1023,Fatima,Sports,9,1116.33,2026-01-30,Returned
4655,2607,Danish,Beauty,9,1220.65,2025-01-26,Cancelled
4656,2924,Hamza,Sports,6,261.93,2025-06-12,Completed
4657,2445,Ali,Sports,8,157.79,2025-09-26,Pending
4658,2269,Taha,Electronics,3,1641.7,2025-12-19,Cancelled
4659,1132,Hassan,Sports,7,1909.13,2025-01-14,Cancelled
4660,2513,Sana,Clothing,2,1948.82,2026-03-29,Returned
4661,1756,Zain,Electronics,7,914.95,2026-04-27,Returned
4662,1397,Usman,Books,2,1649.25,2025-03-25,Pending
4663,1623,Omar,Home,8,295.57,2025-08-02,Pending
4664,1346,Hina,Sports,3,1381.64,2025-02-05,Completed
4665,1743,Omar,Electronics,10,547.62,2025-02-18,Completed
4666,2100,Kiran,Groceries,2,1033.48,2026-03-17,Returned
4667,2882,Iqra,Clothing,5,1373.18,2025-05-24,Pending
4668,2342,Hina,Beauty,1,1847.33,2026-02-03,Pending
4669,1853,Ayesha,Clothing,1,1193.31,2026-04-12,Pending
4670,1642,Noor,Electronics,10,1786.55,2025-08-03,Completed
4671,2904,Ahmed,Clothing,10,532.77,2026-02-23,Completed
4672,1704,Zain,Clothing,1,1971.32,2025-05-13,Pending
4673,2472,Ayesha,Home,5,72.48,2026-03-28,Cancelled
4674,2076,Usman,Electronics,4,127.01,2026-04-08,Pending
4675,1969,Ayesha,Sports,5,990.72,2026-04-03,Returned
4676,2797,Omar,Beauty,4,1766.43,2025-02-21,Returned
4677,2943,Bilal,Home,9,1340.05,2025-02-10,Returned
4678,2800,Maham,Groceries,1,1602.08,2026-01-10,Completed
4679,2712,Sara,Toys,3,1153.72,2025-11-22,Cancelled
4680,1035,Sana,Toys,4,412.03,2026-02-01,Pending
4681,2010,Usman,Clothing,10,1208.01,2025-02-11,Returned
4682,1457,Omar,Home,6,830.31,2025-02-24,Returned
4683,2358,Sara,Clothing,5,1790.43,2025-02-12,Completed
4684,2371,Hamza,Clothing,9,1842.84,2025-03-01,Pending
4685,2934,Fatima,Electronics,6,975.84,2026-01-26,Completed
4686,2312,Hassan,Groceries,2,594.31,2026-03-07,Pending
4687,1279,Hassan,Home,8,306.22,2026-02-11,Cancelled
4688,2272,Danish,Electronics,6,1467.71,2025-11-18,Completed
4689,2838,Taha,Electronics,6,743.3,2025-03-13,Cancelled
4690,2836,Hina,Books,1,222.49,2025-09-28,Pending
4691,1799,Hina,Electronics,5,469.5,2026-04-26,Returned
4692,2676,Hina,Groceries,1,1424.66,2026-03-30,Returned
4693,1714,Hassan,Books,1,811.79,2025-12-21,Completed
4694,1052,Omar,Clothing,2,517.63,2025-05-02,Returned
4695,1940,Ahmed,Home,1,1747.78,2025-11-27,Returned
4696,1065,Bilal,Clothing,8,1797.54,2025-04-20,Pending
4697,1849,Taha,Clothing,7,296.89,2025-12-18,Cancelled
4698,1335,Danish,Sports,8,1278.46,2026-03-10,Returned
4699,2822,Iqra,Books,5,1496.18,2025-12-01,Completed
4700,2253,Bilal,Sports,9,1015.02,2026-04-01,Pending
4701,2764,Ali,Sports,4,1354.0,2025-01-31,Cancelled
4702,1393,Noor,Books,9,1436.63,2025-07-20,Returned
4703,1643,Fatima,Beauty,4,899.77,2026-03-06,Pending
4704,1903,Usman,Home,3,1960.63,2025-05-09,Returned
4705,1453,Maham,Electronics,5,481.41,2026-01-01,Completed
4706,2156,Hina,Beauty,4,1785.16,2025-12-25,Cancelled
4707,1016,Maham,Toys,9,1371.65,2025-04-18,Returned
4708,1338,Fatima,Toys,1,1406.92,2025-09-29,Cancelled
4709,1150,Bilal,Toys,6,1218.04,2025-01-12,Cancelled
4710,2982,Ali,Books,7,710.36,2025-07-11,Completed
4711,2351,Zain,Books,5,1649.03,2025-07-22,Returned
4712,1208,Iqra,Sports,4,1859.61,2025-04-07,Returned
4713,1681,Ali,Toys,4,813.51,2026-01-29,Cancelled
4714,1945,Fatima,Toys,7,568.16,2026-04-13,Completed
4715,2622,Sana,Beauty,1,331.63,2026-01-31,Completed
4716,1548,Hassan,Groceries,4,1983.31,2025-09-08,Cancelled
4717,1157,Omar,Electronics,5,415.51,2025-08-07,Cancelled
4718,2374,Iqra,Toys,1,1345.01,2025-09-09,Pending
4719,2714,Danish,Sports,4,1861.04,2025-02-21,Completed
4720,1435,Usman,Clothing,10,1347.95,2025-05-06,Completed
4721,1257,Sana,Electronics,7,380.99,2025-12-15,Returned
4722,1030,Taha,Groceries,8,1935.2,2025-11-16,Pending
4723,2450,Taha,Groceries,1,385.88,2025-08-01,Cancelled
4724,2445,Sara,Sports,1,1357.99,2025-11-04,Pending
4725,2956,Usman,Beauty,6,1557.91,2025-10-19,Returned
4726,2005,Danish,Beauty,7,1378.66,2025-04-20,Pending
4727,1525,Iqra,Clothing,10,1430.32,2026-02-15,Returned
4728,1596,Usman,Home,2,1077.86,2025-09-16,Cancelled
4729,2699,Fatima,Electronics,7,168.41,2025-01-29,Pending
4730,1214,Ayesha,Home,8,352.37,2025-03-13,Returned
4731,2446,Omar,Books,2,1352.72,2026-03-18,Returned
4732,1441,Usman,Electronics,6,403.45,2025-01-03,Cancelled
4733,2460,Noor,Toys,3,599.28,2025-11-16,Returned
4734,2178,Noor,Toys,5,1776.81,2025-10-13,Cancelled
4735,2152,Noor,Groceries,9,720.73,2026-03-18,Returned
4736,2617,Hassan,Clothing,2,444.13,2026-02-03,Returned
4737,1378,Sana,Toys,4,96.56,2026-02-18,Completed
4738,2721,Ahmed,Beauty,4,1227.57,2026-03-25,Cancelled
4739,2307,Fatima,Toys,1,279.71,2026-02-21,Cancelled
4740,2290,Danish,Home,1,292.46,2025-11-12,Cancelled
4741,1988,Omar,Groceries,2,1648.86,2025-07-21,Returned
4742,2738,Iqra,Sports,6,1846.6,2025-09-29,Returned
4743,1782,Danish,Clothing,5,60.33,2025-04-24,Pending
4744,1458,Bilal,Home,1,1399.88,2026-03-16,Pending
4745,1051,Usman,Electronics,8,73.21,2025-07-14,Returned
4746,1481,Maham,Groceries,5,718.51,2026-02-21,Returned
4747,1491,Usman,Electronics,4,1318.31,2025-01-02,Completed
4748,1656,Danish,Sports,8,1815.16,2026-03-15,Returned
4749,1801,Laiba,Sports,6,1515.92,2025-12-21,Pending
4750,2472,Usman,Toys,3,995.03,2025-08-25,Cancelled
4751,1363,Fatima,Books,7,126.89,2025-08-11,Completed
4752,2919,Hina,Beauty,5,1694.91,2025-11-12,Completed
4753,2427,Danish,Beauty,7,1712.93,2026-03-25,Pending
4754,1035,Noor,Beauty,10,1260.75,2026-04-15,Cancelled
4755,1105,Ahmed,Clothing,4,1228.06,2025-12-14,Cancelled
4756,1365,Usman,Toys,8,1668.44,2026-01-15,Completed
4757,2057,Kiran,Beauty,10,1822.75,2025-11-11,Cancelled
4758,1680,Ahmed,Electronics,4,171.63,2025-05-22,Completed
4759,2869,Hamza,Beauty,2,1075.3,2025-09-25,Cancelled
4760,1485,Sara,Clothing,8,1852.59,2025-12-16,Returned
4761,2731,Hamza,Sports,8,886.15,2025-05-24,Returned
4762,2759,Danish,Sports,5,1227.9,2025-02-27,Pending
4763,1440,Kiran,Books,10,543.6,2025-05-12,Completed
4764,2553,Maham,Toys,1,1445.98,2026-01-09,Returned
4765,2667,Taha,Clothing,10,812.85,2025-05-28,Pending
4766,2608,Hina,Clothing,1,1386.51,2025-04-25,Returned
4767,2908,Omar,Sports,9,263.94,2025-08-24,Cancelled
4768,2814,Sara,Electronics,3,1724.53,2025-09-09,Cancelled
4769,2057,Taha,Toys,2,1946.25,2026-03-24,Completed
4770,2865,Iqra,Beauty,7,110.43,2025-08-04,Returned
4771,2090,Omar,Sports,3,1792.43,2025-05-27,Pending
4772,2669,Noor,Clothing,6,127.63,2025-01-25,Cancelled
4773,2566,Zain,Toys,3,443.46,2025-10-22,Completed
4774,1130,Sara,Groceries,1,1005.01,2025-05-19,Pending
4775,1483,Hassan,Books,2,1132.95,2025-11-18,Cancelled
4776,2449,Maham,Toys,9,1558.61,2026-04-14,Completed
4777,1089,Zain,Clothing,3,1888.55,2025-01-31,Cancelled
4778,2185,Sana,Toys,5,498.9,2025-02-20,Returned
4779,1419,Iqra,Home,8,1856.84,2025-08-10,Cancelled
4780,1699,Usman,Groceries,1,1478.96,2025-09-22,Cancelled
4781,2922,Hassan,Toys,10,607.37,2025-11-18,Completed
4782,2789,Taha,Beauty,8,1008.32,2025-02-17,Cancelled
4783,1289,Hassan,Clothing,2,115.1,2025-04-16,Returned
4784,1848,Bilal,Toys,3,866.39,2026-02-05,Pending
4785,2757,Iqra,Sports,5,118.53,2025-01-11,Completed
4786,1576,Omar,Toys,3,307.09,2025-01-11,Pending
4787,2431,Usman,Toys,5,223.22,2025-08-15,Pending
4788,1831,Hina,Electronics,6,914.89,2025-04-21,Returned
4789,2757,Usman,Clothing,10,165.67,2026-04-07,Cancelled
4790,2199,Sara,Books,1,1874.73,2026-04-26,Returned
4791,1831,Hamza,Electronics,7,91.91,2026-04-11,Returned
4792,1378,Hamza,Home,9,1387.72,2026-03-05,Pending
4793,2949,Maham,Books,5,865.55,2025-05-17,Pending
4794,2014,Omar,Clothing,1,1690.91,2025-05-14,Completed
4795,1342,Ayesha,Books,7,1804.75,2025-09-14,Cancelled
4796,1110,Kiran,Beauty,9,778.02,2025-07-31,Completed
4797,1631,Ayesha,Groceries,6,65.68,2025-10-09,Pending
4798,2013,Ayesha,Groceries,1,98.86,2025-10-02,Pending
4799,2092,Fatima,Clothing,2,1980.94,2025-02-13,Completed
4800,2485,Omar,Beauty,4,1746.61,2026-03-29,Pending
4801,2201,Noor,Home,1,214.03,2025-09-02,Cancelled
4802,2854,Hina,Beauty,10,1335.36,2025-01-19,Returned
4803,2691,Taha,Sports,4,1600.3,2025-12-04,Pending
4804,2508,Hamza,Clothing,4,726.57,2026-02-17,Returned
4805,2685,Hamza,Toys,3,1336.78,2025-09-03,Returned
4806,2370,Fatima,Electronics,4,1057.65,2026-03-22,Completed
4807,2223,Maham,Sports,10,361.62,2025-06-17,Pending
4808,1791,Hassan,Toys,9,1199.95,2026-03-25,Pending
4809,1475,Hassan,Groceries,5,1408.37,2025-05-05,Completed
4810,2267,Laiba,Books,7,1184.16,2025-02-01,Completed
4811,2300,Laiba,Sports,9,457.75,2025-10-01,Completed
4812,1722,Ali,Books,4,1962.05,2025-07-12,Returned
4813,1354,Kiran,Beauty,2,80.53,2025-06-13,Completed
4814,1790,Fatima,Toys,5,1093.54,2025-10-17,Pending
4815,2059,Iqra,Books,9,300.13,2025-12-17,Cancelled
4816,2242,Hassan,Groceries,9,1463.22,2025-11-02,Pending
4817,1616,Noor,Beauty,5,1072.19,2025-08-27,Returned
4818,1800,Ali,Books,5,1674.66,2026-02-25,Completed
4819,1262,Danish,Home,2,694.93,2025-10-06,Pending
4820,2223,Taha,Home,6,132.43,2025-09-27,Returned
4821,1660,Hassan,Toys,10,1582.97,2026-03-17,Cancelled
4822,1771,Sara,Clothing,5,461.41,2026-01-31,Returned
4823,1990,Hamza,Toys,2,1123.26,2025-11-04,Returned
4824,1182,Maham,Toys,2,1683.26,2025-09-01,Cancelled
4825,1101,Danish,Clothing,4,1269.51,2026-03-13,Pending
4826,2344,Danish,Beauty,3,686.73,2026-02-28,Completed
4827,2874,Usman,Electronics,10,200.03,2025-04-15,Completed
4828,1531,Iqra,Clothing,9,1488.16,2026-03-31,Completed
4829,1757,Noor,Electronics,10,862.98,2026-01-22,Cancelled
4830,1763,Hassan,Clothing,3,636.04,2026-04-25,Completed
4831,2357,Ahmed,Clothing,9,765.9,2026-03-25,Pending
4832,2293,Iqra,Toys,4,1746.25,2025-11-02,Completed
4833,2791,Maham,Beauty,2,1903.48,2025-12-20,Completed
4834,2460,Hassan,Home,2,1612.65,2025-09-04,Returned
4835,2622,Omar,Beauty,5,982.04,2025-07-13,Returned
4836,2026,Omar,Beauty,9,727.8,2026-02-10,Returned
4837,1491,Ayesha,Toys,9,1709.48,2025-07-29,Pending
4838,1889,Sara,Sports,10,110.49,2026-03-06,Returned
4839,1987,Maham,Beauty,9,286.57,2025-12-29,Returned
4840,1336,Ahmed,Toys,8,821.37,2025-08-07,Returned
4841,2160,Bilal,Books,9,1119.64,2025-08-07,Completed
4842,2990,Noor,Sports,8,1233.95,2026-02-21,Pending
4843,1102,Usman,Toys,10,1183.53,2025-11-07,Pending
4844,1664,Hina,Toys,10,187.43,2025-07-06,Completed
4845,1950,Noor,Electronics,1,1501.83,2025-01-24,Pending
4846,2841,Hina,Electronics,9,666.92,2026-01-07,Completed
4847,1373,Ali,Home,2,631.36,2025-11-29,Returned
4848,2768,Ayesha,Home,7,1517.21,2025-04-01,Completed
4849,2696,Ahmed,Home,6,867.36,2025-01-01,Cancelled
4850,1115,Laiba,Groceries,6,121.28,2025-08-16,Cancelled
4851,2889,Iqra,Clothing,1,595.85,2026-03-24,Pending
4852,2447,Sana,Electronics,1,346.19,2026-02-01,Returned
4853,2616,Fatima,Books,8,107.95,2026-04-16,Returned
4854,2303,Maham,Groceries,4,1579.34,2025-10-31,Returned
4855,2230,Usman,Groceries,10,1479.87,2025-04-15,Returned
4856,2902,Sana,Home,3,986.65,2026-01-09,Pending
4857,1137,Hamza,Electronics,5,126.87,2025-09-30,Completed
4858,2480,Maham,Clothing,6,1883.24,2025-05-17,Returned
4859,1820,Omar,Electronics,8,869.2,2025-02-02,Returned
4860,1718,Laiba,Home,5,542.12,2025-06-02,Completed
4861,1704,Fatima,Sports,10,1921.77,2025-06-16,Pending
4862,2930,Hina,Beauty,1,1734.44,2025-07-12,Returned
4863,1185,Usman,Toys,2,1212.22,2025-06-12,Pending
4864,1380,Hina,Beauty,6,243.75,2025-07-23,Pending
4865,1419,Hassan,Groceries,10,868.28,2025-07-19,Returned
4866,2167,Ayesha,Sports,7,810.84,2026-02-21,Completed
4867,2043,Noor,Sports,7,1168.43,2025-09-06,Pending
4868,1702,Fatima,Books,5,664.93,2025-02-15,Completed
4869,2308,Hassan,Sports,7,1580.92,2026-03-26,Cancelled
4870,1763,Hassan,Home,9,1381.2,2026-02-07,Pending
4871,1673,Omar,Sports,5,627.14,2026-02-19,Returned
4872,2302,Hamza,Electronics,6,80.93,2025-06-22,Completed
4873,2329,Sara,Home,4,202.79,2026-02-18,Completed
4874,1299,Hassan,Clothing,3,858.79,2025-08-08,Returned
4875,2933,Laiba,Groceries,4,1334.02,2025-12-11,Returned
4876,1959,Hina,Books,6,100.46,2025-01-29,Completed
4877,2738,Fatima,Home,4,1362.57,2025-06-12,Pending
4878,1158,Usman,Beauty,2,81.99,2026-04-21,Pending
4879,1591,Maham,Toys,8,1794.69,2025-04-12,Pending
4880,2344,Hassan,Books,1,1549.83,2025-10-13,Pending
4881,2696,Hamza,Toys,5,1608.69,2025-07-10,Completed
4882,2028,Hamza,Books,2,1504.21,2025-05-11,Pending
4883,2906,Hina,Books,8,823.55,2025-09-11,Cancelled
4884,1004,Danish,Electronics,5,1224.19,2025-06-17,Completed
4885,2867,Kiran,Sports,9,1853.62,2025-12-28,Pending
4886,1560,Omar,Home,8,1685.59,2025-07-11,Cancelled
4887,1016,Omar,Toys,7,906.55,2026-01-10,Cancelled
4888,1233,Sara,Sports,3,1444.75,2025-10-26,Completed
4889,1155,Ahmed,Groceries,9,654.74,2025-08-07,Pending
4890,2515,Usman,Clothing,3,1290.97,2025-09-20,Returned
4891,1831,Danish,Electronics,3,385.85,2025-01-08,Pending
4892,2761,Iqra,Books,4,299.02,2025-01-08,Returned
4893,2030,Sana,Books,6,580.27,2025-01-07,Cancelled
4894,2555,Taha,Clothing,5,1082.95,2025-02-13,Cancelled
4895,2405,Hina,Sports,10,532.92,2026-02-17,Pending
4896,2817,Iqra,Groceries,4,1630.21,2025-11-27,Cancelled
4897,1366,Laiba,Groceries,5,961.57,2025-10-15,Returned
4898,2452,Hamza,Electronics,2,1800.03,2025-06-28,Returned
4899,2421,Sara,Sports,6,693.02,2025-01-12,Cancelled
4900,2414,Noor,Toys,9,231.26,2025-02-05,Returned
4901,2462,Fatima,Beauty,4,385.94,2026-01-16,Cancelled
4902,1627,Ahmed,Sports,8,191.27,2025-02-12,Cancelled
4903,1704,Omar,Books,4,767.82,2025-10-22,Pending
4904,1465,Usman,Home,2,649.82,2025-05-22,Returned
4905,1577,Noor,Books,4,941.04,2025-01-08,Pending
4906,1202,Usman,Clothing,10,1576.15,2025-01-27,Completed
4907,2620,Ahmed,Electronics,2,1060.51,2026-03-06,Completed
4908,2654,Iqra,Toys,8,1882.2,2025-08-06,Pending
4909,1902,Noor,Home,6,356.92,2026-03-06,Cancelled
4910,1459,Hassan,Books,3,1640.33,2026-01-21,Cancelled
4911,1942,Ahmed,Groceries,2,97.47,2026-03-18,Pending
4912,2500,Sara,Home,6,1697.03,2025-03-24,Pending
4913,2008,Ali,Toys,2,1473.39,2026-02-10,Returned
4914,2704,Laiba,Beauty,4,1601.09,2025-05-05,Completed
4915,1329,Iqra,Electronics,8,1590.53,2026-03-10,Cancelled
4916,1764,Bilal,Groceries,9,1193.09,2026-04-06,Completed
4917,2392,Ayesha,Electronics,8,1366.6,2026-03-20,Pending
4918,2680,Bilal,Groceries,6,1330.23,2025-03-17,Cancelled
4919,2498,Maham,Beauty,2,943.81,2025-11-02,Pending
4920,1493,Fatima,Toys,9,976.9,2025-08-18,Pending
4921,2228,Hina,Beauty,8,1966.68,2025-08-10,Pending
4922,1895,Hina,Sports,8,678.97,2025-04-26,Completed
4923,2813,Hina,Clothing,4,1572.53,2025-01-22,Completed
4924,1095,Omar,Home,5,1548.57,2025-06-25,Completed
4925,2389,Omar,Sports,1,1127.45,2025-03-03,Returned
4926,1708,Maham,Groceries,2,786.56,2025-11-09,Cancelled
4927,1145,Hina,Sports,5,755.57,2025-03-08,Completed
4928,2394,Ali,Clothing,4,1371.16,2025-04-05,Pending
4929,2909,Sana,Sports,5,1080.56,2026-01-03,Completed
4930,1698,Hamza,Books,7,1044.32,2025-07-19,Cancelled
4931,2462,Iqra,Groceries,2,52.65,2026-01-20,Completed
4932,1693,Bilal,Electronics,8,148.9,2025-09-22,Completed
4933,2844,Laiba,Clothing,7,1619.08,2025-09-28,Pending
4934,1798,Omar,Beauty,8,909.17,2025-01-12,Completed
4935,2945,Danish,Groceries,10,1498.37,2026-01-03,Completed
4936,1362,Hina,Toys,1,1398.82,2025-01-08,Cancelled
4937,1069,Kiran,Electronics,10,1554.81,2025-05-01,Cancelled
4938,2362,Danish,Clothing,7,1783.08,2025-06-12,Completed
4939,1178,Fatima,Electronics,1,1513.32,2025-11-22,Completed
4940,2968,Ayesha,Home,8,1862.84,2026-04-05,Cancelled
4941,2211,Zain,Sports,3,741.93,2025-03-16,Pending
4942,1473,Taha,Home,2,135.47,2026-01-18,Returned
4943,1786,Zain,Books,2,1951.97,2026-03-30,Pending
4944,1994,Danish,Beauty,8,1581.9,2026-02-17,Completed
4945,2429,Iqra,Books,8,1657.86,2025-02-23,Completed
4946,1001,Bilal,Groceries,10,1742.22,2025-11-12,Pending
4947,1568,Sana,Electronics,5,197.51,2025-12-06,Completed
4948,1054,Omar,Home,7,1287.71,2025-04-08,Cancelled
4949,1406,Hassan,Books,6,119.91,2025-11-08,Returned
4950,1607,Zain,Groceries,2,1392.51,2026-01-03,Pending
4951,2055,Ayesha,Sports,2,1088.38,2025-08-26,Returned
4952,2766,Ayesha,Beauty,2,1756.49,2025-04-28,Completed
4953,1894,Maham,Toys,8,1812.23,2025-07-12,Completed
4954,2508,Hamza,Books,3,1305.5,2026-01-05,Pending
4955,2039,Laiba,Sports,3,1859.48,2025-09-06,Pending
4956,2301,Zain,Sports,5,891.49,2025-06-08,Pending
4957,2019,Ayesha,Home,8,1469.93,2025-10-28,Pending
4958,2228,Bilal,Groceries,5,774.56,2025-05-08,Returned
4959,1606,Sara,Sports,4,917.17,2025-08-11,Completed
4960,1982,Noor,Electronics,6,1551.18,2026-02-16,Completed
4961,1738,Sana,Electronics,2,325.78,2026-02-02,Returned
4962,2640,Hina,Sports,1,557.7,2025-07-29,Completed
4963,1583,Maham,Clothing,7,1261.63,2026-03-22,Cancelled
4964,1057,Noor,Sports,2,961.05,2025-07-30,Completed
4965,2474,Ayesha,Home,7,1676.1,2025-10-13,Cancelled
4966,1050,Hamza,Toys,8,1851.08,2025-08-10,Returned
4967,1875,Hamza,Toys,7,666.42,2025-05-01,Cancelled
4968,1720,Sara,Clothing,9,331.88,2025-04-11,Returned
4969,1099,Sara,Sports,4,729.88,2025-06-03,Pending
4970,2442,Sana,Toys,5,987.76,2026-01-22,Pending
4971,1599,Ahmed,Home,4,1296.9,2026-02-10,Returned
4972,2654,Hina,Home,9,467.35,2025-01-20,Completed
4973,1598,Zain,Electronics,10,570.6,2026-03-31,Cancelled
4974,1503,Iqra,Home,5,1853.36,2026-03-24,Pending
4975,1318,Sana,Sports,6,1869.25,2026-01-06,Completed
4976,1722,Sana,Groceries,9,122.18,2025-03-15,Returned
4977,1688,Noor,Home,6,230.13,2026-01-05,Cancelled
4978,1553,Hassan,Clothing,1,1592.48,2025-07-24,Completed
4979,2867,Hassan,Electronics,9,1685.66,2025-01-27,Cancelled
4980,1345,Ayesha,Beauty,3,557.08,2026-01-11,Completed
4981,2513,Hassan,Books,2,868.14,2025-01-30,Cancelled
4982,2018,Taha,Beauty,4,1686.9,2026-02-07,Pending
4983,2030,Omar,Groceries,10,930.96,2025-02-19,Cancelled
4984,2907,Laiba,Toys,8,1955.16,2025-05-07,Pending
4985,2134,Hamza,Groceries,8,1083.56,2026-04-13,Completed
4986,2483,Hina,Electronics,7,967.04,2025-09-11,Returned
4987,2753,Ali,Home,4,1643.95,2026-01-03,Returned
4988,1837,Usman,Clothing,3,497.72,2025-04-03,Cancelled
4989,1360,Zain,Sports,1,50.05,2026-04-30,Completed
4990,2102,Noor,Sports,7,509.11,2025-05-02,Pending
4991,2027,Noor,Beauty,3,268.71,2025-01-24,Cancelled
4992,2795,Sara,Electronics,6,1967.67,2025-05-04,Cancelled
4993,2536,Fatima,Home,8,163.21,2025-11-17,Completed
4994,1198,Kiran,Beauty,3,787.29,2026-03-20,Cancelled
4995,2679,Laiba,Home,4,430.52,2025-01-31,Cancelled
4996,1469,Taha,Groceries,3,95.11,2025-01-07,Cancelled
4997,1090,Hina,Groceries,10,85.04,2026-03-05,Cancelled
4998,1299,Ahmed,Books,10,1365.85,2025-12-28,Returned
4999,1919,Usman,Beauty,1,1048.37,2025-12-23,Returned
5000,2365,Sana,Groceries,6,1013.85,2026-04-01,Returned
5001,2970,Sana,Books,4,729.23,2025-06-28,Returned
5002,1992,Hina,Sports,9,74.14,2025-04-29,Completed
5003,2620,Bilal,Groceries,1,243.21,2025-02-09,Returned
5004,1786,Hassan,Sports,3,1853.96,2025-04-04,Returned
5005,1863,Bilal,Groceries,7,905.08,2025-01-29,Completed
5006,1986,Ali,Books,4,1504.58,2025-06-12,Pending
5007,2651,Hassan,Beauty,4,730.92,2025-09-26,Returned
5008,1516,Hassan,Beauty,6,1164.44,2025-12-15,Cancelled
5009,1383,Noor,Groceries,7,267.87,2025-10-27,Cancelled
5010,1083,Usman,Toys,7,1993.48,2025-09-25,Pending
5011,1236,Danish,Beauty,7,1948.22,2026-03-08,Cancelled
5012,2475,Hassan,Electronics,7,1452.04,2025-04-08,Pending
5013,2864,Danish,Electronics,2,1020.66,2025-12-12,Cancelled
5014,2735,Sana,Electronics,7,1779.55,2025-12-25,Returned
5015,1755,Ali,Groceries,10,991.12,2025-11-10,Returned
5016,2281,Bilal,Sports,9,992.85,2025-05-31,Returned
5017,2423,Sara,Clothing,6,1104.18,2026-04-04,Completed
5018,2905,Ahmed,Clothing,3,809.03,2026-03-02,Cancelled
5019,1874,Fatima,Electronics,9,377.75,2025-01-06,Returned
5020,1280,Omar,Sports,2,714.4,2025-11-13,Pending
5021,2574,Zain,Beauty,7,1641.74,2025-03-15,Completed
5022,2377,Fatima,Electronics,1,1210.0,2025-11-27,Completed
5023,1231,Bilal,Home,4,772.06,2026-02-10,Completed
5024,1763,Zain,Sports,2,1388.18,2025-03-04,Returned
5025,1483,Fatima,Home,2,77.82,2025-03-23,Cancelled
5026,2378,Kiran,Sports,9,1065.19,2025-02-13,Completed
5027,1202,Omar,Beauty,10,403.95,2025-02-20,Returned
5028,1814,Bilal,Home,10,827.28,2025-04-15,Returned
5029,1515,Zain,Toys,3,1422.43,2025-09-13,Cancelled
5030,1460,Ahmed,Sports,4,1258.68,2025-10-02,Cancelled
5031,1815,Fatima,Books,7,1372.74,2026-03-21,Cancelled
5032,2982,Hamza,Clothing,9,1704.42,2025-02-19,Cancelled
5033,2018,Sara,Groceries,5,1073.87,2025-02-08,Returned
5034,1084,Fatima,Groceries,3,1865.77,2025-10-02,Returned
5035,2948,Bilal,Books,9,839.08,2026-02-23,Cancelled
5036,2624,Maham,Clothing,10,1723.22,2026-02-04,Pending
5037,2705,Omar,Clothing,9,917.13,2026-03-21,Pending
5038,1015,Maham,Groceries,1,1911.66,2025-07-26,Pending
5039,2538,Danish,Electronics,1,165.33,2025-07-09,Returned
5040,1791,Usman,Clothing,4,1692.2,2025-03-27,Returned
5041,2557,Ayesha,Beauty,5,416.55,2026-03-04,Cancelled
5042,2337,Hina,Home,2,1555.13,2025-07-27,Cancelled
5043,1433,Hina,Home,4,989.68,2025-03-23,Cancelled
5044,1245,Omar,Sports,4,715.41,2025-07-26,Returned
5045,1833,Sara,Beauty,7,1513.25,2025-04-27,Cancelled
5046,2016,Hina,Books,10,1123.02,2025-10-26,Completed
5047,2473,Hina,Beauty,5,1159.62,2025-05-03,Cancelled
5048,2397,Fatima,Clothing,8,504.99,2025-05-03,Returned
5049,1580,Hina,Home,7,1671.54,2025-10-27,Returned
5050,2397,Zain,Beauty,3,1595.89,2025-01-18,Cancelled
5051,1880,Kiran,Electronics,7,1981.93,2025-05-20,Completed
5052,2549,Zain,Books,8,120.2,2025-01-10,Cancelled
5053,1648,Kiran,Beauty,7,156.69,2025-11-16,Returned
5054,1719,Usman,Electronics,9,1497.43,2025-11-13,Cancelled
5055,2288,Sana,Toys,6,176.08,2026-02-20,Completed
5056,2429,Usman,Beauty,7,880.81,2026-01-21,Completed
5057,1069,Usman,Electronics,9,1076.23,2025-10-19,Cancelled
5058,2159,Ahmed,Toys,9,769.81,2025-11-23,Cancelled
5059,2382,Omar,Groceries,5,1862.2,2025-07-19,Cancelled
5060,2857,Maham,Groceries,5,1231.03,2026-01-22,Completed
5061,1382,Sara,Books,2,1409.9,2025-12-07,Completed
5062,1621,Ahmed,Books,10,110.16,2025-03-10,Pending
5063,2725,Hamza,Electronics,6,1207.18,2025-10-07,Pending
5064,1543,Danish,Books,8,1946.68,2025-01-22,Returned
5065,1490,Kiran,Sports,8,75.32,2025-03-12,Returned
5066,2546,Fatima,Sports,6,785.69,2025-02-03,Completed
5067,1020,Omar,Sports,8,333.47,2026-02-24,Pending
5068,1535,Ali,Electronics,9,1850.03,2026-03-29,Completed
5069,1233,Danish,Home,3,327.1,2025-04-21,Pending
5070,2451,Bilal,Clothing,4,1837.46,2026-04-27,Pending
5071,1642,Noor,Toys,4,289.26,2026-03-18,Cancelled
5072,2875,Ayesha,Electronics,10,1273.9,2026-03-29,Returned
5073,1802,Hina,Books,5,72.48,2025-03-23,Returned
5074,1518,Omar,Books,7,1663.3,2025-03-14,Completed
5075,1014,Kiran,Books,4,1307.45,2025-09-12,Returned
5076,2371,Omar,Books,9,59.97,2025-01-12,Completed
5077,1245,Laiba,Clothing,9,791.87,2025-02-16,Cancelled
5078,2851,Laiba,Toys,8,398.76,2026-01-05,Pending
5079,1420,Taha,Electronics,4,283.48,2026-04-24,Returned
5080,2342,Noor,Electronics,4,1161.63,2025-03-08,Completed
5081,2537,Fatima,Beauty,10,439.65,2026-04-28,Pending
5082,1410,Kiran,Home,1,159.01,2025-01-04,Cancelled
5083,1931,Taha,Books,7,1978.08,2026-04-13,Completed
5084,1927,Kiran,Groceries,1,973.82,2025-04-11,Cancelled
5085,2771,Fatima,Books,2,1415.15,2026-04-05,Completed
5086,1440,Hassan,Clothing,2,1042.73,2025-07-27,Completed
5087,1466,Usman,Books,4,412.54,2026-04-29,Pending
5088,1608,Fatima,Groceries,6,748.35,2026-01-16,Cancelled
5089,1727,Taha,Electronics,1,1404.03,2025-10-24,Pending
5090,2970,Noor,Clothing,3,69.33,2025-03-07,Cancelled
5091,2061,Ahmed,Clothing,7,714.06,2026-03-13,Returned
5092,1845,Sana,Beauty,9,1900.03,2025-08-21,Pending
5093,2298,Laiba,Beauty,3,1805.32,2025-06-19,Completed
5094,2158,Omar,Clothing,4,109.83,2025-09-01,Returned
5095,1990,Zain,Electronics,8,1431.69,2026-01-11,Completed
5096,1170,Sana,Books,1,351.73,2025-09-24,Returned
5097,1177,Sana,Toys,2,1702.19,2025-06-11,Pending
5098,1822,Ali,Toys,4,1263.73,2025-03-17,Cancelled
5099,2291,Ayesha,Home,4,245.92,2025-10-01,Returned
5100,1266,Fatima,Electronics,4,1596.58,2025-02-12,Completed
5101,1650,Usman,Sports,2,917.77,2025-09-30,Cancelled
5102,2234,Sara,Toys,8,1285.6,2025-07-02,Pending
5103,2976,Taha,Clothing,7,1065.87,2025-06-01,Pending
5104,1646,Hassan,Home,10,1542.51,2025-08-01,Completed
5105,2652,Zain,Toys,10,1761.41,2025-07-07,Returned
5106,1968,Bilal,Beauty,9,889.46,2025-02-25,Returned
5107,1264,Iqra,Sports,6,1813.47,2025-03-02,Cancelled
5108,1097,Zain,Clothing,6,1180.91,2026-01-23,Cancelled
5109,2812,Taha,Groceries,9,1935.38,2026-04-22,Cancelled
5110,2842,Zain,Beauty,5,653.85,2025-08-05,Returned
5111,2770,Fatima,Beauty,2,837.72,2025-09-22,Pending
5112,1068,Danish,Sports,4,1218.46,2025-06-22,Cancelled
5113,2463,Bilal,Books,8,956.39,2025-08-01,Cancelled
5114,1491,Hamza,Clothing,9,335.38,2026-04-15,Pending
5115,1144,Ali,Home,6,790.43,2025-03-19,Pending
5116,1724,Hassan,Groceries,1,1062.69,2026-01-03,Cancelled
5117,2267,Laiba,Home,2,1963.1,2025-03-07,Returned
5118,1006,Kiran,Sports,5,1706.44,2025-10-12,Cancelled
5119,1156,Sara,Groceries,5,975.7,2025-06-09,Pending
5120,2231,Noor,Sports,7,1106.19,2025-08-13,Pending
5121,1091,Noor,Toys,6,1833.87,2026-02-27,Completed
5122,2607,Danish,Beauty,1,757.68,2025-07-29,Cancelled
5123,2632,Ayesha,Toys,2,1285.93,2025-12-25,Completed
5124,1616,Ali,Electronics,10,1913.39,2025-11-11,Returned
5125,1033,Danish,Clothing,5,1004.37,2025-04-01,Completed
5126,2822,Bilal,Toys,7,997.65,2025-07-01,Pending
5127,2174,Hassan,Clothing,7,590.27,2026-01-20,Cancelled
5128,1892,Laiba,Electronics,4,1404.51,2025-05-20,Pending
5129,1902,Ali,Electronics,1,662.29,2026-01-01,Returned
5130,1293,Sara,Clothing,7,1463.92,2025-12-06,Completed
5131,1921,Laiba,Clothing,5,1751.26,2026-01-08,Returned
5132,2306,Fatima,Sports,1,835.78,2026-01-07,Returned
5133,2443,Taha,Sports,4,1409.72,2026-02-06,Pending
5134,2806,Laiba,Electronics,1,284.5,2025-05-08,Completed
5135,1863,Iqra,Home,1,1581.85,2025-03-12,Completed
5136,1372,Sana,Clothing,8,1256.18,2025-12-01,Returned
5137,2885,Fatima,Groceries,9,919.32,2025-05-23,Pending
5138,2968,Danish,Books,7,1140.69,2025-11-21,Returned
5139,2205,Omar,Groceries,2,1556.51,2025-02-08,Completed
5140,1695,Noor,Clothing,3,531.82,2025-10-27,Pending
5141,1885,Hassan,Clothing,1,1869.44,2025-01-20,Pending
5142,2206,Sara,Electronics,7,1363.45,2025-08-13,Cancelled
5143,1409,Omar,Electronics,7,77.85,2025-07-25,Returned
5144,2832,Bilal,Books,3,1853.84,2025-10-04,Cancelled
5145,2358,Ali,Electronics,3,1821.7,2026-02-09,Cancelled
5146,2073,Usman,Clothing,4,938.11,2025-02-17,Pending
5147,2963,Iqra,Home,10,1946.53,2025-11-27,Pending
5148,2732,Taha,Books,5,1544.02,2025-04-29,Completed
5149,1316,Iqra,Beauty,8,1281.51,2025-07-26,Pending
5150,1793,Ali,Groceries,8,95.34,2025-01-20,Completed
5151,1395,Zain,Home,6,1295.55,2025-04-20,Completed
5152,1369,Omar,Sports,9,945.05,2026-02-16,Completed
5153,2890,Usman,Electronics,10,752.14,2026-02-20,Pending
5154,2923,Laiba,Beauty,9,193.09,2025-01-30,Pending
5155,1265,Laiba,Beauty,10,1001.13,2026-04-03,Pending
5156,1892,Hina,Toys,5,629.12,2026-04-30,Returned
5157,1900,Iqra,Beauty,10,1277.89,2025-06-11,Cancelled
5158,2939,Maham,Sports,10,1793.69,2025-01-09,Completed
5159,2381,Kiran,Toys,2,1358.95,2025-10-24,Pending
5160,1504,Noor,Home,1,1897.24,2025-07-27,Cancelled
5161,2507,Hina,Home,10,1902.47,2025-03-12,Pending
5162,2142,Hina,Toys,5,1729.45,2026-02-21,Completed
5163,2055,Fatima,Groceries,6,575.24,2026-01-01,Pending
5164,2375,Kiran,Home,8,1581.04,2025-06-28,Returned
5165,2873,Usman,Toys,6,1005.67,2025-05-17,Pending
5166,1431,Hina,Books,10,1370.65,2025-02-15,Returned
5167,2592,Ayesha,Groceries,9,1777.18,2025-02-01,Pending
5168,1833,Iqra,Clothing,2,1315.43,2025-02-08,Pending
5169,2955,Hina,Beauty,1,143.63,2026-02-09,Pending
5170,2566,Laiba,Toys,5,1769.81,2025-12-30,Returned
5171,2071,Hassan,Books,9,174.26,2025-03-08,Cancelled
5172,2629,Ahmed,Toys,3,1277.65,2026-03-23,Returned
5173,1013,Taha,Sports,4,400.86,2025-04-14,Pending
5174,1261,Ayesha,Sports,2,1200.72,2025-09-19,Pending
5175,1629,Omar,Sports,1,319.64,2025-10-07,Pending
5176,1136,Ahmed,Electronics,6,1648.05,2025-03-16,Cancelled
5177,2368,Hamza,Clothing,10,520.83,2025-06-22,Completed
5178,2096,Danish,Books,7,1338.0,2025-02-18,Cancelled
5179,2930,Laiba,Toys,9,1247.83,2025-03-03,Cancelled
5180,1485,Laiba,Clothing,5,1780.8,2025-07-17,Cancelled
5181,2810,Usman,Clothing,8,1149.61,2025-11-30,Cancelled
5182,1055,Ayesha,Home,10,1753.81,2025-08-04,Completed
5183,1480,Hassan,Beauty,5,172.08,2025-10-05,Pending
5184,2467,Hassan,Toys,8,1716.65,2025-12-28,Pending
5185,2935,Bilal,Sports,7,1851.39,2026-02-05,Completed
5186,1315,Maham,Home,7,793.29,2025-06-14,Pending
5187,2134,Hamza,Sports,8,207.28,2025-11-06,Completed
5188,1415,Ali,Clothing,6,476.54,2025-06-11,Returned
5189,2002,Hassan,Clothing,6,1836.3,2025-05-08,Cancelled
5190,2732,Zain,Sports,10,264.63,2025-03-12,Cancelled
5191,2973,Laiba,Groceries,2,955.38,2025-02-09,Returned
5192,1437,Bilal,Beauty,5,414.82,2026-01-20,Completed
5193,2333,Sara,Groceries,7,1718.4,2026-01-24,Cancelled
5194,2885,Fatima,Sports,5,422.51,2026-02-24,Pending
5195,1314,Danish,Electronics,9,1091.28,2025-07-10,Cancelled
5196,2794,Laiba,Groceries,6,1905.54,2025-07-11,Pending
5197,2676,Maham,Groceries,10,62.19,2025-02-23,Pending
5198,1323,Noor,Sports,10,1850.68,2026-03-29,Pending
5199,2034,Laiba,Home,2,1829.4,2026-04-08,Pending
5200,1499,Hamza,Books,8,739.77,2025-11-25,Cancelled
5201,2055,Danish,Groceries,10,1364.96,2025-01-19,Cancelled
5202,2578,Kiran,Clothing,1,883.72,2025-04-26,Cancelled
5203,1069,Omar,Sports,8,1374.34,2026-02-06,Cancelled
5204,1953,Danish,Groceries,10,948.74,2025-09-18,Pending
5205,2457,Sara,Books,6,728.15,2025-09-16,Completed
5206,2491,Ahmed,Books,2,1496.07,2025-12-06,Completed
5207,1919,Ali,Beauty,4,659.58,2026-03-23,Cancelled
5208,1398,Hassan,Groceries,3,861.16,2025-07-16,Pending
5209,2034,Ayesha,Beauty,6,1664.47,2025-03-16,Returned
5210,1971,Hassan,Sports,9,1408.07,2025-08-10,Cancelled
5211,2550,Kiran,Groceries,10,708.84,2025-02-08,Returned
5212,2872,Kiran,Home,3,867.68,2025-12-07,Pending
5213,2484,Sana,Clothing,9,988.71,2025-04-15,Cancelled
5214,1987,Noor,Home,7,336.45,2026-01-28,Returned
5215,1267,Sara,Beauty,6,1498.78,2025-04-24,Cancelled
5216,2835,Ahmed,Beauty,1,1086.85,2025-05-09,Pending
5217,2557,Laiba,Toys,4,1401.44,2025-03-18,Completed
5218,2713,Hamza,Beauty,9,1310.99,2025-11-15,Completed
5219,1106,Zain,Toys,5,1924.31,2026-02-25,Pending
5220,1237,Noor,Clothing,4,595.45,2026-02-01,Cancelled
5221,1777,Kiran,Clothing,7,1452.56,2025-12-03,Pending
5222,1695,Danish,Beauty,6,1945.87,2025-04-28,Completed
5223,2850,Zain,Home,2,1879.63,2025-03-23,Completed
5224,2148,Sana,Beauty,1,1905.34,2025-02-23,Completed
5225,1254,Ahmed,Books,9,1373.12,2025-07-07,Cancelled
5226,2843,Hina,Home,9,1699.46,2025-02-04,Returned
5227,2791,Hassan,Home,3,1884.67,2026-03-01,Returned
5228,2868,Usman,Toys,8,1075.32,2025-12-30,Pending
5229,1267,Omar,Groceries,3,843.14,2025-03-16,Returned
5230,1470,Zain,Home,1,282.12,2025-05-12,Completed
5231,2744,Usman,Sports,6,1029.74,2025-01-03,Cancelled
5232,1607,Hassan,Sports,10,765.66,2025-06-30,Pending
5233,2887,Ayesha,Beauty,3,1502.76,2025-06-08,Pending
5234,1514,Taha,Home,6,514.91,2025-12-06,Pending
5235,1853,Noor,Groceries,10,58.19,2026-01-18,Returned
5236,2007,Bilal,Toys,9,673.69,2025-04-04,Completed
5237,2324,Ayesha,Groceries,3,1143.82,2026-04-13,Completed
5238,1901,Fatima,Beauty,6,1825.73,2025-09-02,Cancelled
5239,1734,Zain,Sports,1,614.26,2025-05-02,Cancelled
5240,1242,Zain,Home,7,900.48,2025-05-25,Returned
5241,1941,Noor,Groceries,6,1952.17,2026-03-04,Pending
5242,2397,Sana,Groceries,6,637.09,2025-01-09,Cancelled
5243,1007,Taha,Groceries,7,1014.67,2025-06-20,Completed
5244,2062,Hamza,Electronics,2,1686.82,2025-07-10,Pending
5245,1510,Danish,Home,6,1745.79,2025-07-06,Returned
5246,1040,Maham,Toys,2,1566.66,2025-09-05,Cancelled
5247,1479,Ayesha,Books,9,353.63,2025-03-28,Returned
5248,2013,Ali,Home,7,1783.9,2025-07-24,Cancelled
5249,2998,Ahmed,Home,4,329.4,2026-04-19,Returned
5250,1491,Ayesha,Electronics,1,1301.35,2025-03-19,Pending
5251,1307,Ahmed,Clothing,2,550.28,2025-09-02,Returned
5252,2102,Usman,Clothing,8,140.0,2025-10-28,Cancelled
5253,2403,Sana,Clothing,2,1021.47,2025-10-06,Returned
5254,1055,Iqra,Sports,1,1604.25,2025-03-03,Completed
5255,1045,Iqra,Sports,8,737.46,2025-03-06,Cancelled
5256,1696,Iqra,Clothing,1,855.39,2025-02-25,Returned
5257,2016,Ayesha,Electronics,3,684.49,2025-05-19,Pending
5258,2911,Ali,Home,7,1601.72,2026-02-03,Completed
5259,1829,Danish,Books,9,1878.52,2025-12-31,Pending
5260,1890,Hassan,Beauty,10,226.12,2026-01-26,Returned
5261,2353,Kiran,Sports,5,302.22,2026-04-20,Completed
5262,1622,Taha,Books,10,1196.9,2025-04-14,Completed
5263,2271,Kiran,Clothing,2,872.0,2026-01-08,Pending
5264,2260,Fatima,Clothing,2,1747.41,2026-04-18,Cancelled
5265,1578,Hassan,Groceries,8,305.83,2026-01-14,Completed
5266,2187,Hamza,Sports,3,242.91,2025-06-10,Completed
5267,2257,Zain,Clothing,5,1351.44,2026-04-15,Cancelled
5268,1656,Hina,Electronics,6,1527.19,2026-03-19,Completed
5269,1334,Noor,Groceries,3,1823.11,2025-10-31,Pending
5270,1870,Ahmed,Electronics,3,1753.02,2025-05-04,Pending
5271,1206,Ali,Groceries,3,304.59,2025-04-25,Returned
5272,2782,Hamza,Clothing,10,330.73,2025-01-12,Cancelled
5273,2409,Zain,Beauty,1,1191.33,2025-11-04,Pending
5274,2053,Hamza,Groceries,2,939.7,2026-01-14,Completed
5275,1275,Bilal,Beauty,3,743.86,2025-04-29,Pending
5276,1095,Zain,Groceries,5,775.51,2025-08-27,Cancelled
5277,2551,Ahmed,Home,3,325.79,2025-06-30,Completed
5278,2167,Kiran,Books,8,361.73,2026-01-15,Completed
5279,1254,Ahmed,Electronics,8,1554.55,2025-08-21,Cancelled
5280,2400,Bilal,Groceries,5,70.96,2025-09-26,Completed
5281,2863,Ahmed,Home,5,1613.94,2026-03-06,Cancelled
5282,1612,Usman,Toys,5,1202.31,2026-03-12,Pending
5283,1407,Fatima,Clothing,1,993.19,2025-04-02,Pending
5284,2650,Maham,Electronics,7,151.62,2025-06-22,Returned
5285,2641,Bilal,Clothing,4,243.25,2025-05-20,Completed
5286,1974,Hassan,Clothing,8,1060.19,2025-12-12,Returned
5287,2932,Iqra,Books,1,52.63,2025-12-16,Pending
5288,1045,Sara,Groceries,2,1416.18,2025-07-25,Pending
5289,1408,Noor,Clothing,1,647.3,2025-03-29,Returned
5290,2503,Maham,Clothing,1,702.35,2026-02-06,Returned
5291,1929,Fatima,Home,10,983.09,2025-03-14,Completed
5292,1115,Maham,Books,5,1371.51,2025-10-08,Pending
5293,1310,Iqra,Home,6,1076.06,2025-01-05,Returned
5294,1753,Ahmed,Toys,4,698.34,2026-01-25,Returned
5295,1184,Zain,Books,7,952.15,2025-02-19,Pending
5296,1787,Kiran,Electronics,8,185.96,2025-01-14,Cancelled
5297,1072,Fatima,Books,8,1526.54,2025-08-03,Returned
5298,2322,Hassan,Beauty,10,1725.85,2025-06-13,Cancelled
5299,2399,Hamza,Toys,1,1209.38,2025-09-18,Returned
5300,1728,Ahmed,Toys,1,1924.48,2025-05-11,Pending
5301,1365,Sana,Books,3,560.07,2026-03-26,Cancelled
5302,1614,Maham,Beauty,8,1125.75,2025-04-02,Completed
5303,2701,Ahmed,Toys,10,1952.51,2025-10-17,Pending
5304,1453,Hamza,Electronics,5,321.99,2025-07-28,Pending
5305,1227,Danish,Beauty,3,1941.42,2025-07-27,Returned
5306,1160,Zain,Electronics,8,1744.79,2025-02-23,Cancelled
5307,2282,Laiba,Clothing,7,1799.0,2025-02-20,Cancelled
5308,2018,Sana,Electronics,3,729.95,2025-01-20,Cancelled
5309,1298,Sara,Books,3,65.28,2026-03-07,Returned
5310,2427,Kiran,Groceries,4,1132.27,2025-08-12,Returned
5311,2698,Sana,Electronics,8,1351.58,2025-04-15,Returned
5312,2673,Laiba,Books,5,1213.2,2025-02-10,Returned
5313,1427,Ali,Groceries,9,1120.13,2025-09-10,Cancelled
5314,2643,Hina,Sports,6,834.91,2026-02-11,Completed
5315,1358,Bilal,Home,7,281.09,2025-08-20,Pending
5316,2345,Bilal,Clothing,5,1537.45,2025-07-12,Returned
5317,1036,Danish,Sports,3,971.52,2026-04-14,Completed
5318,2743,Noor,Books,7,683.33,2025-04-10,Completed
5319,2543,Fatima,Beauty,8,1496.47,2025-09-09,Pending
5320,1338,Usman,Books,2,1457.06,2026-04-11,Completed
5321,2243,Usman,Electronics,1,183.6,2025-08-03,Pending
5322,2334,Ali,Electronics,8,1235.19,2026-03-13,Returned
5323,1166,Kiran,Home,9,503.98,2025-12-08,Pending
5324,2639,Sana,Beauty,10,857.71,2025-07-10,Completed
5325,2402,Ahmed,Electronics,5,1716.76,2025-02-25,Returned
5326,1745,Sara,Groceries,3,1613.87,2026-04-18,Returned
5327,2303,Zain,Electronics,3,1526.58,2025-06-07,Pending
5328,2851,Hamza,Sports,6,1696.35,2026-03-19,Pending
5329,2114,Hassan,Books,1,611.58,2026-01-19,Returned
5330,2562,Usman,Toys,7,1262.26,2025-06-21,Completed
5331,1839,Ahmed,Toys,4,1973.43,2025-10-17,Returned
5332,2700,Hassan,Toys,9,1662.99,2025-02-25,Completed
5333,2939,Bilal,Sports,10,1056.73,2025-06-15,Cancelled
5334,2454,Fatima,Toys,6,500.03,2025-04-01,Completed
5335,2676,Hassan,Sports,1,662.76,2025-04-22,Pending
5336,1189,Hassan,Groceries,10,162.12,2025-06-21,Returned
5337,2415,Noor,Books,1,482.95,2025-09-17,Returned
5338,2787,Ahmed,Electronics,5,1778.45,2025-04-21,Returned
5339,2282,Usman,Clothing,2,767.27,2025-10-24,Cancelled
5340,1887,Ali,Groceries,7,1582.67,2026-01-19,Cancelled
5341,2212,Fatima,Clothing,5,1427.3,2025-06-03,Pending
5342,1565,Kiran,Home,2,1116.88,2025-09-19,Pending
5343,2706,Ali,Home,4,1938.8,2026-02-28,Completed
5344,1844,Maham,Books,4,509.94,2026-04-23,Cancelled
5345,1211,Omar,Groceries,9,493.25,2025-11-20,Completed
5346,2130,Kiran,Electronics,6,529.65,2025-03-12,Pending
5347,2561,Kiran,Toys,7,1366.4,2025-06-09,Completed
5348,2037,Sana,Books,2,428.98,2026-01-17,Cancelled
5349,1992,Sara,Groceries,6,659.66,2025-04-23,Cancelled
5350,2752,Fatima,Books,4,1125.42,2025-03-24,Pending
5351,1070,Noor,Beauty,9,947.69,2025-10-25,Cancelled
5352,1330,Taha,Clothing,4,698.46,2026-03-05,Completed
5353,1353,Ali,Clothing,1,1764.66,2026-01-26,Returned
5354,1265,Taha,Groceries,10,993.29,2025-04-03,Pending
5355,1762,Sana,Clothing,3,825.86,2025-11-28,Pending
5356,1815,Taha,Beauty,7,1486.99,2025-08-11,Returned
5357,1401,Hamza,Home,10,1731.63,2025-10-07,Cancelled
5358,1623,Maham,Toys,5,460.52,2025-03-12,Pending
5359,2043,Sana,Home,8,105.3,2025-03-20,Cancelled
5360,1809,Sana,Beauty,5,398.32,2025-01-09,Cancelled
5361,1344,Fatima,Beauty,8,1554.23,2025-06-10,Cancelled
5362,1934,Ali,Beauty,10,324.6,2025-04-05,Pending
5363,1473,Laiba,Books,3,276.0,2026-04-08,Cancelled
5364,2646,Hassan,Sports,3,650.5,2025-12-02,Returned
5365,1531,Hassan,Books,10,797.16,2025-07-10,Cancelled
5366,2862,Kiran,Toys,2,320.34,2025-03-20,Cancelled
5367,1206,Hamza,Books,9,118.88,2025-04-11,Completed
5368,1980,Taha,Toys,5,213.72,2025-02-11,Pending
5369,1648,Hina,Groceries,5,320.38,2026-01-16,Cancelled
5370,1149,Bilal,Beauty,10,486.24,2025-03-31,Returned
5371,2039,Ahmed,Groceries,9,143.35,2025-08-29,Completed
5372,2796,Hamza,Sports,9,1202.64,2025-05-27,Returned
5373,1053,Omar,Sports,4,1374.22,2025-08-22,Completed
5374,1006,Sana,Sports,2,814.72,2026-04-25,Completed
5375,2022,Hassan,Sports,1,110.99,2025-11-29,Pending
5376,1776,Hassan,Clothing,5,1939.29,2026-02-23,Pending
5377,1226,Maham,Beauty,9,1952.99,2025-06-19,Completed
5378,2832,Taha,Groceries,7,1772.34,2025-08-07,Pending
5379,2952,Kiran,Electronics,9,1498.05,2025-11-22,Returned
5380,2244,Hassan,Electronics,1,1544.2,2025-07-03,Pending
5381,2916,Laiba,Groceries,1,1984.32,2026-03-26,Pending
5382,2146,Fatima,Beauty,10,1520.06,2025-06-07,Returned
5383,2069,Sana,Electronics,3,723.3,2026-04-21,Returned
5384,2364,Taha,Books,3,575.75,2025-01-17,Pending
5385,2848,Hina,Groceries,3,853.09,2025-05-12,Completed
5386,1122,Sara,Beauty,8,696.52,2025-08-15,Pending
5387,2779,Maham,Home,10,1401.05,2025-01-22,Pending
5388,2655,Kiran,Groceries,9,1946.44,2025-08-03,Pending
5389,1169,Maham,Home,7,229.69,2025-05-21,Returned
5390,1986,Maham,Beauty,4,321.5,2025-04-21,Cancelled
5391,1129,Zain,Beauty,3,1909.36,2025-07-09,Pending
5392,1434,Hamza,Home,9,67.2,2025-08-16,Completed
5393,1024,Hina,Groceries,10,1089.46,2026-03-02,Completed
5394,2616,Ali,Electronics,10,1171.78,2025-09-23,Returned
5395,2353,Danish,Groceries,3,1255.26,2025-08-02,Cancelled
5396,1129,Sara,Home,9,1098.03,2026-02-05,Pending
5397,2306,Ahmed,Electronics,5,1296.56,2025-04-29,Completed
5398,1364,Zain,Beauty,4,1586.7,2026-03-04,Cancelled
5399,1953,Kiran,Groceries,4,684.61,2026-01-10,Returned
5400,1997,Hassan,Clothing,10,1870.7,2025-08-11,Pending
5401,1842,Noor,Toys,8,951.27,2025-04-25,Completed
5402,1255,Ayesha,Beauty,5,528.15,2026-01-12,Completed
5403,1638,Bilal,Groceries,5,613.1,2025-09-23,Returned
5404,2829,Kiran,Sports,5,1437.22,2025-02-27,Cancelled
5405,2086,Hina,Toys,1,1952.16,2025-10-25,Cancelled
5406,1794,Sara,Clothing,6,866.01,2025-06-21,Completed
5407,2563,Sana,Books,10,1671.32,2025-06-04,Returned
5408,2164,Sana,Books,5,1482.53,2025-06-13,Returned
5409,2242,Iqra,Beauty,10,1252.89,2025-09-08,Cancelled
5410,1833,Bilal,Electronics,9,1069.85,2026-03-09,Pending
5411,1639,Usman,Beauty,2,117.64,2025-03-09,Cancelled
5412,1787,Kiran,Groceries,1,267.49,2025-01-17,Cancelled
5413,2727,Noor,Books,6,277.26,2025-03-23,Pending
5414,2745,Hamza,Clothing,4,914.31,2025-07-11,Pending
5415,2489,Danish,Beauty,4,822.19,2026-02-20,Completed
5416,1715,Kiran,Electronics,7,1225.24,2025-05-12,Completed
5417,1816,Iqra,Books,6,1548.88,2025-06-12,Completed
5418,2641,Ahmed,Electronics,5,1744.43,2025-06-30,Completed
5419,2186,Hina,Home,2,1724.07,2026-02-22,Cancelled
5420,1282,Hina,Beauty,8,586.92,2026-02-07,Cancelled
5421,2390,Danish,Sports,7,1949.23,2025-11-14,Completed
5422,1938,Ahmed,Toys,4,1616.84,2026-04-01,Pending
5423,2639,Fatima,Sports,5,1885.95,2025-01-09,Returned
5424,2836,Sana,Toys,4,1209.16,2025-08-31,Pending
5425,1018,Noor,Books,1,251.1,2025-03-29,Completed
5426,1948,Zain,Home,10,102.65,2025-10-04,Pending
5427,1485,Ali,Home,1,1071.02,2026-02-05,Returned
5428,1262,Bilal,Groceries,1,1060.37,2025-04-12,Pending
5429,2449,Bilal,Toys,5,915.27,2025-02-20,Returned
5430,2388,Hassan,Books,10,1492.31,2025-05-14,Cancelled
5431,2154,Ahmed,Home,5,689.35,2025-08-03,Cancelled
5432,2569,Hassan,Beauty,7,1887.21,2025-02-08,Pending
5433,1457,Ayesha,Beauty,7,1350.99,2025-01-23,Completed
5434,1427,Ali,Groceries,10,119.86,2025-01-08,Returned
5435,2583,Omar,Groceries,8,550.57,2025-10-01,Completed
5436,2725,Taha,Beauty,6,1726.05,2026-02-23,Cancelled
5437,2887,Sana,Clothing,6,818.59,2025-04-01,Returned
5438,2980,Ahmed,Clothing,8,904.86,2025-05-13,Returned
5439,1637,Noor,Toys,4,612.53,2025-09-11,Returned
5440,1448,Ali,Beauty,9,1233.95,2025-10-07,Completed
5441,2648,Danish,Clothing,10,302.69,2025-09-05,Returned
5442,1580,Iqra,Sports,8,1377.1,2025-02-26,Pending
5443,2877,Ali,Sports,1,412.08,2026-01-16,Returned
5444,1771,Ali,Books,3,621.82,2025-04-20,Completed
5445,2435,Omar,Home,1,879.94,2026-02-06,Completed
5446,1600,Sara,Books,3,1758.61,2026-04-09,Completed
5447,1246,Kiran,Clothing,2,232.53,2025-09-14,Cancelled
5448,1536,Sara,Clothing,10,1567.21,2026-02-03,Returned
5449,1443,Hassan,Beauty,9,1948.08,2025-09-21,Completed
5450,2898,Usman,Clothing,1,315.62,2025-10-03,Completed
5451,2317,Laiba,Toys,6,652.01,2025-04-14,Completed
5452,1830,Sara,Clothing,5,626.46,2025-12-27,Returned
5453,1029,Usman,Books,4,1044.7,2026-02-24,Cancelled
5454,2321,Fatima,Electronics,7,1689.54,2026-03-16,Cancelled
5455,2366,Laiba,Clothing,10,813.03,2025-07-31,Pending
5456,2918,Hamza,Beauty,5,1888.68,2026-01-08,Cancelled
5457,1042,Ahmed,Toys,2,338.35,2025-02-12,Cancelled
5458,2624,Omar,Home,7,997.7,2026-02-05,Cancelled
5459,1253,Danish,Sports,5,642.99,2026-01-06,Cancelled
5460,2718,Ahmed,Home,9,1616.53,2025-11-16,Returned
5461,2175,Ahmed,Electronics,1,267.35,2025-06-04,Pending
5462,2079,Ahmed,Beauty,5,1216.7,2025-05-31,Cancelled
5463,2238,Hina,Sports,5,990.86,2025-04-15,Completed
5464,2408,Usman,Toys,5,826.87,2025-09-22,Pending
5465,1345,Ahmed,Toys,5,275.87,2025-01-13,Returned
5466,1855,Ayesha,Clothing,5,805.75,2025-09-02,Completed
5467,2566,Noor,Groceries,4,104.57,2025-06-02,Completed
5468,2435,Ahmed,Electronics,6,426.65,2025-05-10,Cancelled
5469,1941,Usman,Toys,4,1402.04,2026-04-24,Completed
5470,2409,Omar,Books,5,1707.59,2026-04-24,Cancelled
5471,1535,Omar,Sports,6,215.34,2025-11-23,Returned
5472,1748,Maham,Clothing,6,83.94,2025-01-12,Completed
5473,2658,Bilal,Toys,4,1856.03,2026-04-30,Returned
5474,2631,Omar,Toys,6,728.12,2025-03-26,Pending
5475,2861,Fatima,Groceries,9,1432.48,2025-05-21,Returned
5476,2717,Iqra,Electronics,6,1004.46,2025-08-10,Completed
5477,2040,Ahmed,Electronics,3,1366.91,2025-05-16,Completed
5478,1241,Iqra,Books,8,1313.54,2025-04-09,Cancelled
5479,1568,Iqra,Sports,4,1065.95,2025-12-07,Pending
5480,2580,Ahmed,Beauty,3,437.53,2026-01-18,Completed
5481,2375,Omar,Sports,2,99.08,2025-06-20,Returned
5482,1158,Zain,Toys,6,1329.55,2026-03-10,Pending
5483,2439,Laiba,Clothing,2,1270.34,2026-01-09,Cancelled
5484,2621,Maham,Electronics,1,1018.25,2025-04-21,Cancelled
5485,2898,Sara,Beauty,7,1177.98,2025-10-19,Completed
5486,1039,Usman,Sports,4,1464.69,2025-02-08,Returned
5487,1717,Ayesha,Books,1,267.67,2025-11-12,Pending
5488,1250,Sana,Toys,1,757.31,2026-02-22,Cancelled
5489,1437,Iqra,Groceries,4,153.83,2025-01-04,Completed
5490,2601,Zain,Books,2,176.0,2026-03-22,Completed
5491,1146,Hina,Sports,5,674.19,2025-09-20,Returned
5492,1304,Danish,Clothing,8,831.54,2025-08-23,Pending
5493,1225,Maham,Sports,4,1977.87,2026-03-06,Cancelled
5494,1372,Danish,Electronics,7,810.34,2026-01-29,Completed
5495,2884,Laiba,Groceries,10,559.07,2026-02-26,Returned
5496,1889,Omar,Sports,4,1787.22,2025-08-17,Completed
5497,2079,Zain,Home,8,593.31,2025-08-25,Returned
5498,2347,Sana,Beauty,3,1742.3,2025-09-10,Returned
5499,1157,Sara,Toys,7,78.6,2025-09-25,Cancelled
5500,1540,Ali,Groceries,10,1192.37,2025-04-22,Pending
5501,2444,Hamza,Beauty,8,1826.17,2025-05-10,Cancelled
5502,2719,Danish,Clothing,6,515.45,2026-03-08,Completed
5503,2805,Usman,Beauty,6,1297.77,2026-01-05,Completed
5504,1574,Hamza,Groceries,1,780.35,2025-08-10,Cancelled
5505,1033,Ayesha,Toys,2,255.49,2025-02-24,Completed
5506,1453,Hamza,Groceries,9,539.44,2026-03-12,Returned
5507,1464,Omar,Sports,4,479.88,2025-12-05,Pending
5508,2324,Ahmed,Electronics,1,1237.41,2025-11-18,Completed
5509,2573,Hassan,Beauty,6,1063.59,2025-05-03,Cancelled
5510,1319,Zain,Toys,10,1499.2,2025-10-25,Returned
5511,1043,Hamza,Clothing,7,1431.76,2026-04-03,Cancelled
5512,1714,Sara,Home,7,1790.61,2025-08-30,Pending
5513,1110,Hamza,Electronics,5,949.84,2026-03-05,Cancelled
5514,1329,Zain,Toys,1,982.09,2025-04-11,Returned
5515,2507,Laiba,Toys,2,447.35,2025-05-30,Returned
5516,1663,Taha,Clothing,6,1582.46,2025-01-11,Cancelled
5517,2130,Zain,Books,10,133.21,2026-04-18,Completed
5518,2438,Ahmed,Beauty,4,1851.09,2025-08-20,Pending
5519,1886,Sana,Books,4,1846.15,2025-06-16,Pending
5520,2380,Hina,Toys,4,1593.78,2026-03-24,Pending
5521,1069,Danish,Sports,8,799.98,2026-03-07,Pending
5522,2194,Ali,Home,4,1098.04,2025-07-13,Pending
5523,1595,Bilal,Home,4,560.64,2025-07-21,Cancelled
5524,2697,Hassan,Beauty,10,1321.89,2025-10-11,Completed
5525,2527,Usman,Clothing,3,917.25,2025-05-18,Returned
5526,1111,Hassan,Sports,3,1377.94,2025-12-09,Completed
5527,1138,Noor,Home,6,1876.49,2026-01-27,Cancelled
5528,1698,Ali,Toys,9,373.87,2025-10-03,Pending
5529,1547,Iqra,Clothing,9,1572.5,2025-06-06,Returned
5530,1040,Ayesha,Groceries,10,1196.35,2025-07-14,Returned
5531,2792,Sana,Beauty,4,1406.02,2025-07-10,Returned
5532,1958,Danish,Groceries,1,564.99,2025-12-01,Cancelled
5533,2945,Sara,Groceries,2,1353.54,2025-04-10,Completed
5534,1125,Ahmed,Home,2,1828.76,2025-11-08,Pending
5535,2036,Ayesha,Beauty,1,252.78,2025-11-16,Returned
5536,1350,Taha,Books,10,155.13,2025-07-21,Cancelled
5537,1376,Ahmed,Books,10,1515.74,2025-01-08,Completed
5538,1344,Zain,Beauty,9,1998.83,2025-11-14,Completed
5539,2885,Bilal,Electronics,9,706.14,2026-02-18,Cancelled
5540,1178,Ahmed,Sports,7,580.2,2026-03-31,Pending
5541,1749,Hassan,Groceries,5,1579.43,2025-11-07,Returned
5542,2616,Ahmed,Groceries,6,958.23,2025-11-19,Returned
5543,1425,Fatima,Toys,2,837.36,2026-03-13,Cancelled
5544,1373,Taha,Sports,6,327.07,2025-10-19,Pending
5545,2718,Laiba,Books,3,389.05,2025-01-30,Cancelled
5546,2850,Iqra,Sports,7,688.25,2025-06-25,Completed
5547,1478,Fatima,Clothing,8,810.31,2026-04-11,Completed
5548,1859,Omar,Toys,5,1933.99,2025-05-09,Pending
5549,2318,Laiba,Home,4,656.2,2025-07-28,Completed
5550,1466,Sara,Beauty,6,640.74,2026-01-30,Returned
5551,1513,Taha,Electronics,9,790.96,2025-12-08,Cancelled
5552,2974,Ahmed,Toys,1,1596.44,2025-09-18,Returned
5553,2163,Ahmed,Sports,3,514.01,2025-07-26,Pending
5554,1398,Hassan,Groceries,10,1205.5,2025-09-12,Completed
5555,2897,Taha,Clothing,1,75.04,2025-05-03,Returned
5556,2608,Fatima,Books,8,1574.61,2025-12-27,Pending
5557,2435,Danish,Electronics,2,1652.08,2025-11-04,Pending
5558,1097,Zain,Home,7,1580.12,2025-07-11,Cancelled
5559,1392,Bilal,Beauty,2,1020.15,2025-10-13,Pending
5560,1078,Hassan,Sports,5,912.44,2025-11-17,Completed
5561,1092,Usman,Electronics,10,136.24,2026-04-13,Pending
5562,2687,Danish,Electronics,9,1221.27,2025-09-24,Pending
5563,2750,Fatima,Groceries,10,1485.99,2026-03-18,Returned
5564,1101,Omar,Clothing,10,517.0,2026-04-18,Returned
5565,1296,Kiran,Toys,10,271.48,2025-11-16,Returned
5566,1795,Iqra,Home,10,681.81,2025-02-08,Completed
5567,2718,Iqra,Home,5,864.49,2025-06-22,Returned
5568,2141,Usman,Electronics,10,125.75,2025-05-31,Completed
5569,1688,Laiba,Beauty,7,866.3,2025-05-15,Completed
5570,2248,Ali,Groceries,1,618.98,2025-04-14,Pending
5571,1274,Sara,Groceries,1,932.32,2026-03-23,Pending
5572,2446,Omar,Groceries,5,651.67,2025-10-13,Returned
5573,2198,Taha,Clothing,9,1850.85,2025-11-06,Completed
5574,1243,Danish,Home,8,144.11,2026-04-11,Completed
5575,2859,Kiran,Home,6,161.91,2025-05-28,Completed
5576,1858,Sara,Sports,5,1658.6,2026-01-29,Completed
5577,2666,Ali,Groceries,9,418.52,2026-01-07,Pending
5578,1007,Usman,Toys,10,737.54,2025-12-09,Returned
5579,1857,Kiran,Groceries,10,583.0,2025-01-29,Returned
5580,1507,Danish,Electronics,7,780.44,2026-02-02,Cancelled
5581,2340,Kiran,Sports,2,1522.12,2025-07-19,Pending
5582,1996,Kiran,Toys,2,51.83,2026-03-07,Returned
5583,2193,Hamza,Sports,10,1884.96,2025-11-07,Pending
5584,1306,Iqra,Clothing,3,1523.94,2026-04-04,Returned
5585,2697,Sana,Home,5,1830.96,2025-04-22,Completed
5586,1666,Usman,Electronics,6,1819.87,2025-03-12,Pending
5587,2269,Hina,Books,2,1324.31,2026-04-23,Cancelled
5588,2690,Iqra,Electronics,5,1302.39,2025-02-01,Cancelled
5589,2995,Ayesha,Home,9,481.72,2025-12-16,Completed
5590,2097,Ali,Clothing,5,236.26,2025-02-10,Completed
5591,2307,Fatima,Clothing,2,1382.47,2025-11-05,Completed
5592,1405,Laiba,Toys,4,1347.93,2025-07-24,Pending
5593,2874,Laiba,Beauty,1,1105.69,2025-08-07,Returned
5594,1090,Ayesha,Beauty,5,1655.96,2025-11-20,Returned
5595,2789,Laiba,Home,9,790.96,2025-11-20,Cancelled
5596,1826,Zain,Sports,10,1997.68,2025-08-25,Cancelled
5597,1807,Sara,Books,1,1831.69,2025-10-07,Returned
5598,2352,Ali,Home,5,1435.49,2026-04-25,Completed
5599,1211,Hamza,Home,10,1452.57,2026-02-04,Returned
5600,2310,Ali,Clothing,5,1533.48,2026-03-10,Pending
5601,2647,Hina,Toys,7,375.01,2025-09-08,Completed
5602,2388,Ali,Toys,9,315.81,2026-02-04,Completed
5603,1817,Fatima,Groceries,9,171.06,2025-05-20,Cancelled
5604,1134,Sana,Home,1,1181.26,2025-03-13,Completed
5605,1818,Noor,Beauty,1,728.53,2025-10-29,Cancelled
5606,2097,Ayesha,Groceries,5,935.92,2025-03-11,Returned
5607,1080,Sara,Books,10,528.54,2026-03-08,Pending
5608,2956,Laiba,Toys,7,1793.36,2026-04-19,Pending
5609,2106,Noor,Groceries,8,1192.41,2025-04-25,Completed
5610,2146,Laiba,Sports,2,70.39,2025-12-04,Cancelled
5611,1018,Ahmed,Clothing,7,56.62,2025-03-06,Pending
5612,2214,Usman,Toys,8,361.73,2025-11-25,Pending
5613,2710,Omar,Electronics,10,630.88,2025-10-04,Completed
5614,2696,Ahmed,Clothing,7,1020.46,2025-07-14,Returned
5615,1954,Danish,Electronics,7,672.74,2025-02-28,Completed
5616,1005,Ayesha,Groceries,4,817.68,2025-08-31,Completed
5617,1657,Ayesha,Books,5,1508.98,2025-11-12,Pending
5618,2832,Zain,Books,10,760.72,2025-04-06,Completed
5619,2820,Sana,Books,3,1916.11,2025-02-25,Cancelled
5620,2400,Iqra,Groceries,1,1079.47,2025-12-07,Pending
5621,2357,Noor,Clothing,8,1561.47,2025-12-14,Cancelled
5622,1405,Ayesha,Home,8,1413.02,2025-02-18,Pending
5623,2314,Sana,Sports,4,1842.57,2025-10-09,Completed
5624,1273,Bilal,Home,7,542.27,2026-01-16,Pending
5625,1291,Bilal,Beauty,6,949.54,2025-03-25,Cancelled
5626,1115,Ali,Home,7,421.56,2026-04-08,Cancelled
5627,2106,Omar,Beauty,6,108.11,2025-01-31,Cancelled
5628,2948,Danish,Beauty,7,1004.44,2025-03-24,Cancelled
5629,1606,Fatima,Beauty,2,492.88,2025-08-25,Pending
5630,2220,Hina,Beauty,3,492.4,2025-03-05,Cancelled
5631,1957,Omar,Sports,3,820.29,2025-10-13,Completed
5632,1546,Zain,Home,4,1485.67,2025-11-10,Pending
5633,1118,Laiba,Groceries,6,1738.33,2025-02-09,Returned
5634,1803,Maham,Beauty,9,429.36,2025-03-04,Cancelled
5635,2037,Zain,Groceries,5,1743.44,2026-01-30,Pending
5636,1628,Zain,Toys,9,929.19,2025-12-22,Completed
5637,1683,Noor,Clothing,2,453.69,2025-10-06,Completed
5638,1928,Usman,Beauty,6,883.56,2025-08-12,Returned
5639,1548,Maham,Beauty,10,408.34,2025-05-19,Completed
5640,1989,Hina,Home,10,1354.19,2025-09-23,Cancelled
5641,1020,Iqra,Clothing,8,1697.76,2025-05-05,Returned
5642,2110,Laiba,Toys,5,460.86,2025-06-19,Cancelled
5643,2302,Noor,Home,1,1522.9,2026-03-24,Returned
5644,2984,Laiba,Clothing,6,1407.65,2025-05-04,Completed
5645,2294,Zain,Clothing,8,1863.68,2025-04-18,Completed
5646,1202,Hassan,Clothing,1,1201.8,2025-11-12,Returned
5647,2105,Hina,Home,10,1285.36,2025-10-25,Completed
5648,2980,Ali,Books,4,586.27,2025-05-14,Pending
5649,2557,Ali,Groceries,3,384.17,2025-04-11,Returned
5650,2974,Zain,Groceries,2,1194.57,2026-04-19,Cancelled
5651,1066,Hamza,Home,4,505.38,2025-03-01,Pending
5652,1272,Hassan,Groceries,3,1582.53,2025-12-06,Pending
5653,1449,Fatima,Sports,4,278.49,2025-02-07,Completed
5654,1875,Hina,Clothing,9,1769.39,2025-08-20,Completed
5655,1812,Kiran,Electronics,6,540.01,2025-05-20,Returned
5656,1241,Hina,Clothing,1,880.7,2025-11-09,Cancelled
5657,1003,Danish,Beauty,9,891.01,2026-03-27,Pending
5658,1628,Hamza,Groceries,10,919.33,2025-01-07,Returned
5659,1786,Maham,Groceries,8,1667.3,2025-05-29,Pending
5660,2801,Taha,Books,8,1337.76,2025-10-07,Completed
5661,2766,Sara,Toys,8,82.55,2025-07-01,Cancelled
5662,1790,Ali,Books,8,1469.29,2025-02-26,Cancelled
5663,1277,Noor,Beauty,6,137.82,2025-09-13,Completed
5664,1623,Fatima,Beauty,9,1920.46,2025-10-19,Cancelled
5665,2912,Maham,Sports,10,754.7,2025-06-18,Completed
5666,1645,Omar,Sports,7,1106.13,2026-03-26,Returned
5667,1685,Iqra,Clothing,4,667.96,2026-01-22,Completed
5668,2798,Kiran,Beauty,10,1035.33,2026-04-15,Completed
5669,1256,Zain,Groceries,5,792.09,2025-06-03,Pending
5670,1965,Ali,Home,7,1444.1,2026-04-16,Pending
5671,1903,Laiba,Beauty,4,167.2,2025-10-20,Returned
5672,2677,Zain,Beauty,3,1015.94,2025-06-25,Cancelled
5673,2477,Fatima,Groceries,7,1190.73,2025-11-16,Cancelled
5674,2372,Sana,Home,8,1788.95,2025-11-15,Cancelled
5675,2195,Danish,Groceries,8,1928.99,2025-10-04,Returned
5676,2742,Ahmed,Toys,6,1143.26,2025-11-07,Pending
5677,2007,Ayesha,Electronics,9,274.19,2025-10-05,Cancelled
5678,2480,Noor,Clothing,4,307.51,2026-03-28,Completed
5679,1973,Usman,Groceries,3,869.99,2026-03-06,Completed
5680,2862,Ali,Clothing,2,1135.14,2025-03-29,Cancelled
5681,2894,Maham,Sports,4,281.51,2025-03-23,Completed
5682,1472,Ayesha,Books,6,1163.85,2026-01-30,Completed
5683,1172,Maham,Home,7,831.04,2025-11-21,Completed
5684,1262,Danish,Clothing,10,1529.07,2025-12-15,Pending
5685,2562,Hina,Home,3,51.13,2025-11-01,Completed
5686,1440,Hamza,Toys,3,894.05,2026-04-18,Returned
5687,1720,Sana,Clothing,6,750.45,2026-02-01,Cancelled
5688,1695,Bilal,Home,2,1079.36,2025-12-29,Completed
5689,2359,Usman,Electronics,7,1969.69,2026-02-09,Completed
5690,1825,Ahmed,Groceries,1,1184.61,2026-02-24,Completed
5691,2053,Fatima,Home,9,356.2,2025-01-27,Completed
5692,1713,Maham,Toys,10,1137.32,2026-01-19,Returned
5693,1686,Maham,Clothing,7,1571.5,2025-01-17,Completed
5694,2363,Danish,Books,1,965.38,2025-05-16,Completed
5695,2438,Zain,Home,6,1160.36,2025-10-29,Pending
5696,1650,Usman,Home,9,1965.8,2025-02-27,Cancelled
5697,1865,Zain,Books,5,449.46,2025-04-11,Returned
5698,1669,Usman,Clothing,9,306.81,2025-12-14,Pending
5699,2075,Usman,Groceries,5,284.01,2025-08-16,Pending
5700,2799,Ali,Sports,4,1186.74,2025-12-27,Completed
5701,2294,Hassan,Sports,5,1944.68,2025-07-09,Returned
5702,1452,Maham,Home,2,1958.61,2026-01-04,Returned
5703,1410,Ayesha,Home,1,1251.62,2026-01-09,Pending
5704,2502,Hassan,Sports,10,652.67,2025-01-03,Completed
5705,1680,Kiran,Books,6,292.59,2025-02-20,Cancelled
5706,2744,Danish,Groceries,4,70.75,2025-05-09,Cancelled
5707,2613,Danish,Groceries,4,881.72,2025-06-17,Completed
5708,2875,Ali,Sports,3,494.04,2026-04-10,Cancelled
5709,2291,Omar,Clothing,9,959.13,2025-08-21,Completed
5710,2112,Ayesha,Sports,9,1108.43,2025-12-23,Pending
5711,1853,Zain,Toys,6,1758.5,2025-10-08,Completed
5712,2875,Hassan,Beauty,9,1448.4,2025-05-09,Cancelled
5713,2423,Hina,Home,10,1003.2,2025-12-21,Completed
5714,2049,Danish,Books,4,123.41,2025-07-09,Cancelled
5715,2040,Ayesha,Books,4,1563.78,2025-05-28,Completed
5716,1243,Iqra,Clothing,3,1454.83,2025-07-23,Cancelled
5717,2503,Hamza,Electronics,6,1157.62,2025-09-26,Pending
5718,2957,Hina,Home,1,1378.57,2025-07-09,Pending
5719,2809,Noor,Electronics,8,1983.05,2025-01-26,Completed
5720,1830,Fatima,Books,8,442.04,2025-04-04,Pending
5721,2479,Taha,Groceries,9,438.51,2025-07-04,Completed
5722,1553,Taha,Groceries,10,1767.13,2025-02-02,Returned
5723,2480,Omar,Clothing,10,1966.12,2025-06-08,Cancelled
5724,2049,Ali,Home,10,1010.62,2025-12-01,Returned
5725,1544,Usman,Home,8,1602.3,2025-05-30,Pending
5726,1067,Sana,Books,5,1728.3,2026-02-18,Cancelled
5727,2252,Usman,Toys,6,1245.3,2025-12-25,Returned
5728,1213,Ali,Groceries,5,1719.9,2025-02-18,Pending
5729,1472,Iqra,Electronics,3,1817.58,2025-02-11,Returned
5730,1141,Usman,Beauty,2,136.65,2025-04-06,Completed
5731,2128,Sana,Toys,6,1877.55,2025-07-05,Pending
5732,2252,Bilal,Groceries,8,1822.91,2026-01-28,Returned
5733,1090,Sara,Groceries,9,1100.3,2025-06-23,Completed
5734,1453,Laiba,Books,8,1014.66,2025-09-12,Pending
5735,2230,Usman,Home,1,1519.36,2025-07-28,Returned
5736,2156,Zain,Home,5,284.51,2026-01-12,Completed
5737,2583,Kiran,Beauty,3,457.51,2025-05-03,Pending
5738,2150,Hamza,Clothing,2,687.27,2025-12-07,Completed
5739,2315,Omar,Clothing,6,1754.12,2025-02-08,Pending
5740,2208,Iqra,Beauty,9,1715.08,2025-06-26,Completed
5741,1054,Maham,Beauty,9,312.88,2026-02-02,Completed
5742,1026,Zain,Home,8,63.01,2025-11-02,Cancelled
5743,2307,Ahmed,Toys,2,1278.45,2025-12-20,Completed
5744,1359,Laiba,Home,9,941.01,2025-08-27,Completed
5745,1512,Bilal,Beauty,4,533.04,2025-12-03,Cancelled
5746,2096,Danish,Groceries,6,1946.71,2026-01-23,Completed
5747,1630,Sana,Groceries,4,773.41,2025-01-15,Cancelled
5748,1157,Sana,Groceries,7,1659.75,2025-08-14,Completed
5749,2595,Sara,Books,3,1636.24,2025-04-20,Completed
5750,2041,Laiba,Clothing,10,1229.94,2025-07-05,Returned
5751,2809,Taha,Clothing,2,1275.56,2026-01-10,Completed
5752,2622,Maham,Beauty,8,1155.51,2025-08-25,Completed
5753,1159,Danish,Toys,1,1524.9,2026-02-26,Pending
5754,2996,Usman,Groceries,8,1796.75,2026-01-07,Cancelled
5755,2565,Hamza,Toys,9,1540.67,2026-01-18,Completed
5756,2295,Maham,Electronics,2,1673.86,2025-04-25,Returned
5757,2762,Noor,Books,1,1866.54,2025-05-13,Pending
5758,2588,Kiran,Clothing,6,756.39,2026-02-26,Pending
5759,1563,Maham,Toys,8,1387.35,2025-02-25,Completed
5760,1849,Zain,Books,7,1626.22,2026-03-21,Returned
5761,2711,Hamza,Electronics,6,328.01,2026-02-07,Cancelled
5762,2872,Fatima,Books,6,1589.13,2025-04-24,Completed
5763,1067,Danish,Electronics,6,227.14,2026-04-14,Pending
5764,2144,Fatima,Electronics,8,955.98,2026-01-06,Completed
5765,2623,Sara,Home,2,1805.61,2025-02-17,Cancelled
5766,2315,Ayesha,Home,9,1912.47,2025-10-31,Returned
5767,1390,Zain,Sports,8,676.76,2025-10-02,Pending
5768,2279,Kiran,Clothing,8,281.04,2025-09-23,Completed
5769,2737,Maham,Toys,7,1028.4,2025-01-26,Returned
5770,2427,Sana,Electronics,3,434.81,2025-09-10,Completed
5771,2172,Hamza,Toys,5,246.54,2025-04-12,Returned
5772,1434,Laiba,Groceries,6,1801.19,2025-08-28,Pending
5773,1772,Bilal,Books,2,286.13,2025-02-24,Cancelled
5774,2278,Ali,Clothing,2,1848.72,2025-08-22,Pending
5775,2496,Bilal,Sports,4,766.63,2025-01-20,Returned
5776,2231,Iqra,Toys,3,1205.57,2025-05-08,Completed
5777,2646,Omar,Books,7,897.1,2025-05-30,Pending
5778,1952,Sara,Toys,9,1811.46,2026-03-20,Pending
5779,1171,Omar,Beauty,3,1873.31,2026-03-21,Completed
5780,2297,Iqra,Electronics,4,667.81,2025-04-19,Pending
5781,2584,Laiba,Clothing,8,1634.6,2025-04-22,Cancelled
5782,1259,Fatima,Clothing,9,830.48,2025-11-15,Pending
5783,2370,Usman,Clothing,3,528.66,2025-05-13,Cancelled
5784,1291,Sara,Books,7,759.3,2025-10-26,Pending
5785,1129,Usman,Toys,10,1369.47,2025-09-19,Returned
5786,2473,Taha,Beauty,9,168.18,2025-07-13,Pending
5787,1377,Zain,Electronics,7,1457.1,2025-07-06,Cancelled
5788,1198,Sana,Books,2,116.6,2025-03-07,Returned
5789,2459,Taha,Electronics,2,393.05,2025-08-19,Completed
5790,1751,Sana,Clothing,3,1875.19,2025-04-14,Returned
5791,2813,Usman,Sports,1,624.88,2025-08-20,Completed
5792,1417,Ali,Books,3,1539.93,2025-01-10,Pending
5793,2989,Fatima,Groceries,8,239.69,2025-05-01,Completed
5794,1530,Taha,Sports,8,286.3,2025-08-20,Pending
5795,2941,Usman,Groceries,5,1990.73,2025-10-21,Completed
5796,2568,Omar,Electronics,4,1733.59,2025-05-28,Pending
5797,1128,Sana,Groceries,6,686.69,2026-02-01,Pending
5798,1049,Fatima,Toys,10,548.07,2025-03-31,Returned
5799,2816,Bilal,Sports,7,146.03,2025-11-05,Completed
5800,2738,Taha,Sports,2,1009.57,2026-04-07,Pending
5801,1006,Hassan,Toys,5,125.61,2025-05-31,Completed
5802,2705,Bilal,Electronics,10,1674.77,2026-01-09,Cancelled
5803,2519,Sara,Home,9,1272.95,2026-02-13,Cancelled
5804,2463,Hassan,Books,9,768.23,2026-03-09,Returned
5805,2939,Laiba,Beauty,2,1488.57,2025-08-24,Cancelled
5806,2631,Omar,Electronics,8,1921.13,2025-10-04,Completed
5807,2153,Hassan,Groceries,1,463.78,2025-12-31,Completed
5808,1748,Danish,Home,5,789.69,2025-11-01,Returned
5809,1010,Danish,Home,6,516.61,2025-04-29,Returned
5810,2780,Iqra,Sports,5,236.94,2025-12-19,Completed
5811,2117,Hina,Sports,1,1457.86,2025-10-06,Cancelled
5812,1629,Omar,Books,2,755.13,2025-07-26,Pending
5813,1007,Laiba,Electronics,6,1703.98,2025-07-30,Returned
5814,2292,Usman,Home,3,581.53,2025-06-02,Cancelled
5815,1872,Omar,Home,4,781.63,2025-09-07,Returned
5816,2718,Sara,Beauty,4,1588.23,2025-02-04,Cancelled
5817,2627,Usman,Toys,6,302.54,2025-07-04,Pending
5818,1835,Usman,Toys,9,1534.31,2025-03-27,Returned
5819,2203,Kiran,Groceries,6,330.51,2026-03-27,Cancelled
5820,1349,Maham,Electronics,9,956.69,2026-04-30,Pending
5821,1698,Noor,Home,10,600.02,2025-05-10,Completed
5822,2251,Bilal,Home,3,376.61,2025-02-08,Completed
5823,2669,Laiba,Home,10,1177.91,2026-04-02,Cancelled
5824,2302,Ahmed,Groceries,9,363.39,2025-06-01,Pending
5825,2305,Ali,Beauty,5,990.35,2025-09-13,Pending
5826,2856,Noor,Home,1,382.61,2025-05-18,Returned
5827,1594,Zain,Books,9,1293.98,2025-07-26,Completed
5828,2717,Iqra,Clothing,5,1285.98,2026-03-31,Completed
5829,2223,Iqra,Sports,8,1038.35,2026-03-23,Returned
5830,1365,Usman,Home,10,1025.54,2025-03-21,Pending
5831,1728,Sana,Books,4,295.48,2026-04-17,Cancelled
5832,1399,Usman,Home,6,1310.93,2025-08-25,Returned
5833,2616,Ayesha,Beauty,4,1441.0,2026-02-21,Completed
5834,2234,Sara,Beauty,10,1256.81,2025-03-13,Pending
5835,1173,Iqra,Groceries,9,1118.52,2025-07-02,Returned
5836,2503,Laiba,Beauty,9,814.98,2025-04-06,Completed
5837,2163,Maham,Sports,5,367.87,2025-11-04,Returned
5838,2650,Maham,Toys,2,1383.07,2025-10-06,Cancelled
5839,1087,Fatima,Home,10,824.42,2026-04-18,Returned
5840,1657,Iqra,Books,1,1658.34,2026-04-17,Completed
5841,1628,Ayesha,Clothing,1,200.54,2025-09-16,Pending
5842,2562,Ayesha,Clothing,9,423.42,2025-06-25,Completed
5843,2329,Ali,Home,3,1232.93,2025-08-19,Returned
5844,1527,Sana,Home,7,1769.58,2026-01-28,Cancelled
5845,2493,Ayesha,Books,5,1867.06,2025-12-15,Returned
5846,2025,Usman,Clothing,5,1495.56,2025-05-12,Completed
5847,2530,Usman,Home,9,1063.73,2026-02-24,Cancelled
5848,1735,Taha,Beauty,5,1663.02,2025-01-30,Cancelled
5849,2918,Sana,Sports,7,1604.17,2025-01-04,Returned
5850,1261,Sana,Sports,8,1881.35,2026-04-22,Cancelled
5851,2140,Danish,Home,2,1218.14,2025-07-15,Pending
5852,2375,Hassan,Clothing,9,839.2,2025-02-14,Pending
5853,2058,Noor,Beauty,6,1204.8,2025-04-03,Pending
5854,2612,Kiran,Toys,5,995.3,2025-04-12,Pending
5855,1909,Ahmed,Groceries,5,608.67,2026-03-20,Returned
5856,2115,Ahmed,Groceries,2,991.88,2026-03-23,Cancelled
5857,1305,Sara,Toys,1,480.38,2025-10-29,Cancelled
5858,1202,Ayesha,Home,6,1058.63,2026-04-01,Cancelled
5859,1980,Ahmed,Toys,4,179.84,2025-02-28,Completed
5860,1431,Sara,Electronics,3,506.66,2025-02-22,Pending
5861,1186,Usman,Home,2,981.96,2025-11-29,Returned
5862,2554,Bilal,Sports,4,1811.28,2025-06-14,Pending
5863,1126,Fatima,Books,5,991.77,2026-01-05,Completed
5864,2004,Maham,Clothing,6,1155.02,2026-03-10,Completed
5865,2639,Usman,Home,4,59.95,2025-05-03,Completed
5866,2168,Sara,Books,9,1466.12,2025-09-25,Cancelled
5867,1894,Danish,Electronics,8,149.05,2025-11-01,Pending
5868,2143,Sara,Clothing,10,978.4,2025-04-13,Completed
5869,1001,Hamza,Clothing,1,464.49,2025-03-17,Completed
5870,1765,Ayesha,Home,3,270.33,2025-08-08,Returned
5871,1194,Laiba,Electronics,3,744.27,2025-08-01,Cancelled
5872,2019,Noor,Electronics,2,1492.83,2025-01-13,Returned
5873,1048,Zain,Home,10,1922.91,2025-08-28,Pending
5874,2084,Usman,Groceries,7,1700.08,2025-01-21,Cancelled
5875,1267,Sana,Sports,1,1250.52,2025-12-05,Pending
5876,1973,Bilal,Groceries,8,460.12,2026-03-09,Completed
5877,2070,Hina,Clothing,4,445.19,2025-08-02,Completed
5878,1365,Sana,Groceries,10,1334.36,2025-10-21,Pending
5879,1969,Noor,Sports,6,1799.25,2025-12-10,Cancelled
5880,2376,Ayesha,Home,3,1162.68,2026-04-05,Completed
5881,1802,Bilal,Sports,8,374.66,2025-03-18,Completed
5882,1291,Noor,Beauty,9,913.62,2025-09-10,Pending
5883,2795,Usman,Home,3,1673.37,2025-06-19,Cancelled
5884,1057,Maham,Electronics,6,1480.59,2026-03-02,Pending
5885,1528,Usman,Clothing,2,1020.58,2025-05-06,Pending
5886,1769,Maham,Clothing,6,1165.41,2025-08-11,Pending
5887,2358,Hina,Home,5,486.19,2025-01-08,Pending
5888,1286,Hina,Groceries,6,1569.47,2025-05-24,Cancelled
5889,2299,Sara,Electronics,2,984.51,2025-03-17,Returned
5890,1564,Zain,Home,7,1744.7,2025-12-08,Cancelled
5891,2742,Hassan,Groceries,8,168.2,2026-02-12,Pending
5892,2372,Taha,Toys,9,70.02,2025-05-26,Returned
5893,1242,Laiba,Beauty,1,1810.8,2025-03-25,Pending
5894,1303,Taha,Toys,10,612.82,2025-09-23,Completed
5895,2531,Hamza,Electronics,3,375.62,2025-08-08,Returned
5896,1023,Ayesha,Electronics,2,1997.76,2025-09-27,Returned
5897,2010,Fatima,Beauty,6,364.23,2025-02-14,Returned
5898,2865,Ahmed,Home,10,730.97,2025-05-25,Cancelled
5899,1488,Ali,Electronics,7,761.19,2025-12-25,Returned
5900,2685,Iqra,Clothing,3,581.04,2025-04-21,Pending
5901,1546,Hina,Home,5,1561.78,2025-09-30,Completed
5902,2929,Ali,Beauty,5,235.55,2025-11-12,Returned
5903,2139,Maham,Books,4,329.79,2025-11-27,Pending
5904,1634,Fatima,Beauty,2,1819.58,2025-08-09,Cancelled
5905,2875,Kiran,Electronics,4,1707.2,2026-03-06,Cancelled
5906,2920,Sara,Electronics,4,713.55,2025-10-22,Cancelled
5907,1059,Omar,Sports,8,570.19,2025-01-25,Pending
5908,1339,Kiran,Books,1,571.38,2025-07-22,Returned
5909,1728,Hina,Clothing,6,1142.24,2025-10-04,Returned
5910,2727,Danish,Beauty,1,790.34,2026-01-03,Completed
5911,2228,Danish,Toys,9,1967.54,2025-01-14,Cancelled
5912,1348,Hamza,Groceries,5,1448.79,2025-03-09,Cancelled
5913,2938,Usman,Books,3,817.04,2025-02-21,Cancelled
5914,2171,Laiba,Sports,10,1931.37,2025-06-08,Cancelled
5915,2906,Bilal,Sports,2,1418.7,2025-09-01,Pending
5916,2418,Sara,Toys,7,1086.25,2025-10-09,Completed
5917,1167,Kiran,Groceries,9,1487.75,2026-03-13,Completed
5918,1696,Zain,Electronics,1,1750.98,2026-02-10,Cancelled
5919,2797,Laiba,Groceries,9,954.84,2025-08-11,Completed
5920,2666,Maham,Electronics,1,1413.26,2025-10-31,Completed
5921,1660,Zain,Beauty,6,902.84,2025-08-14,Returned
5922,2149,Iqra,Beauty,1,210.92,2026-02-11,Returned
5923,2242,Omar,Clothing,9,697.06,2025-06-09,Completed
5924,1957,Laiba,Clothing,5,1587.41,2025-05-19,Pending
5925,2605,Bilal,Electronics,6,1005.37,2025-03-03,Cancelled
5926,1796,Noor,Sports,8,1932.96,2026-01-05,Pending
5927,1501,Noor,Sports,1,638.06,2025-06-26,Returned
5928,1341,Fatima,Clothing,2,325.73,2025-05-30,Completed
5929,2541,Sara,Books,9,911.27,2026-01-30,Completed
5930,2448,Kiran,Sports,8,1512.72,2025-09-15,Pending
5931,2967,Sana,Electronics,9,1281.68,2025-04-27,Pending
5932,2239,Iqra,Home,7,963.84,2025-02-21,Cancelled
5933,2538,Laiba,Clothing,6,827.81,2025-12-10,Returned
5934,2259,Danish,Groceries,7,76.22,2026-03-04,Pending
5935,2659,Ali,Sports,6,1200.64,2026-03-24,Pending
5936,1639,Hassan,Clothing,8,412.22,2025-01-16,Cancelled
5937,2871,Hina,Electronics,1,904.79,2025-12-06,Returned
5938,1460,Iqra,Electronics,1,965.86,2026-04-03,Returned
5939,1872,Usman,Beauty,2,1000.03,2026-03-30,Cancelled
5940,2937,Sara,Clothing,8,1338.48,2025-12-21,Returned
5941,2437,Kiran,Home,3,1431.84,2025-03-03,Pending
5942,2794,Ali,Beauty,3,1576.14,2025-09-25,Pending
5943,1850,Omar,Electronics,3,683.64,2025-04-21,Returned
5944,1428,Omar,Sports,4,1532.78,2025-03-28,Cancelled
5945,1304,Taha,Toys,8,1385.77,2026-01-03,Completed
5946,2404,Omar,Books,7,1430.79,2026-02-14,Pending
5947,2677,Zain,Toys,1,790.45,2025-02-07,Completed
5948,2399,Ali,Books,1,1549.63,2025-11-29,Pending
5949,2181,Ayesha,Beauty,3,1243.95,2025-12-18,Returned
5950,1528,Hamza,Beauty,6,683.28,2025-03-05,Pending
5951,1194,Taha,Clothing,9,782.06,2025-04-03,Returned
5952,2058,Danish,Toys,6,120.82,2026-02-22,Completed
5953,1971,Sara,Clothing,7,1437.91,2025-08-27,Returned
5954,2360,Iqra,Beauty,2,790.18,2025-11-23,Cancelled
5955,2238,Zain,Books,8,897.8,2025-10-03,Cancelled
5956,1406,Iqra,Books,3,1355.88,2025-06-14,Cancelled
5957,2083,Sara,Beauty,5,1835.15,2026-02-12,Cancelled
5958,2950,Danish,Toys,8,602.01,2025-04-29,Pending
5959,2565,Sara,Clothing,7,883.91,2025-06-19,Completed
5960,1979,Taha,Beauty,2,1144.61,2025-04-03,Pending
5961,1393,Zain,Groceries,10,1216.58,2025-09-12,Completed
5962,1082,Noor,Electronics,1,105.68,2025-03-08,Completed
5963,2254,Iqra,Clothing,10,1293.41,2025-11-12,Returned
5964,2525,Fatima,Toys,8,455.79,2026-03-01,Cancelled
5965,1906,Sara,Beauty,6,1961.89,2025-09-20,Pending
5966,2324,Usman,Electronics,3,1706.67,2025-05-04,Returned
5967,1982,Danish,Toys,10,1923.74,2025-03-20,Cancelled
5968,2600,Taha,Clothing,5,55.44,2025-12-25,Pending
5969,2518,Kiran,Beauty,9,323.17,2025-06-14,Cancelled
5970,1977,Iqra,Groceries,4,1697.51,2025-07-14,Completed
5971,2578,Hamza,Sports,5,1185.94,2026-04-02,Completed
5972,2349,Hassan,Books,1,271.08,2025-04-25,Returned
5973,1177,Kiran,Electronics,3,120.31,2025-07-16,Returned
5974,2437,Zain,Electronics,8,1984.57,2025-08-06,Completed
5975,2289,Hassan,Toys,9,1381.99,2025-11-08,Cancelled
5976,1079,Sara,Clothing,6,1795.34,2025-10-23,Cancelled
5977,2243,Danish,Books,7,313.87,2025-12-11,Returned
5978,1145,Hassan,Beauty,1,492.8,2025-11-01,Completed
5979,1192,Zain,Sports,1,1516.96,2025-09-27,Completed
5980,2719,Sara,Sports,7,1709.13,2025-08-10,Returned
5981,2531,Iqra,Toys,2,232.79,2025-04-01,Returned
5982,1500,Ali,Groceries,4,1635.12,2026-02-05,Cancelled
5983,1493,Kiran,Home,10,1870.83,2025-08-12,Pending
5984,1456,Ali,Groceries,8,1562.39,2025-09-25,Cancelled
5985,1442,Usman,Home,1,1676.87,2026-03-29,Pending
5986,2522,Laiba,Beauty,2,72.79,2026-04-11,Returned
5987,2008,Ali,Beauty,5,492.33,2025-08-09,Completed
5988,2909,Ahmed,Clothing,8,1700.38,2025-11-06,Completed
5989,1696,Fatima,Beauty,2,871.45,2025-01-22,Pending
5990,1948,Sara,Sports,10,112.61,2025-07-07,Returned
5991,1050,Ayesha,Home,8,997.71,2025-12-17,Completed
5992,2212,Maham,Clothing,9,977.1,2025-05-21,Completed
5993,2333,Hina,Toys,6,1050.7,2025-08-29,Returned
5994,2639,Fatima,Books,9,543.84,2025-01-21,Cancelled
5995,2723,Usman,Sports,1,804.04,2025-05-17,Completed
5996,1148,Maham,Toys,9,292.02,2025-02-02,Completed
5997,2210,Taha,Clothing,4,1821.99,2025-05-01,Returned
5998,2067,Hamza,Sports,1,1279.81,2025-11-10,Pending
5999,1573,Maham,Beauty,7,208.93,2025-03-28,Cancelled
6000,1652,Sara,Toys,5,1395.8,2025-09-16,Pending
6001,2110,Laiba,Toys,3,606.36,2025-04-30,Completed
6002,2730,Bilal,Electronics,6,1273.07,2025-03-07,Cancelled
6003,1887,Zain,Books,10,113.82,2025-10-07,Completed
6004,1511,Ali,Sports,4,833.74,2026-01-22,Pending
6005,2046,Sara,Books,1,955.84,2025-03-17,Returned
6006,1399,Maham,Beauty,4,1150.54,2025-06-19,Cancelled
6007,2477,Noor,Electronics,6,1063.29,2025-05-01,Completed
6008,1606,Ayesha,Beauty,10,1538.04,2025-08-13,Completed
6009,2973,Hamza,Electronics,8,1012.82,2025-10-29,Cancelled
6010,1634,Hassan,Sports,3,880.9,2025-07-12,Pending
6011,2041,Taha,Sports,7,1359.04,2025-08-27,Pending
6012,2783,Ahmed,Electronics,1,694.86,2026-01-10,Completed
6013,2899,Hassan,Sports,5,870.65,2026-01-25,Completed
6014,1811,Ayesha,Clothing,4,1902.43,2025-08-19,Cancelled
6015,2150,Ali,Books,8,1220.13,2025-05-20,Cancelled
6016,1468,Zain,Clothing,10,897.09,2025-02-27,Returned
6017,1038,Sana,Books,7,1593.77,2026-04-12,Completed
6018,1399,Omar,Home,10,1790.26,2025-05-09,Cancelled
6019,2178,Omar,Groceries,2,741.97,2025-04-04,Completed
6020,1046,Hina,Books,4,955.46,2025-07-25,Completed
6021,1068,Ali,Beauty,10,1593.98,2025-02-02,Cancelled
6022,1231,Noor,Electronics,10,968.36,2025-01-03,Cancelled
6023,1035,Fatima,Sports,1,1696.6,2026-02-07,Cancelled
6024,1121,Maham,Electronics,3,1748.45,2025-09-29,Returned
6025,2361,Zain,Home,4,1724.44,2025-02-26,Cancelled
6026,1425,Fatima,Electronics,5,933.0,2026-02-10,Completed
6027,2743,Zain,Home,3,621.09,2025-12-29,Completed
6028,1085,Maham,Books,7,491.76,2025-03-10,Completed
6029,2224,Maham,Home,8,219.16,2025-01-02,Cancelled
6030,2355,Ayesha,Groceries,6,315.05,2026-03-23,Cancelled
6031,1639,Omar,Beauty,4,1883.08,2025-07-09,Returned
6032,1377,Hamza,Beauty,1,423.17,2025-07-18,Completed
6033,1634,Usman,Clothing,7,191.04,2025-09-29,Returned
6034,2713,Ali,Sports,9,1632.77,2025-05-16,Returned
6035,2871,Kiran,Groceries,2,397.9,2025-01-23,Cancelled
6036,2743,Iqra,Electronics,10,1183.97,2026-01-12,Pending
6037,2492,Noor,Clothing,10,1198.96,2025-03-26,Completed
6038,2261,Sana,Home,5,1449.19,2025-02-20,Pending
6039,1439,Hamza,Beauty,7,684.71,2025-12-22,Pending
6040,1355,Danish,Sports,6,1113.88,2025-08-08,Returned
6041,2584,Usman,Sports,7,195.44,2025-06-17,Cancelled
6042,1226,Sara,Groceries,5,1360.54,2025-11-09,Pending
6043,1785,Kiran,Groceries,7,1082.64,2026-04-08,Returned
6044,1371,Zain,Clothing,7,1886.33,2025-10-05,Cancelled
6045,2494,Omar,Beauty,7,1750.95,2025-01-09,Pending
6046,1020,Noor,Sports,9,1332.95,2025-02-26,Cancelled
6047,2039,Usman,Books,9,1578.19,2025-06-12,Pending
6048,2328,Usman,Books,10,1514.45,2026-04-19,Returned
6049,1605,Omar,Books,7,69.66,2025-10-10,Pending
6050,2848,Ahmed,Electronics,5,1803.21,2025-11-19,Pending
6051,1250,Iqra,Groceries,6,1427.24,2025-09-22,Cancelled
6052,2927,Danish,Sports,1,1206.09,2025-11-24,Cancelled
6053,1228,Kiran,Books,8,468.75,2025-07-06,Returned
6054,1397,Omar,Groceries,6,679.06,2025-02-12,Completed
6055,1518,Laiba,Groceries,7,903.88,2025-06-17,Completed
6056,2470,Omar,Electronics,9,434.4,2025-08-12,Completed
6057,2851,Iqra,Home,7,1196.43,2025-05-09,Returned
6058,2042,Hassan,Books,1,98.13,2025-10-03,Pending
6059,1825,Kiran,Electronics,9,1527.4,2025-06-01,Pending
6060,2588,Sana,Beauty,5,1669.53,2026-01-15,Returned
6061,1055,Danish,Beauty,3,851.13,2025-10-23,Returned
6062,1695,Noor,Electronics,10,998.13,2026-01-18,Pending
6063,2820,Taha,Groceries,4,1629.84,2025-05-10,Completed
6064,2456,Sana,Groceries,2,615.28,2025-04-04,Completed
6065,2944,Zain,Toys,6,85.71,2026-03-23,Returned
6066,1229,Sara,Sports,9,971.57,2025-10-28,Cancelled
6067,2964,Kiran,Home,4,1857.28,2026-02-09,Completed
6068,1444,Usman,Electronics,1,1992.72,2025-10-10,Cancelled
6069,1116,Sara,Groceries,7,548.45,2025-11-21,Completed
6070,1767,Ayesha,Books,5,1948.3,2025-10-01,Returned
6071,2951,Hamza,Groceries,4,1128.85,2026-01-23,Pending
6072,1486,Hina,Groceries,1,1701.97,2025-02-17,Pending
6073,1871,Iqra,Clothing,5,71.75,2025-05-21,Pending
6074,2692,Omar,Electronics,6,72.69,2025-08-02,Returned
6075,1025,Hassan,Groceries,9,394.53,2025-10-15,Returned
6076,1584,Omar,Beauty,2,704.9,2026-01-10,Returned
6077,2420,Ayesha,Clothing,3,542.75,2025-01-20,Cancelled
6078,2033,Sara,Sports,6,243.75,2025-11-01,Returned
6079,2617,Sara,Beauty,5,802.95,2025-11-03,Completed
6080,2158,Danish,Electronics,9,1009.49,2025-10-20,Returned
6081,2666,Ahmed,Clothing,2,1618.89,2025-02-08,Completed
6082,2483,Ali,Toys,7,629.24,2025-12-25,Pending
6083,2659,Usman,Toys,5,789.52,2025-11-15,Cancelled
6084,1913,Iqra,Clothing,2,1995.99,2025-06-07,Completed
6085,2485,Kiran,Toys,8,1498.36,2025-07-21,Returned
6086,2401,Laiba,Toys,2,1817.92,2025-05-24,Cancelled
6087,2300,Maham,Electronics,4,1377.97,2026-04-18,Completed
6088,2879,Sana,Electronics,1,695.96,2025-02-08,Completed
6089,2298,Laiba,Clothing,7,1884.09,2025-01-04,Cancelled
6090,2585,Omar,Groceries,3,1112.12,2026-02-07,Pending
6091,1857,Taha,Toys,2,1445.41,2025-03-16,Returned
6092,1870,Ayesha,Beauty,6,572.6,2025-09-27,Completed
6093,2895,Noor,Books,8,1658.84,2025-12-07,Cancelled
6094,1860,Kiran,Home,1,607.57,2025-01-26,Pending
6095,1453,Iqra,Beauty,8,1862.8,2025-05-18,Pending
6096,1351,Ali,Toys,1,1449.18,2025-10-23,Completed
6097,2689,Omar,Toys,4,1553.58,2025-11-01,Pending
6098,2022,Bilal,Beauty,10,1174.3,2025-12-14,Pending
6099,2257,Hassan,Books,8,650.53,2025-04-04,Cancelled
6100,1512,Bilal,Beauty,5,1171.69,2026-01-27,Cancelled
6101,2688,Kiran,Toys,2,274.42,2025-12-18,Pending
6102,2859,Omar,Home,9,1747.99,2025-02-25,Cancelled
6103,2048,Hina,Electronics,10,1213.58,2025-06-22,Pending
6104,1158,Zain,Electronics,9,433.36,2025-05-25,Pending
6105,1693,Maham,Sports,2,71.11,2025-07-21,Cancelled
6106,2382,Taha,Electronics,3,1477.42,2026-02-12,Returned
6107,2352,Ahmed,Beauty,7,343.94,2025-02-16,Completed
6108,1096,Zain,Electronics,1,1822.48,2025-11-01,Cancelled
6109,2635,Sara,Sports,4,1138.11,2025-12-01,Pending
6110,1463,Sara,Groceries,2,1615.37,2026-04-17,Cancelled
6111,2734,Laiba,Sports,1,1048.24,2026-02-24,Cancelled
6112,2708,Danish,Clothing,2,695.89,2025-12-09,Cancelled
6113,2356,Hamza,Home,9,953.75,2026-03-06,Returned
6114,2929,Iqra,Books,10,1961.77,2026-04-15,Returned
6115,1473,Bilal,Electronics,6,208.53,2025-08-18,Pending
6116,2107,Ahmed,Groceries,3,259.2,2025-04-08,Returned
6117,1305,Omar,Electronics,2,203.18,2026-01-20,Completed
6118,1805,Hina,Clothing,2,1083.78,2025-10-05,Cancelled
6119,2440,Ahmed,Groceries,8,482.81,2026-01-22,Returned
6120,2328,Ahmed,Electronics,4,1479.64,2025-04-18,Pending
6121,1591,Ayesha,Sports,8,1020.63,2025-08-01,Completed
6122,1437,Sana,Beauty,8,478.4,2025-11-24,Completed
6123,1571,Danish,Books,2,669.52,2025-03-03,Returned
6124,2733,Sara,Toys,10,609.5,2025-07-05,Returned
6125,1562,Ali,Sports,4,659.73,2025-12-07,Completed
6126,1798,Taha,Sports,9,1520.18,2026-01-13,Completed
6127,2671,Laiba,Toys,8,1224.53,2025-03-31,Pending
6128,2824,Hassan,Clothing,10,685.76,2025-11-03,Cancelled
6129,1547,Laiba,Clothing,2,1044.04,2025-01-08,Completed
6130,2112,Laiba,Sports,1,1015.2,2025-02-06,Cancelled
6131,2867,Sara,Home,5,113.46,2025-06-04,Pending
6132,1975,Zain,Electronics,8,1565.13,2025-05-21,Pending
6133,1919,Bilal,Clothing,1,1913.52,2025-01-27,Pending
6134,1745,Fatima,Books,5,215.69,2025-12-01,Completed
6135,2338,Ayesha,Toys,9,1959.87,2025-10-12,Pending
6136,1610,Ali,Home,4,1463.65,2025-07-05,Pending
6137,1094,Sana,Groceries,5,1596.25,2026-01-07,Cancelled
6138,1912,Ahmed,Home,9,1992.44,2025-08-01,Cancelled
6139,2005,Ayesha,Beauty,3,1193.62,2026-02-25,Returned
6140,1954,Sana,Beauty,8,207.12,2025-03-14,Returned
6141,2231,Ahmed,Beauty,6,1667.15,2025-04-22,Pending
6142,2149,Omar,Sports,6,250.19,2025-12-18,Pending
6143,2043,Sara,Books,3,1566.07,2025-07-06,Completed
6144,1866,Ayesha,Toys,2,866.55,2025-04-10,Completed
6145,1642,Maham,Electronics,8,543.94,2026-02-02,Cancelled
6146,2143,Omar,Clothing,5,1876.91,2025-12-11,Pending
6147,2979,Ali,Books,9,1639.14,2025-12-02,Cancelled
6148,1972,Hamza,Electronics,1,804.14,2025-09-15,Returned
6149,2378,Hassan,Toys,4,1174.59,2025-10-01,Returned
6150,1256,Kiran,Toys,4,524.76,2025-05-21,Pending
6151,1989,Zain,Groceries,6,423.83,2025-11-14,Completed
6152,2528,Hina,Clothing,2,447.23,2025-06-24,Pending
6153,2986,Bilal,Home,10,1326.84,2025-07-23,Returned
6154,2321,Sara,Clothing,7,1346.88,2025-07-07,Cancelled
6155,1573,Noor,Sports,10,757.97,2026-04-03,Returned
6156,2264,Danish,Beauty,6,1021.92,2026-03-18,Completed
6157,1898,Hamza,Electronics,5,511.63,2025-09-01,Pending
6158,2110,Ayesha,Groceries,4,707.35,2025-06-24,Completed
6159,2973,Fatima,Groceries,1,1847.34,2026-01-02,Completed
6160,1505,Hamza,Toys,7,836.38,2025-11-08,Completed
6161,1716,Zain,Groceries,2,1499.36,2025-07-05,Returned
6162,2448,Hassan,Home,7,698.34,2025-01-22,Returned
6163,1172,Danish,Home,1,843.73,2026-03-07,Returned
6164,1610,Noor,Groceries,4,1783.26,2025-07-03,Returned
6165,1677,Hina,Clothing,1,1465.12,2025-09-14,Pending
6166,1901,Bilal,Electronics,3,125.8,2025-12-19,Pending
6167,1423,Bilal,Home,2,90.8,2026-03-09,Returned
6168,1512,Laiba,Toys,1,1694.6,2025-06-20,Returned
6169,1897,Ayesha,Toys,10,1376.74,2025-06-26,Completed
6170,1689,Usman,Groceries,8,1093.89,2025-09-08,Cancelled
6171,1737,Laiba,Books,8,413.75,2025-03-28,Returned
6172,2939,Omar,Toys,2,1378.72,2025-06-04,Returned
6173,2135,Fatima,Sports,8,1426.09,2025-06-21,Pending
6174,2712,Fatima,Electronics,5,1924.02,2025-01-08,Returned
6175,2640,Danish,Sports,3,889.62,2025-02-07,Completed
6176,2750,Danish,Books,5,1767.16,2025-11-08,Completed
6177,1643,Usman,Home,2,859.04,2025-07-08,Completed
6178,1355,Kiran,Sports,2,1166.95,2025-07-13,Pending
6179,1879,Omar,Sports,6,966.58,2025-04-07,Pending
6180,2709,Noor,Clothing,9,1660.48,2025-08-18,Cancelled
6181,1196,Omar,Home,6,1020.01,2025-09-13,Cancelled
6182,1168,Ayesha,Electronics,3,267.52,2025-12-27,Returned
6183,2485,Hassan,Sports,1,199.42,2025-01-23,Pending
6184,1952,Kiran,Beauty,2,1346.24,2025-02-16,Returned
6185,1406,Sara,Beauty,10,657.12,2025-11-23,Completed
6186,2603,Danish,Electronics,5,1613.59,2026-02-07,Completed
6187,1889,Hamza,Home,8,818.11,2025-03-11,Pending
6188,1210,Sana,Toys,10,1964.92,2025-10-11,Returned
6189,2278,Fatima,Toys,1,1335.74,2026-02-18,Completed
6190,2348,Usman,Beauty,3,920.95,2025-05-20,Completed
6191,1696,Hamza,Toys,2,1629.78,2025-03-30,Returned
6192,1046,Hina,Beauty,9,1915.5,2025-06-27,Pending
6193,2068,Maham,Clothing,4,1760.71,2025-05-05,Completed
6194,1853,Noor,Electronics,10,1641.63,2025-06-09,Returned
6195,1847,Ayesha,Home,4,932.68,2025-10-02,Cancelled
6196,1006,Fatima,Sports,6,1279.88,2025-01-15,Pending
6197,1780,Omar,Sports,5,876.04,2025-11-17,Pending
6198,2395,Danish,Beauty,10,300.09,2025-06-07,Pending
6199,2773,Danish,Beauty,6,1546.54,2025-01-21,Returned
6200,1738,Hassan,Clothing,5,1722.31,2025-10-17,Completed
6201,1388,Sara,Sports,4,1136.85,2026-01-02,Returned
6202,2082,Kiran,Clothing,10,702.07,2025-09-05,Returned
6203,2184,Omar,Toys,10,457.83,2025-03-23,Pending
6204,1821,Hassan,Clothing,1,1408.84,2025-09-03,Cancelled
6205,1949,Taha,Toys,3,1599.21,2025-12-30,Cancelled
6206,1168,Bilal,Sports,8,1773.59,2025-09-14,Pending
6207,2979,Usman,Beauty,6,135.1,2025-02-26,Pending
6208,1165,Taha,Groceries,10,1891.66,2026-03-02,Pending
6209,2255,Iqra,Groceries,4,1351.4,2025-10-04,Pending
6210,2779,Usman,Home,10,338.09,2025-02-02,Cancelled
6211,1090,Sana,Clothing,7,1972.1,2025-08-10,Returned
6212,2179,Ahmed,Electronics,4,79.61,2026-02-10,Cancelled
6213,2292,Omar,Sports,1,715.84,2025-09-16,Pending
6214,1884,Taha,Home,9,139.08,2025-04-06,Returned
6215,1787,Noor,Books,9,1448.89,2025-03-07,Completed
6216,2907,Fatima,Clothing,2,347.4,2025-02-14,Cancelled
6217,1932,Iqra,Clothing,6,935.47,2025-10-04,Returned
6218,2397,Kiran,Electronics,1,1757.24,2025-07-25,Pending
6219,2993,Taha,Sports,10,1387.5,2025-02-27,Pending
6220,2330,Hassan,Sports,1,1818.54,2025-01-10,Cancelled
6221,2807,Sara,Home,2,1673.04,2025-03-18,Returned
6222,1436,Iqra,Groceries,8,661.48,2025-08-14,Completed
6223,1522,Danish,Books,9,1324.24,2025-02-02,Pending
6224,2602,Sara,Books,4,1633.79,2026-01-15,Cancelled
6225,2266,Ahmed,Beauty,3,514.71,2025-12-18,Completed
6226,2822,Laiba,Toys,1,434.89,2025-12-10,Pending
6227,1089,Laiba,Sports,1,126.56,2026-04-04,Cancelled
6228,2383,Laiba,Books,9,1225.81,2025-11-04,Pending
6229,2603,Bilal,Sports,10,1431.85,2026-01-12,Pending
6230,2516,Maham,Books,4,1081.0,2025-06-02,Cancelled
6231,2651,Hamza,Home,7,533.79,2025-05-28,Returned
6232,1916,Taha,Toys,10,891.59,2026-01-27,Pending
6233,2852,Laiba,Electronics,4,879.37,2025-04-14,Cancelled
6234,1723,Bilal,Beauty,10,1842.17,2025-12-29,Returned
6235,1828,Iqra,Toys,3,588.36,2025-12-09,Returned
6236,2992,Hassan,Electronics,9,788.36,2025-05-21,Completed
6237,2536,Bilal,Groceries,10,1010.06,2025-09-25,Pending
6238,1725,Ahmed,Electronics,9,1140.16,2025-09-21,Returned
6239,2107,Usman,Electronics,2,1566.51,2025-05-14,Completed
6240,1635,Iqra,Electronics,3,560.22,2025-03-13,Completed
6241,1021,Fatima,Toys,2,1868.52,2025-12-30,Completed
6242,1095,Ali,Groceries,10,1759.57,2025-05-19,Cancelled
6243,2893,Hina,Toys,3,62.36,2025-07-21,Cancelled
6244,1004,Hamza,Books,10,923.06,2025-06-20,Returned
6245,2812,Maham,Home,9,909.95,2025-07-25,Cancelled
6246,1892,Fatima,Groceries,5,1313.23,2025-10-19,Returned
6247,2558,Taha,Groceries,4,1785.84,2025-08-27,Cancelled
6248,1379,Noor,Home,3,906.36,2025-08-25,Completed
6249,2836,Sara,Home,1,1785.94,2025-05-11,Returned
6250,2437,Bilal,Toys,8,1847.98,2026-04-13,Pending
6251,1472,Ayesha,Books,6,1330.92,2025-06-19,Pending
6252,1482,Kiran,Groceries,3,407.8,2025-03-19,Returned
6253,1347,Taha,Sports,8,1572.41,2025-04-10,Pending
6254,2932,Taha,Electronics,8,994.13,2026-04-29,Completed
6255,1763,Taha,Groceries,8,1110.19,2026-01-29,Cancelled
6256,1187,Hamza,Groceries,10,681.36,2025-08-11,Pending
6257,1835,Hamza,Home,3,1439.67,2025-05-14,Pending
6258,2356,Hamza,Toys,8,874.64,2025-12-12,Returned
6259,1483,Zain,Sports,3,740.78,2025-07-16,Cancelled
6260,1231,Omar,Clothing,5,771.13,2025-05-08,Pending
6261,1088,Iqra,Groceries,2,1348.28,2025-08-28,Pending
6262,1510,Fatima,Beauty,3,616.87,2025-05-02,Cancelled
6263,1411,Maham,Beauty,5,1939.97,2026-04-03,Completed
6264,2552,Iqra,Toys,7,894.91,2025-04-09,Completed
6265,1603,Ali,Books,3,263.54,2025-03-18,Completed
6266,1029,Laiba,Electronics,2,90.31,2025-02-20,Returned
6267,1195,Hassan,Books,6,1196.32,2025-12-27,Completed
6268,1854,Maham,Sports,9,1452.37,2025-10-21,Completed
6269,1554,Sana,Beauty,1,1161.26,2025-09-21,Completed
6270,2589,Taha,Home,3,1676.27,2025-07-01,Completed
6271,2848,Ayesha,Clothing,7,1320.16,2025-04-20,Completed
6272,1589,Bilal,Beauty,10,1933.76,2025-06-10,Completed
6273,1941,Omar,Books,6,1540.66,2025-12-29,Returned
6274,1549,Hina,Toys,1,712.11,2026-04-13,Cancelled
6275,2505,Hassan,Sports,8,852.33,2026-03-05,Returned
6276,2856,Usman,Beauty,9,1147.37,2025-06-17,Cancelled
6277,2311,Danish,Groceries,6,1308.21,2025-03-29,Pending
6278,2916,Zain,Books,3,225.85,2025-08-21,Pending
6279,2439,Hina,Books,10,1197.82,2025-04-29,Completed
6280,2165,Hassan,Electronics,7,1478.45,2025-04-03,Returned
6281,1956,Fatima,Electronics,3,915.38,2025-03-26,Completed
6282,2797,Omar,Groceries,2,1330.92,2026-04-27,Cancelled
6283,1335,Noor,Beauty,5,1392.22,2025-01-07,Completed
6284,1347,Ayesha,Toys,7,1005.28,2025-01-15,Returned
6285,1063,Fatima,Sports,2,1668.64,2026-01-09,Returned
6286,1095,Hina,Home,1,380.71,2025-06-21,Returned
6287,1179,Laiba,Home,1,800.75,2025-10-30,Pending
6288,2678,Maham,Toys,8,81.9,2026-03-01,Returned
6289,1440,Hamza,Sports,7,105.08,2026-02-24,Pending
6290,2698,Hamza,Clothing,5,497.72,2026-01-02,Completed
6291,1961,Omar,Groceries,6,1724.95,2025-05-02,Pending
6292,1864,Omar,Clothing,6,323.47,2026-02-11,Returned
6293,1921,Ahmed,Clothing,5,767.54,2025-01-05,Cancelled
6294,2840,Hina,Electronics,9,1938.66,2025-02-23,Returned
6295,2068,Bilal,Groceries,1,403.03,2026-03-06,Pending
6296,1117,Maham,Beauty,5,1452.62,2025-05-17,Cancelled
6297,1382,Iqra,Beauty,5,316.01,2025-07-16,Pending
6298,1134,Sana,Home,6,1673.23,2026-04-01,Cancelled
6299,2654,Hassan,Electronics,10,212.31,2025-07-18,Pending
6300,2699,Omar,Home,2,578.11,2025-03-23,Completed
6301,1448,Sara,Books,1,457.76,2025-12-30,Cancelled
6302,1413,Sara,Sports,6,470.83,2025-02-19,Pending
6303,2388,Laiba,Sports,10,389.4,2025-04-21,Pending
6304,1666,Laiba,Clothing,10,717.52,2025-06-03,Cancelled
6305,2031,Ali,Books,9,397.59,2025-02-22,Returned
6306,1373,Fatima,Home,5,763.24,2025-03-25,Completed
6307,1927,Hina,Electronics,3,351.8,2025-05-28,Cancelled
6308,1581,Usman,Books,5,1212.86,2025-09-03,Pending
6309,1868,Taha,Clothing,6,816.7,2025-04-10,Completed
6310,2371,Usman,Electronics,2,1186.93,2026-02-17,Cancelled
6311,2827,Iqra,Clothing,2,1082.3,2025-01-13,Completed
6312,1172,Bilal,Sports,10,1961.48,2025-01-03,Pending
6313,2938,Noor,Sports,3,94.03,2025-04-17,Pending
6314,1431,Laiba,Beauty,7,490.17,2025-09-17,Pending
6315,2617,Taha,Sports,10,1669.94,2025-07-29,Returned
6316,2253,Kiran,Sports,4,1775.33,2025-09-18,Cancelled
6317,2322,Ahmed,Beauty,5,635.25,2026-04-18,Pending
6318,1254,Maham,Home,4,1108.22,2025-11-08,Pending
6319,2198,Ayesha,Clothing,9,670.24,2025-05-07,Cancelled
6320,1123,Zain,Home,10,1539.4,2026-03-21,Pending
6321,1189,Noor,Books,8,889.21,2025-02-25,Returned
6322,1944,Kiran,Toys,8,1469.69,2025-02-27,Completed
6323,1109,Maham,Beauty,3,1576.44,2025-05-24,Cancelled
6324,2358,Ahmed,Books,1,1411.13,2025-07-16,Cancelled
6325,1510,Sara,Clothing,7,419.11,2025-02-11,Returned
6326,1154,Iqra,Home,10,205.04,2025-04-09,Returned
6327,1818,Iqra,Sports,10,146.98,2025-12-16,Completed
6328,1761,Hamza,Books,1,1560.37,2026-04-21,Pending
6329,1992,Danish,Books,10,1224.73,2025-02-04,Returned
6330,2854,Usman,Beauty,10,1244.18,2025-01-12,Cancelled
6331,1256,Hamza,Electronics,10,1829.99,2025-12-05,Cancelled
6332,2807,Iqra,Groceries,10,749.53,2026-01-25,Cancelled
6333,1018,Kiran,Home,9,1657.84,2025-09-09,Completed
6334,2565,Hassan,Sports,1,1532.37,2025-08-06,Returned
6335,1283,Hassan,Clothing,2,1601.21,2026-03-14,Completed
6336,2001,Hassan,Electronics,5,1220.37,2025-07-05,Returned
6337,2440,Hamza,Toys,8,741.98,2025-05-23,Returned
6338,1612,Hamza,Beauty,4,1409.46,2025-08-25,Pending
6339,2884,Iqra,Groceries,1,1894.22,2026-02-23,Completed
6340,1916,Sana,Groceries,3,1984.63,2026-03-30,Completed
6341,1399,Laiba,Groceries,9,496.47,2025-11-16,Completed
6342,1194,Zain,Books,4,237.66,2026-02-07,Returned
6343,2099,Hamza,Beauty,6,670.11,2025-10-11,Completed
6344,1114,Noor,Beauty,8,1686.3,2026-03-19,Cancelled
6345,1135,Ahmed,Home,7,1565.52,2025-10-14,Returned
6346,1357,Sana,Toys,9,1274.99,2025-03-01,Returned
6347,2854,Taha,Home,5,359.9,2025-05-15,Cancelled
6348,1838,Maham,Home,1,1942.82,2025-02-22,Pending
6349,1497,Taha,Clothing,3,400.38,2026-02-01,Completed
6350,1518,Zain,Sports,9,1347.17,2026-01-10,Cancelled
6351,1695,Laiba,Toys,2,1071.5,2025-03-15,Returned
6352,2342,Maham,Groceries,5,1901.13,2025-06-02,Completed
6353,1091,Zain,Groceries,5,1824.7,2026-03-22,Returned
6354,1416,Noor,Clothing,2,1605.93,2025-09-22,Completed
6355,1014,Zain,Books,1,1287.62,2025-07-15,Pending
6356,1014,Ahmed,Home,8,1179.57,2025-10-14,Cancelled
6357,1090,Kiran,Books,8,995.47,2025-02-20,Pending
6358,1352,Hassan,Books,2,991.73,2025-05-25,Pending
6359,2738,Iqra,Groceries,2,1801.61,2026-04-07,Cancelled
6360,2734,Hamza,Sports,5,1706.52,2025-11-29,Cancelled
6361,1481,Maham,Sports,4,1380.21,2026-01-09,Cancelled
6362,1155,Ayesha,Clothing,7,347.35,2025-07-20,Returned
6363,1170,Hina,Electronics,8,1318.04,2025-10-05,Returned
6364,1970,Ahmed,Toys,8,1331.13,2025-06-02,Completed
6365,1099,Fatima,Home,1,407.81,2025-07-05,Cancelled
6366,1109,Omar,Electronics,8,1117.58,2025-01-06,Pending
6367,2310,Taha,Toys,6,857.04,2025-05-03,Completed
6368,1726,Danish,Sports,8,1456.8,2025-08-23,Cancelled
6369,1625,Sara,Sports,9,1484.41,2025-11-16,Completed
6370,1920,Laiba,Electronics,9,766.05,2025-09-23,Completed
6371,1448,Fatima,Beauty,1,732.6,2025-09-20,Pending
6372,2606,Hamza,Electronics,7,1104.91,2026-03-12,Cancelled
6373,2427,Ayesha,Groceries,1,1182.56,2025-02-22,Completed
6374,1553,Maham,Toys,6,1759.19,2025-04-11,Returned
6375,2230,Ali,Clothing,10,1723.6,2025-10-10,Pending
6376,2833,Usman,Beauty,10,696.49,2025-02-12,Returned
6377,2983,Hassan,Groceries,1,1919.07,2025-04-08,Returned
6378,1719,Maham,Beauty,7,576.56,2025-11-17,Completed
6379,1403,Kiran,Sports,4,1661.63,2026-04-03,Cancelled
6380,2986,Omar,Groceries,6,1215.46,2025-08-19,Completed
6381,1001,Ayesha,Groceries,10,426.85,2025-07-31,Completed
6382,2603,Iqra,Groceries,4,1903.71,2026-01-25,Completed
6383,2784,Fatima,Groceries,4,929.74,2026-03-24,Returned
6384,2244,Kiran,Clothing,3,1592.87,2025-08-23,Returned
6385,2644,Sana,Toys,4,293.26,2025-11-12,Cancelled
6386,1631,Ayesha,Electronics,1,863.16,2025-12-10,Returned
6387,1601,Sara,Home,1,685.47,2025-08-29,Cancelled
6388,2126,Zain,Books,5,395.89,2025-10-08,Cancelled
6389,1824,Laiba,Books,9,401.97,2026-02-25,Returned
6390,1172,Sara,Sports,9,333.17,2025-04-21,Returned
6391,1889,Danish,Books,2,1915.94,2025-08-20,Pending
6392,1849,Omar,Sports,9,1555.65,2025-06-09,Returned
6393,2998,Hassan,Groceries,4,1932.18,2026-03-19,Cancelled
6394,1092,Ahmed,Groceries,10,401.61,2025-10-02,Cancelled
6395,1068,Iqra,Toys,7,180.21,2025-04-01,Completed
6396,2365,Ayesha,Groceries,5,1810.63,2025-01-17,Cancelled
6397,2361,Omar,Books,10,1653.88,2025-12-18,Returned
6398,2858,Laiba,Clothing,9,1433.85,2025-06-14,Pending
6399,2935,Ayesha,Home,5,847.13,2026-01-12,Cancelled
6400,2523,Taha,Groceries,8,1859.95,2025-05-05,Cancelled
6401,2412,Fatima,Sports,9,1811.5,2025-04-02,Cancelled
6402,2699,Ahmed,Books,10,1713.77,2025-08-31,Pending
6403,2689,Hina,Books,5,835.37,2025-02-01,Cancelled
6404,1341,Hamza,Electronics,2,1811.16,2025-07-09,Completed
6405,2196,Sana,Home,7,1105.96,2025-12-13,Completed
6406,2936,Iqra,Sports,6,474.17,2025-08-04,Returned
6407,2431,Danish,Electronics,1,812.43,2025-09-27,Cancelled
6408,2759,Iqra,Beauty,4,930.0,2026-03-03,Returned
6409,2326,Hassan,Sports,9,284.86,2026-03-11,Pending
6410,1645,Danish,Sports,3,1909.69,2026-01-25,Completed
6411,1133,Ali,Electronics,6,1132.09,2025-07-01,Completed
6412,2680,Sara,Books,10,185.17,2026-02-24,Returned
6413,2187,Sana,Groceries,2,1372.75,2026-02-26,Returned
6414,2945,Ahmed,Toys,9,679.3,2025-03-06,Pending
6415,2471,Fatima,Home,7,626.46,2025-06-02,Pending
6416,2318,Bilal,Home,6,375.12,2025-03-14,Pending
6417,2690,Ali,Toys,3,1878.34,2025-08-15,Completed
6418,1579,Ahmed,Clothing,6,1428.88,2025-08-02,Cancelled
6419,1808,Taha,Books,3,263.1,2025-04-07,Returned
6420,1732,Maham,Electronics,4,785.0,2025-03-06,Returned
6421,1900,Fatima,Books,8,300.0,2025-08-10,Cancelled
6422,1242,Bilal,Home,1,316.23,2025-07-06,Returned
6423,1761,Maham,Home,4,1398.8,2025-12-14,Pending
6424,2480,Omar,Toys,5,1321.44,2026-01-01,Pending
6425,1304,Iqra,Sports,9,659.87,2025-04-08,Cancelled
6426,2278,Sana,Clothing,3,1577.44,2025-04-22,Cancelled
6427,2296,Ali,Sports,2,1596.19,2025-06-11,Returned
6428,1015,Laiba,Clothing,2,1444.8,2026-02-08,Completed
6429,1882,Fatima,Sports,10,674.22,2025-06-19,Cancelled
6430,1584,Iqra,Clothing,1,515.2,2026-01-10,Completed
6431,2383,Hina,Beauty,4,134.25,2026-01-31,Cancelled
6432,2828,Ayesha,Toys,5,399.93,2025-09-13,Cancelled
6433,2901,Kiran,Books,8,1135.65,2025-01-12,Pending
6434,2836,Danish,Electronics,3,114.56,2025-10-09,Returned
6435,1571,Zain,Home,3,945.29,2025-06-26,Pending
6436,2770,Maham,Clothing,8,902.83,2025-07-24,Returned
6437,2708,Ahmed,Home,3,1260.57,2025-03-20,Cancelled
6438,2919,Taha,Home,9,1288.21,2026-03-19,Cancelled
6439,1649,Iqra,Beauty,7,1273.63,2026-04-21,Pending
6440,1453,Usman,Groceries,7,1491.08,2025-02-21,Pending
6441,2944,Hamza,Beauty,5,896.03,2025-07-24,Pending
6442,1784,Noor,Beauty,10,980.48,2026-03-26,Pending
6443,2274,Noor,Home,1,92.56,2026-04-11,Returned
6444,2812,Bilal,Electronics,1,700.09,2025-10-23,Pending
6445,1859,Laiba,Home,2,1967.76,2026-04-10,Cancelled
6446,1657,Omar,Groceries,9,1282.52,2026-04-16,Returned
6447,1123,Noor,Sports,2,1684.07,2025-07-10,Pending
6448,2772,Hamza,Books,4,1250.49,2025-07-01,Completed
6449,1837,Danish,Toys,5,650.79,2025-08-12,Pending
6450,2301,Kiran,Home,4,276.48,2025-01-12,Completed
6451,2198,Ali,Groceries,1,619.64,2025-04-21,Cancelled
6452,1147,Danish,Electronics,10,307.89,2026-04-03,Returned
6453,2316,Hassan,Clothing,6,1643.38,2026-03-11,Pending
6454,1658,Danish,Home,4,1851.11,2026-04-18,Returned
6455,1106,Danish,Home,10,1502.43,2025-07-19,Cancelled
6456,1170,Noor,Clothing,9,420.51,2025-06-29,Returned
6457,2649,Ali,Books,7,500.98,2025-01-06,Pending
6458,1378,Iqra,Toys,8,1010.34,2026-03-02,Pending
6459,1237,Laiba,Home,8,1002.39,2026-02-11,Cancelled
6460,2370,Kiran,Home,9,163.54,2025-09-27,Cancelled
6461,1718,Fatima,Home,1,737.08,2025-07-14,Cancelled
6462,1674,Danish,Electronics,1,891.89,2025-10-15,Pending
6463,1828,Iqra,Toys,1,1188.81,2025-05-26,Returned
6464,2814,Hamza,Clothing,9,1789.5,2025-12-10,Cancelled
6465,2568,Hamza,Home,3,1382.76,2025-01-24,Returned
6466,1655,Danish,Clothing,1,70.5,2025-05-04,Pending
6467,2915,Omar,Groceries,10,741.42,2025-10-04,Completed
6468,2088,Laiba,Home,10,321.92,2025-07-22,Cancelled
6469,1526,Hamza,Beauty,3,885.68,2026-01-03,Pending
6470,2114,Hina,Clothing,3,471.27,2025-05-03,Returned
6471,1443,Fatima,Electronics,7,1638.47,2025-11-14,Pending
6472,2748,Kiran,Beauty,1,1219.89,2026-02-19,Completed
6473,1412,Sana,Toys,5,451.11,2025-09-08,Returned
6474,2418,Taha,Groceries,2,1384.48,2025-12-14,Pending
6475,2313,Sara,Books,1,1938.66,2025-06-24,Cancelled
6476,2496,Iqra,Sports,1,474.3,2026-03-01,Pending
6477,2189,Sana,Clothing,8,134.99,2025-11-20,Completed
6478,2046,Ali,Home,2,107.89,2025-01-13,Returned
6479,2947,Maham,Home,4,1552.83,2026-02-08,Pending
6480,1683,Ayesha,Beauty,9,785.91,2026-01-31,Completed
6481,2982,Noor,Beauty,3,452.09,2025-06-23,Cancelled
6482,2060,Hassan,Groceries,5,1727.69,2025-01-16,Completed
6483,2898,Zain,Home,7,269.89,2025-07-02,Completed
6484,2036,Zain,Clothing,5,1069.96,2025-08-28,Cancelled
6485,1701,Maham,Books,10,557.88,2025-12-21,Cancelled
6486,2195,Omar,Home,10,225.17,2025-07-23,Pending
6487,2474,Fatima,Groceries,9,1397.62,2025-11-10,Pending
6488,2351,Usman,Home,9,716.08,2025-05-22,Cancelled
6489,2180,Laiba,Toys,10,258.71,2025-09-21,Returned
6490,1913,Ayesha,Beauty,9,439.53,2025-02-04,Pending
6491,1931,Omar,Toys,5,286.34,2025-03-10,Pending
6492,1462,Omar,Clothing,4,706.73,2025-08-11,Cancelled
6493,1051,Zain,Beauty,1,997.27,2025-11-01,Completed
6494,2920,Maham,Electronics,7,1581.18,2026-04-22,Completed
6495,2855,Hassan,Clothing,1,526.1,2025-11-09,Pending
6496,1618,Iqra,Beauty,7,1643.21,2025-04-26,Pending
6497,1267,Sana,Home,5,1766.51,2025-07-03,Completed
6498,1013,Omar,Books,3,1057.55,2025-01-12,Pending
6499,1929,Sara,Toys,6,169.12,2025-08-19,Completed
6500,2413,Fatima,Electronics,3,1472.26,2025-03-29,Pending
6501,1010,Hina,Electronics,4,1478.15,2025-01-23,Cancelled
6502,1008,Sana,Groceries,10,663.08,2025-02-14,Cancelled
6503,2856,Sara,Home,10,1952.38,2025-04-12,Returned
6504,2984,Iqra,Clothing,6,251.78,2025-05-28,Returned
6505,2212,Laiba,Clothing,7,1631.53,2026-03-06,Returned
6506,1177,Taha,Books,8,163.46,2026-03-05,Pending
6507,1558,Sara,Books,9,1338.96,2025-03-05,Returned
6508,1703,Taha,Books,9,510.77,2026-01-27,Cancelled
6509,2822,Kiran,Clothing,1,116.55,2025-02-18,Cancelled
6510,1091,Bilal,Groceries,10,604.48,2025-01-28,Completed
6511,2700,Fatima,Groceries,4,1607.71,2025-02-07,Cancelled
6512,2528,Ahmed,Toys,8,1555.26,2026-01-09,Cancelled
6513,2469,Noor,Clothing,6,490.01,2025-06-01,Pending
6514,2412,Ali,Groceries,2,1281.92,2025-07-24,Cancelled
6515,2639,Sana,Electronics,8,1757.83,2025-02-25,Cancelled
6516,1033,Noor,Sports,8,1089.35,2025-07-11,Cancelled
6517,2553,Danish,Sports,4,172.97,2026-04-25,Completed
6518,1138,Kiran,Books,8,741.77,2025-08-05,Cancelled
6519,2206,Ahmed,Toys,10,1292.52,2025-11-10,Pending
6520,2490,Ayesha,Groceries,2,1152.67,2025-10-01,Completed
6521,2737,Ali,Toys,9,1789.69,2025-08-06,Pending
6522,1900,Hassan,Beauty,9,267.51,2025-10-30,Cancelled
6523,2815,Noor,Beauty,5,244.38,2026-03-19,Cancelled
6524,1921,Kiran,Home,7,1420.6,2026-04-09,Returned
6525,2523,Hassan,Toys,5,221.06,2025-12-24,Cancelled
6526,2894,Sara,Beauty,3,1816.63,2025-04-03,Pending
6527,1935,Hina,Sports,8,463.04,2025-05-15,Completed
6528,1657,Ayesha,Beauty,6,160.64,2026-03-04,Cancelled
6529,1051,Noor,Sports,8,864.17,2025-05-27,Cancelled
6530,1533,Ali,Toys,4,312.58,2026-04-18,Cancelled
6531,1675,Laiba,Beauty,2,738.16,2025-02-26,Returned
6532,1815,Ayesha,Toys,3,1168.21,2025-03-05,Completed
6533,1603,Kiran,Home,8,734.72,2026-01-20,Cancelled
6534,1928,Omar,Toys,5,1267.03,2025-11-27,Completed
6535,2470,Ali,Home,6,1143.85,2025-10-29,Cancelled
6536,2010,Iqra,Home,6,1937.02,2025-03-04,Cancelled
6537,1410,Hamza,Clothing,3,762.93,2026-01-09,Returned
6538,2925,Fatima,Home,8,683.44,2026-04-21,Pending
6539,2708,Kiran,Toys,4,120.76,2026-04-04,Cancelled
6540,1100,Zain,Home,1,932.32,2025-04-23,Pending
6541,1152,Iqra,Sports,9,309.79,2025-10-13,Completed
6542,2940,Zain,Toys,6,856.07,2025-06-24,Returned
6543,2397,Sara,Sports,5,1818.92,2025-12-09,Pending
6544,1010,Danish,Books,10,1057.88,2025-04-13,Cancelled
6545,2913,Zain,Electronics,3,62.55,2025-06-27,Pending
6546,1645,Iqra,Clothing,2,775.82,2026-01-24,Pending
6547,1618,Hina,Electronics,8,757.68,2025-01-24,Pending
6548,2501,Sana,Books,2,62.98,2025-07-03,Pending
6549,1480,Kiran,Toys,1,1117.41,2025-07-27,Cancelled
6550,1999,Danish,Sports,7,303.54,2025-05-17,Returned
6551,1405,Bilal,Beauty,9,1922.7,2026-02-10,Cancelled
6552,2973,Usman,Sports,6,1031.08,2025-09-23,Pending
6553,2496,Sara,Home,3,378.62,2025-03-04,Returned
6554,2476,Usman,Groceries,4,335.42,2026-03-14,Returned
6555,1640,Fatima,Sports,7,1330.1,2025-07-21,Cancelled
6556,1522,Sara,Groceries,7,1126.14,2025-12-21,Completed
6557,2975,Omar,Beauty,1,1589.8,2025-03-23,Returned
6558,1467,Fatima,Toys,4,1435.74,2025-05-17,Cancelled
6559,1964,Danish,Home,7,1153.88,2026-01-28,Pending
6560,1936,Taha,Sports,2,452.02,2025-05-12,Returned
6561,2662,Danish,Home,10,256.12,2026-02-28,Returned
6562,1978,Laiba,Toys,9,573.54,2026-01-05,Pending
6563,1934,Usman,Sports,8,1049.81,2026-02-20,Completed
6564,2346,Iqra,Groceries,9,1290.7,2025-04-17,Returned
6565,1333,Laiba,Clothing,1,760.87,2026-04-19,Returned
6566,2542,Laiba,Groceries,2,477.42,2025-10-23,Returned
6567,1159,Bilal,Beauty,1,1621.63,2025-09-02,Pending
6568,2779,Hamza,Toys,4,492.42,2025-10-06,Completed
6569,2233,Sara,Groceries,3,1630.01,2025-05-09,Completed
6570,2308,Danish,Beauty,10,185.96,2025-03-06,Pending
6571,2609,Usman,Electronics,10,80.72,2025-12-18,Completed
6572,1131,Iqra,Books,7,1340.36,2026-01-14,Returned
6573,1138,Omar,Beauty,7,256.03,2026-02-17,Completed
6574,1857,Ayesha,Electronics,3,1522.73,2026-04-13,Cancelled
6575,1314,Ahmed,Home,8,978.52,2025-12-22,Pending
6576,2236,Danish,Books,10,368.97,2026-03-08,Pending
6577,2715,Hassan,Electronics,5,600.89,2025-01-15,Returned
6578,2622,Sara,Home,5,584.47,2026-01-12,Returned
6579,1682,Kiran,Books,5,831.63,2026-01-03,Completed
6580,1742,Kiran,Toys,8,1329.67,2026-02-26,Returned
6581,1776,Danish,Home,2,1316.33,2025-01-27,Returned
6582,2769,Danish,Books,1,1293.11,2025-05-11,Pending
6583,1385,Noor,Clothing,10,1209.43,2025-08-10,Returned
6584,1729,Taha,Clothing,3,1739.73,2026-01-11,Cancelled
6585,2377,Ali,Groceries,4,509.45,2025-07-10,Cancelled
6586,2621,Hassan,Sports,1,302.14,2026-03-17,Completed
6587,1289,Sana,Clothing,9,842.01,2025-04-21,Returned
6588,1583,Omar,Groceries,5,1806.98,2025-06-11,Returned
6589,1235,Taha,Sports,1,1387.5,2026-04-01,Returned
6590,2521,Sara,Home,9,522.89,2025-11-24,Cancelled
6591,1255,Sana,Beauty,5,717.04,2025-08-15,Pending
6592,2815,Hassan,Toys,6,794.95,2026-02-09,Returned
6593,2096,Sara,Toys,8,1925.04,2026-03-14,Returned
6594,1380,Ayesha,Electronics,9,641.43,2025-08-27,Returned
6595,2019,Taha,Electronics,1,566.33,2025-05-23,Returned
6596,1538,Laiba,Sports,2,1099.73,2025-06-08,Cancelled
6597,1231,Omar,Toys,2,937.66,2026-02-15,Completed
6598,2505,Hina,Books,9,1317.72,2025-10-07,Returned
6599,1429,Ali,Books,5,1543.66,2025-04-20,Returned
6600,1585,Taha,Groceries,9,1772.34,2026-03-11,Pending
6601,1395,Hamza,Books,6,1671.93,2025-05-01,Pending
6602,2817,Fatima,Books,3,1750.28,2025-09-05,Returned
6603,1947,Kiran,Toys,1,1288.78,2025-05-03,Completed
6604,1483,Usman,Electronics,8,109.36,2026-03-03,Pending
6605,1584,Fatima,Home,4,1485.55,2026-01-22,Cancelled
6606,1344,Sana,Groceries,1,1508.79,2026-04-27,Returned
6607,2261,Ayesha,Beauty,8,1923.3,2025-06-28,Returned
6608,2817,Zain,Clothing,9,1607.51,2025-07-10,Completed
6609,1835,Sara,Toys,10,1723.85,2025-04-10,Cancelled
6610,2312,Iqra,Sports,9,427.33,2025-08-31,Cancelled
6611,2058,Sana,Books,8,642.79,2025-09-19,Returned
6612,2122,Bilal,Electronics,5,708.82,2025-07-27,Pending
6613,2094,Hamza,Groceries,4,1933.04,2025-11-20,Returned
6614,2975,Danish,Books,8,743.64,2025-03-07,Pending
6615,2206,Hamza,Clothing,8,1213.07,2026-03-20,Pending
6616,2555,Ali,Electronics,7,958.4,2025-05-04,Pending
6617,2051,Ayesha,Groceries,8,509.61,2025-12-15,Completed
6618,2342,Noor,Books,10,518.51,2025-11-26,Pending
6619,2914,Hina,Home,4,961.85,2025-06-13,Completed
6620,2280,Maham,Books,3,543.25,2026-01-30,Cancelled
6621,2356,Sara,Clothing,9,1918.33,2025-12-21,Cancelled
6622,1011,Hassan,Home,5,424.17,2025-09-21,Returned
6623,2458,Ali,Groceries,6,648.83,2025-01-20,Completed
6624,1150,Usman,Books,1,946.08,2025-09-10,Completed
6625,2387,Omar,Electronics,8,1262.44,2026-02-05,Pending
6626,2024,Iqra,Books,7,880.44,2025-01-27,Completed
6627,2558,Hamza,Electronics,10,1900.13,2025-10-22,Cancelled
6628,2502,Hassan,Books,2,1835.11,2025-05-29,Cancelled
6629,1425,Kiran,Home,3,1424.16,2025-05-23,Returned
6630,1038,Danish,Toys,4,1564.29,2025-03-01,Completed
6631,1792,Taha,Toys,2,778.88,2025-09-18,Completed
6632,1441,Ali,Groceries,5,541.32,2025-06-15,Returned
6633,1145,Laiba,Groceries,6,1389.59,2025-05-23,Pending
6634,1472,Hamza,Electronics,6,958.62,2026-01-04,Cancelled
6635,1726,Laiba,Groceries,6,243.55,2026-03-19,Returned
6636,2345,Danish,Home,7,843.99,2026-04-01,Completed
6637,2612,Noor,Toys,10,413.08,2025-05-28,Pending
6638,2750,Danish,Sports,8,270.44,2025-08-21,Completed
6639,1981,Maham,Books,9,1736.38,2025-01-17,Cancelled
6640,2123,Kiran,Sports,4,1145.77,2026-03-23,Returned
6641,2881,Sara,Groceries,7,1478.3,2025-04-17,Returned
6642,2092,Noor,Groceries,2,1782.02,2025-10-19,Pending
6643,1667,Sara,Books,8,1716.87,2025-02-22,Completed
6644,1481,Fatima,Home,1,648.28,2026-04-11,Pending
6645,2446,Ayesha,Sports,4,1635.57,2025-10-11,Returned
6646,2943,Usman,Clothing,3,751.05,2026-04-18,Returned
6647,1166,Danish,Sports,9,1597.22,2025-02-27,Cancelled
6648,2169,Hassan,Home,8,521.92,2025-05-17,Returned
6649,1681,Noor,Groceries,8,1177.99,2025-04-04,Cancelled
6650,1315,Hamza,Clothing,4,1022.9,2025-07-25,Pending
6651,2526,Sara,Sports,2,1768.9,2025-09-19,Cancelled
6652,1479,Hamza,Home,1,918.05,2025-10-26,Returned
6653,2045,Sara,Electronics,3,635.5,2025-02-19,Cancelled
6654,2577,Kiran,Clothing,1,1373.22,2025-09-28,Returned
6655,1704,Sara,Clothing,9,800.71,2025-02-19,Completed
6656,2595,Ayesha,Sports,8,493.79,2025-08-19,Pending
6657,1909,Fatima,Books,8,1029.56,2026-01-31,Returned
6658,2816,Hamza,Sports,4,1284.68,2026-02-12,Pending
6659,1256,Sara,Electronics,2,425.87,2025-12-27,Pending
6660,1680,Iqra,Groceries,5,90.11,2025-05-25,Cancelled
6661,1262,Usman,Sports,4,1279.41,2025-07-10,Pending
6662,1294,Ali,Sports,2,1713.62,2025-05-25,Returned
6663,1423,Sana,Books,1,842.6,2025-10-24,Returned
6664,2125,Taha,Clothing,2,1501.1,2025-07-29,Pending
6665,2279,Bilal,Beauty,10,1226.15,2025-06-16,Completed
6666,1659,Kiran,Beauty,7,1455.09,2025-04-04,Cancelled
6667,1972,Fatima,Groceries,9,331.01,2026-03-03,Cancelled
6668,2419,Noor,Clothing,9,1785.59,2025-11-07,Pending
6669,2687,Iqra,Clothing,2,273.45,2025-03-01,Returned
6670,1893,Fatima,Home,4,419.16,2025-03-10,Cancelled
6671,2606,Danish,Clothing,8,1079.93,2025-10-03,Cancelled
6672,1705,Fatima,Electronics,9,1922.3,2025-03-13,Returned
6673,2995,Usman,Home,8,1686.15,2025-05-11,Completed
6674,1114,Ahmed,Toys,1,994.7,2025-10-26,Pending
6675,1450,Sana,Toys,4,1471.53,2025-09-10,Cancelled
6676,1670,Laiba,Home,1,572.83,2025-08-09,Returned
6677,2926,Ali,Toys,9,282.57,2026-01-17,Cancelled
6678,1729,Hina,Clothing,5,329.37,2025-02-03,Pending
6679,2151,Laiba,Groceries,6,695.07,2025-06-20,Pending
6680,1515,Hamza,Groceries,1,1116.73,2025-12-26,Cancelled
6681,2096,Hamza,Groceries,8,1829.54,2025-06-11,Returned
6682,1564,Fatima,Beauty,5,848.73,2025-05-03,Cancelled
6683,2668,Bilal,Books,7,956.62,2025-10-22,Pending
6684,1103,Maham,Sports,7,968.14,2025-10-20,Completed
6685,1655,Usman,Toys,4,731.42,2025-04-18,Returned
6686,1607,Usman,Groceries,1,784.66,2025-10-07,Returned
6687,1801,Omar,Groceries,10,271.31,2026-01-19,Cancelled
6688,1471,Usman,Home,5,179.94,2026-03-01,Cancelled
6689,1485,Usman,Beauty,3,518.76,2025-04-08,Cancelled
6690,2639,Zain,Groceries,7,983.45,2026-04-27,Completed
6691,2035,Maham,Beauty,1,1057.9,2025-09-10,Returned
6692,1644,Sara,Beauty,5,266.71,2025-12-14,Completed
6693,1341,Noor,Electronics,8,1063.97,2025-04-20,Completed
6694,2267,Usman,Electronics,2,208.21,2025-10-09,Pending
6695,1762,Danish,Toys,7,700.08,2025-05-25,Returned
6696,1888,Bilal,Books,9,511.59,2025-01-13,Cancelled
6697,2259,Sara,Sports,9,708.72,2025-04-22,Pending
6698,1212,Ali,Electronics,7,1618.76,2025-05-25,Cancelled
6699,2340,Noor,Home,5,1949.04,2025-01-02,Completed
6700,1266,Maham,Electronics,3,250.02,2026-04-01,Cancelled
6701,2532,Kiran,Beauty,6,586.81,2026-03-31,Returned
6702,1112,Sana,Home,9,106.35,2025-01-03,Pending
6703,2963,Sara,Home,6,614.2,2025-02-18,Returned
6704,2590,Laiba,Groceries,3,230.6,2026-02-21,Cancelled
6705,1245,Maham,Books,10,989.61,2025-05-11,Returned
6706,2947,Bilal,Groceries,8,1653.99,2025-12-17,Cancelled
6707,2201,Hina,Clothing,8,1353.93,2026-01-07,Cancelled
6708,1702,Ahmed,Sports,5,646.21,2025-06-04,Returned
6709,2674,Ali,Toys,1,536.96,2026-01-30,Cancelled
6710,2340,Noor,Beauty,8,1248.67,2025-04-05,Completed
6711,2210,Omar,Clothing,5,333.41,2025-05-30,Cancelled
6712,1853,Omar,Sports,10,1340.12,2025-08-27,Returned
6713,1995,Taha,Toys,4,1090.7,2025-05-02,Completed
6714,2896,Iqra,Books,7,1979.25,2025-11-13,Returned
6715,1939,Taha,Clothing,8,1733.45,2025-09-08,Completed
6716,1542,Bilal,Home,9,685.76,2025-12-15,Completed
6717,1432,Ayesha,Toys,4,472.88,2026-04-20,Pending
6718,2395,Fatima,Electronics,10,198.03,2025-07-07,Completed
6719,1226,Sana,Beauty,1,921.02,2026-01-23,Cancelled
6720,2185,Hassan,Groceries,3,1134.31,2025-06-15,Pending
6721,1941,Kiran,Sports,3,974.61,2025-09-20,Cancelled
6722,2329,Ali,Clothing,10,561.76,2025-02-21,Pending
6723,1349,Ahmed,Sports,2,942.59,2026-01-08,Returned
6724,1170,Ahmed,Sports,8,915.67,2025-05-09,Returned
6725,1613,Hassan,Home,8,1082.71,2025-04-30,Returned
6726,2202,Ahmed,Beauty,9,1301.08,2025-09-21,Cancelled
6727,1342,Hina,Toys,6,920.57,2025-11-05,Cancelled
6728,2208,Fatima,Home,7,1819.85,2025-04-05,Completed
6729,1774,Taha,Books,4,909.51,2025-07-10,Returned
6730,2949,Bilal,Home,3,1516.86,2025-04-01,Completed
6731,1300,Taha,Electronics,5,1121.3,2025-12-11,Completed
6732,2126,Maham,Toys,9,672.59,2026-02-22,Completed
6733,2495,Ayesha,Books,9,1773.47,2026-01-05,Cancelled
6734,2997,Fatima,Toys,4,930.23,2025-11-22,Cancelled
6735,2222,Zain,Groceries,5,1925.14,2026-04-04,Returned
6736,2129,Bilal,Beauty,5,307.57,2025-11-09,Returned
6737,2474,Taha,Groceries,5,338.99,2025-12-10,Completed
6738,2683,Ayesha,Sports,3,1695.29,2025-05-12,Returned
6739,2540,Zain,Sports,9,1898.52,2025-05-09,Returned
6740,1402,Sara,Groceries,3,1294.56,2025-08-22,Cancelled
6741,1690,Kiran,Electronics,9,1274.64,2025-01-05,Pending
6742,1346,Hamza,Electronics,7,562.42,2026-04-16,Completed
6743,2811,Laiba,Sports,8,1920.62,2026-03-22,Completed
6744,1352,Noor,Groceries,2,447.19,2025-01-25,Cancelled
6745,2145,Laiba,Sports,3,230.94,2025-04-24,Cancelled
6746,2838,Bilal,Groceries,1,355.26,2025-06-11,Pending
6747,1292,Maham,Sports,4,706.78,2025-01-06,Completed
6748,1812,Hamza,Clothing,4,766.41,2025-10-08,Completed
6749,1837,Hina,Home,5,1070.77,2025-11-25,Returned
6750,1106,Usman,Sports,2,1956.33,2025-06-07,Pending
6751,2265,Laiba,Home,4,1726.12,2025-08-12,Cancelled
6752,1958,Ahmed,Clothing,5,1074.31,2025-04-30,Pending
6753,1193,Zain,Electronics,8,1390.81,2025-09-19,Returned
6754,2385,Ahmed,Groceries,7,545.37,2025-08-18,Returned
6755,1161,Noor,Clothing,3,1920.48,2026-03-06,Cancelled
6756,2108,Kiran,Toys,6,162.66,2025-06-22,Pending
6757,2182,Hina,Books,3,1481.21,2025-05-12,Completed
6758,1456,Hina,Toys,9,1369.44,2025-02-05,Completed
6759,2477,Fatima,Books,10,388.99,2026-01-11,Pending
6760,2496,Fatima,Books,7,698.94,2025-05-21,Completed
6761,1462,Kiran,Sports,6,1228.8,2026-01-20,Cancelled
6762,2431,Hamza,Home,9,1721.38,2026-04-02,Pending
6763,2256,Sara,Electronics,5,586.78,2025-05-05,Returned
6764,1369,Sara,Electronics,6,955.71,2026-01-09,Cancelled
6765,1291,Iqra,Sports,6,1309.1,2025-06-02,Pending
6766,1640,Hina,Clothing,7,213.12,2025-08-19,Pending
6767,2744,Bilal,Groceries,3,1218.83,2025-07-11,Completed
6768,1588,Fatima,Clothing,4,965.81,2025-10-30,Returned
6769,2278,Omar,Toys,4,982.01,2025-05-23,Pending
6770,2811,Ali,Books,2,1605.4,2026-04-09,Cancelled
6771,1804,Taha,Beauty,2,1026.32,2025-12-22,Cancelled
6772,2285,Zain,Books,2,1014.9,2026-03-30,Returned
6773,1039,Bilal,Books,3,1617.98,2025-08-14,Pending
6774,1366,Kiran,Electronics,2,1140.6,2026-03-17,Returned
6775,2604,Fatima,Beauty,10,1720.1,2026-02-18,Pending
6776,2152,Sara,Home,2,988.72,2026-03-06,Pending
6777,1871,Fatima,Books,10,877.61,2025-03-04,Pending
6778,2290,Hina,Sports,2,1185.57,2025-06-15,Pending
6779,1745,Maham,Toys,1,803.98,2025-02-07,Cancelled
6780,2512,Usman,Toys,10,1655.43,2025-11-18,Returned
6781,2100,Kiran,Home,5,1151.38,2026-04-30,Pending
6782,1602,Usman,Electronics,6,1212.67,2025-03-19,Cancelled
6783,2967,Bilal,Beauty,3,1227.98,2025-11-25,Returned
6784,2934,Ahmed,Home,2,475.21,2025-01-23,Cancelled
6785,2195,Ayesha,Groceries,2,1428.68,2025-06-29,Pending
6786,2765,Kiran,Sports,7,1274.81,2026-02-13,Completed
6787,2969,Taha,Toys,5,1663.99,2025-05-05,Returned
6788,2501,Hassan,Electronics,6,1496.5,2025-09-16,Completed
6789,2613,Taha,Books,3,1602.87,2026-04-23,Returned
6790,1733,Fatima,Electronics,6,1969.47,2025-09-08,Returned
6791,2173,Iqra,Beauty,4,995.85,2025-09-14,Completed
6792,2861,Usman,Clothing,1,211.28,2025-09-18,Pending
6793,1084,Zain,Toys,5,635.71,2026-02-08,Cancelled
6794,1205,Usman,Electronics,10,1299.19,2026-03-06,Cancelled
6795,1327,Zain,Beauty,9,1482.15,2025-11-23,Pending
6796,2597,Taha,Beauty,8,1370.08,2025-01-14,Completed
6797,1313,Danish,Home,6,1661.27,2026-02-06,Cancelled
6798,2841,Iqra,Beauty,7,832.73,2025-01-03,Returned
6799,2701,Hina,Beauty,2,1949.75,2026-04-11,Returned
6800,2397,Kiran,Home,7,519.75,2025-09-20,Completed
6801,2779,Maham,Beauty,3,421.49,2026-03-22,Cancelled
6802,1541,Zain,Groceries,1,1056.83,2025-04-30,Cancelled
6803,1358,Hamza,Beauty,9,355.91,2025-05-06,Completed
6804,2990,Bilal,Electronics,2,1161.16,2025-10-07,Returned
6805,2376,Usman,Beauty,2,1691.16,2025-08-20,Pending
6806,2274,Usman,Books,1,1174.28,2025-04-01,Cancelled
6807,2189,Taha,Electronics,9,629.52,2025-02-15,Cancelled
6808,1211,Hamza,Home,10,1811.68,2025-09-19,Cancelled
6809,2871,Sana,Books,1,163.42,2025-01-30,Cancelled
6810,1940,Hassan,Groceries,6,1297.16,2026-02-19,Completed
6811,1697,Hassan,Toys,6,1807.95,2025-12-07,Completed
6812,1312,Ayesha,Groceries,5,1948.34,2025-07-28,Pending
6813,1302,Ayesha,Toys,8,1471.35,2026-01-02,Pending
6814,1862,Bilal,Electronics,3,1082.87,2025-02-05,Completed
6815,2723,Fatima,Home,4,1522.78,2025-03-13,Cancelled
6816,2581,Ayesha,Sports,2,224.17,2026-04-27,Returned
6817,2452,Ali,Beauty,10,1990.75,2025-02-22,Returned
6818,2233,Hassan,Toys,9,1645.97,2025-12-13,Returned
6819,1190,Zain,Sports,2,1155.67,2025-06-14,Returned
6820,1377,Bilal,Groceries,6,1295.99,2026-02-15,Pending
6821,1036,Kiran,Beauty,6,1814.07,2025-07-13,Completed
6822,1674,Ahmed,Toys,5,633.46,2025-08-18,Cancelled
6823,2604,Maham,Electronics,4,331.9,2025-10-05,Pending
6824,1195,Noor,Toys,7,922.05,2025-02-01,Pending
6825,1511,Hina,Groceries,2,1860.17,2026-03-28,Pending
6826,2187,Ali,Home,3,1629.97,2025-04-21,Completed
6827,2559,Ali,Sports,10,267.34,2026-01-02,Pending
6828,1244,Bilal,Electronics,7,1875.7,2025-09-22,Returned
6829,1285,Sana,Books,1,1883.53,2026-02-19,Cancelled
6830,1992,Fatima,Home,4,1040.05,2025-05-14,Completed
6831,2025,Fatima,Sports,1,792.33,2026-04-18,Returned
6832,1419,Iqra,Toys,9,1519.79,2025-06-01,Returned
6833,2217,Fatima,Toys,6,1961.76,2025-04-15,Pending
6834,1432,Bilal,Sports,9,286.42,2025-01-16,Completed
6835,1459,Ahmed,Clothing,10,865.88,2026-04-25,Cancelled
6836,2226,Iqra,Toys,9,838.05,2026-04-29,Returned
6837,2449,Noor,Electronics,6,1294.05,2025-02-10,Returned
6838,1364,Hassan,Groceries,6,1942.75,2025-01-10,Completed
6839,1605,Noor,Electronics,3,1227.24,2025-05-19,Returned
6840,1586,Ali,Toys,7,1003.37,2025-04-18,Completed
6841,2914,Ali,Electronics,1,1547.44,2025-06-09,Returned
6842,2677,Taha,Clothing,7,1738.78,2025-10-13,Cancelled
6843,1968,Hassan,Home,10,1533.21,2025-07-27,Returned
6844,2616,Danish,Toys,9,1986.98,2025-10-29,Returned
6845,2385,Fatima,Sports,6,1468.52,2025-05-09,Returned
6846,2858,Ayesha,Beauty,6,1701.3,2026-04-21,Pending
6847,2894,Bilal,Sports,6,672.67,2026-02-25,Returned
6848,1889,Ahmed,Toys,3,1642.55,2025-09-22,Pending
6849,1334,Taha,Home,2,381.04,2025-07-16,Completed
6850,2389,Ahmed,Clothing,5,693.62,2025-02-18,Pending
6851,2165,Bilal,Groceries,2,1696.72,2025-02-04,Cancelled
6852,1470,Ali,Toys,2,1089.08,2025-02-01,Returned
6853,1965,Ayesha,Sports,4,227.74,2025-01-30,Completed
6854,1089,Zain,Beauty,8,670.97,2026-02-08,Completed
6855,1443,Hassan,Books,10,1636.68,2026-02-23,Cancelled
6856,1825,Taha,Books,7,1780.97,2025-01-27,Pending
6857,1403,Ayesha,Beauty,2,1457.09,2025-04-13,Returned
6858,1444,Sana,Electronics,4,1467.84,2025-05-28,Pending
6859,1281,Ayesha,Clothing,7,703.87,2025-04-25,Completed
6860,2727,Sana,Home,6,1265.15,2025-11-27,Returned
6861,1979,Ali,Electronics,3,1312.69,2026-01-03,Pending
6862,2945,Bilal,Books,9,578.44,2025-09-17,Cancelled
6863,1373,Taha,Electronics,6,1106.52,2025-08-11,Completed
6864,2918,Taha,Books,1,1918.68,2026-02-02,Returned
6865,2583,Ali,Groceries,3,196.55,2026-04-15,Completed
6866,1963,Noor,Groceries,3,1350.81,2025-07-28,Pending
6867,1335,Danish,Beauty,2,703.97,2025-02-02,Completed
6868,2643,Bilal,Home,9,320.17,2025-05-19,Completed
6869,2111,Kiran,Beauty,6,342.05,2025-06-09,Cancelled
6870,2753,Ali,Books,9,667.8,2025-05-10,Completed
6871,2469,Danish,Toys,10,964.71,2025-02-15,Cancelled
6872,1042,Ayesha,Clothing,4,992.3,2025-06-25,Cancelled
6873,1218,Fatima,Home,7,1698.41,2025-03-21,Cancelled
6874,1416,Usman,Groceries,1,933.59,2025-07-17,Pending
6875,1796,Sana,Electronics,8,796.92,2025-07-07,Cancelled
6876,2125,Zain,Groceries,4,1274.84,2026-03-21,Returned
6877,1329,Danish,Groceries,7,1632.7,2025-02-08,Returned
6878,1096,Omar,Electronics,9,1322.22,2025-09-30,Pending
6879,1171,Ali,Electronics,9,1413.72,2026-04-22,Returned
6880,1615,Sara,Electronics,9,851.89,2025-07-02,Cancelled
6881,1449,Sana,Home,8,1801.01,2026-03-30,Completed
6882,2453,Danish,Books,2,1753.34,2025-11-26,Pending
6883,1609,Sana,Electronics,8,1313.91,2025-05-06,Completed
6884,1434,Hina,Groceries,1,1190.63,2025-12-30,Cancelled
6885,2839,Hamza,Beauty,1,340.18,2025-12-17,Completed
6886,1521,Laiba,Groceries,9,1592.86,2026-03-09,Cancelled
6887,1510,Kiran,Books,6,593.26,2025-09-02,Pending
6888,1412,Laiba,Home,7,723.59,2025-03-06,Completed
6889,2585,Bilal,Sports,10,405.09,2025-09-11,Completed
6890,1667,Sana,Home,5,1713.36,2025-03-21,Completed
6891,1045,Sara,Electronics,8,1490.53,2025-12-30,Pending
6892,2658,Ayesha,Home,9,532.42,2025-12-13,Returned
6893,1490,Sana,Toys,5,363.09,2026-01-06,Completed
6894,2442,Hina,Clothing,6,1189.88,2025-01-23,Completed
6895,1697,Zain,Clothing,6,292.02,2026-01-09,Completed
6896,2324,Kiran,Home,2,1840.82,2025-07-30,Cancelled
6897,1405,Hamza,Beauty,2,625.43,2025-02-26,Pending
6898,1531,Hamza,Toys,6,1253.31,2025-08-30,Returned
6899,2526,Fatima,Electronics,3,663.85,2025-07-03,Cancelled
6900,2876,Hassan,Groceries,4,1920.26,2025-03-29,Returned
6901,2075,Laiba,Home,7,325.65,2026-02-23,Pending
6902,2985,Hamza,Toys,10,705.85,2026-03-08,Pending
6903,1546,Ali,Beauty,9,1376.95,2026-03-20,Pending
6904,1344,Hamza,Sports,6,1430.45,2026-01-06,Cancelled
6905,1626,Sara,Clothing,8,1992.8,2025-03-24,Pending
6906,1077,Ali,Beauty,9,287.4,2025-09-13,Returned
6907,2304,Ali,Home,6,1804.01,2025-06-01,Cancelled
6908,1452,Noor,Books,1,1703.73,2026-03-08,Cancelled
6909,1807,Bilal,Groceries,10,796.17,2025-11-26,Cancelled
6910,1309,Hamza,Toys,8,215.36,2025-05-09,Pending
6911,1161,Usman,Groceries,3,1787.65,2025-05-02,Returned
6912,1317,Sara,Clothing,10,1402.66,2025-03-23,Returned
6913,2582,Danish,Home,9,835.73,2025-11-17,Returned
6914,1494,Danish,Books,2,814.61,2025-12-21,Cancelled
6915,1715,Maham,Toys,4,1983.25,2026-01-24,Cancelled
6916,2924,Iqra,Books,7,1993.01,2025-12-22,Returned
6917,2744,Kiran,Toys,1,132.54,2025-06-17,Pending
6918,1377,Taha,Groceries,2,1847.22,2026-02-12,Pending
6919,2745,Hamza,Home,2,1381.8,2025-06-14,Returned
6920,1309,Sara,Books,8,1850.58,2026-02-04,Completed
6921,2646,Usman,Clothing,8,1985.54,2025-10-16,Completed
6922,2893,Usman,Toys,1,150.45,2026-04-27,Pending
6923,2554,Ayesha,Clothing,5,356.98,2025-12-04,Completed
6924,2035,Danish,Groceries,3,314.55,2025-11-21,Completed
6925,1797,Hassan,Beauty,10,375.91,2025-07-31,Completed
6926,1760,Ahmed,Home,6,942.63,2025-02-10,Returned
6927,1707,Hamza,Books,5,303.92,2025-01-26,Cancelled
6928,1257,Hamza,Clothing,2,1115.86,2025-07-05,Completed
6929,2693,Taha,Groceries,9,1251.05,2025-12-21,Cancelled
6930,1159,Usman,Books,6,965.75,2025-02-12,Cancelled
6931,1584,Zain,Beauty,9,1450.14,2025-12-03,Cancelled
6932,1616,Hina,Home,2,631.24,2025-07-23,Pending
6933,1152,Ali,Toys,9,463.03,2025-11-29,Pending
6934,2086,Ali,Sports,6,132.77,2025-01-05,Pending
6935,1972,Iqra,Groceries,5,1353.59,2025-12-05,Cancelled
6936,1004,Usman,Electronics,1,1702.14,2025-05-19,Cancelled
6937,1339,Noor,Beauty,5,1559.74,2025-04-24,Returned
6938,2160,Laiba,Books,1,1542.65,2025-04-22,Returned
6939,1122,Iqra,Books,5,1865.84,2025-05-20,Cancelled
6940,1817,Hina,Clothing,9,1188.39,2025-01-14,Returned
6941,2967,Omar,Beauty,1,1951.42,2025-08-31,Cancelled
6942,2254,Zain,Clothing,4,1201.26,2025-08-03,Cancelled
6943,1732,Hassan,Groceries,6,1043.41,2025-08-26,Pending
6944,2395,Zain,Sports,9,513.2,2026-02-27,Completed
6945,1085,Maham,Groceries,2,1070.12,2025-01-27,Pending
6946,2416,Ali,Electronics,7,927.38,2026-02-21,Completed
6947,2330,Sara,Clothing,1,1228.89,2025-05-17,Returned
6948,2021,Kiran,Beauty,2,1703.01,2025-08-08,Completed
6949,1027,Fatima,Electronics,3,1310.7,2025-05-27,Pending
6950,2122,Sara,Toys,1,703.41,2026-03-19,Pending
6951,1087,Sana,Sports,1,1037.84,2025-10-14,Cancelled
6952,1389,Ayesha,Beauty,7,1538.93,2025-06-24,Returned
6953,2999,Hamza,Books,2,1538.43,2026-02-23,Cancelled
6954,2599,Ahmed,Groceries,3,516.33,2025-03-01,Pending
6955,1313,Laiba,Books,4,1189.03,2026-03-18,Completed
6956,2282,Laiba,Beauty,5,1931.88,2026-04-04,Cancelled
6957,1560,Taha,Toys,7,572.37,2025-05-26,Completed
6958,2058,Iqra,Groceries,1,1790.9,2025-04-20,Pending
6959,2348,Noor,Books,9,266.61,2025-03-30,Cancelled
6960,1047,Kiran,Electronics,9,1208.62,2025-05-20,Completed
6961,1869,Taha,Clothing,1,933.18,2025-06-12,Returned
6962,2647,Omar,Home,5,1081.68,2025-01-01,Cancelled
6963,1945,Usman,Books,2,107.61,2025-03-02,Completed
6964,1873,Noor,Groceries,8,1384.02,2026-02-20,Cancelled
6965,2125,Taha,Home,10,430.17,2025-12-10,Completed
6966,2912,Noor,Sports,3,578.19,2025-01-09,Returned
6967,1890,Zain,Groceries,5,978.26,2026-02-05,Completed
6968,1618,Noor,Toys,2,1498.33,2025-07-20,Completed
6969,1963,Usman,Home,3,1378.65,2025-07-03,Cancelled
6970,2569,Sana,Beauty,3,721.13,2025-05-21,Returned
6971,2680,Sana,Toys,10,206.97,2025-10-30,Cancelled
6972,1711,Laiba,Home,1,941.69,2025-12-14,Completed
6973,2911,Danish,Groceries,4,1650.43,2026-01-07,Returned
6974,1849,Ahmed,Sports,2,1009.63,2025-01-02,Completed
6975,1637,Noor,Sports,9,486.97,2026-01-10,Cancelled
6976,1788,Kiran,Books,3,1550.94,2026-01-15,Pending
6977,1126,Ahmed,Clothing,4,1958.55,2026-03-26,Completed
6978,1701,Taha,Electronics,7,1523.12,2025-02-18,Cancelled
6979,2057,Maham,Groceries,8,581.69,2025-11-13,Completed
6980,1182,Sana,Sports,3,878.16,2025-01-26,Cancelled
6981,2651,Sana,Home,9,1961.48,2026-04-19,Cancelled
6982,2525,Zain,Toys,6,765.91,2025-11-30,Completed
6983,2581,Iqra,Sports,9,1611.64,2026-02-27,Pending
6984,1072,Omar,Electronics,7,571.2,2025-09-22,Returned
6985,2962,Kiran,Electronics,2,1195.3,2025-02-06,Completed
6986,1743,Fatima,Home,5,202.87,2025-10-14,Completed
6987,2413,Hamza,Books,5,333.6,2025-01-28,Returned
6988,1915,Taha,Electronics,3,1050.97,2025-07-18,Cancelled
6989,1504,Taha,Groceries,3,1473.41,2025-10-23,Cancelled
6990,1664,Danish,Books,9,1501.89,2025-02-20,Pending
6991,2082,Maham,Groceries,4,363.37,2026-04-29,Returned
6992,2115,Hina,Electronics,6,1868.34,2025-01-03,Completed
6993,2220,Fatima,Home,7,1863.42,2025-06-27,Completed
6994,1894,Sana,Clothing,5,1444.86,2025-12-11,Cancelled
6995,1647,Laiba,Sports,8,1690.55,2025-10-02,Completed
6996,2270,Hina,Sports,4,1596.46,2026-02-07,Returned
6997,2916,Hina,Sports,2,630.94,2026-01-11,Completed
6998,1532,Danish,Books,1,1209.84,2025-06-12,Cancelled
6999,1080,Fatima,Electronics,3,1547.36,2025-10-05,Pending
7000,2669,Sara,Home,6,926.68,2026-04-18,Returned
7001,1592,Omar,Books,9,1182.07,2025-11-29,Cancelled
7002,2648,Hina,Home,4,846.59,2025-09-07,Completed
7003,2105,Noor,Groceries,6,1364.09,2025-09-06,Cancelled
7004,1564,Sana,Home,3,1921.45,2026-02-06,Cancelled
7005,2096,Hamza,Electronics,10,1166.06,2025-04-29,Returned
7006,2097,Hina,Books,1,1552.87,2025-12-26,Returned
7007,2194,Bilal,Toys,1,185.7,2026-04-13,Returned
7008,2051,Maham,Electronics,9,548.78,2025-02-04,Completed
7009,1637,Sana,Home,3,940.95,2025-05-08,Completed
7010,1017,Ayesha,Groceries,4,353.18,2025-08-02,Completed
7011,2357,Omar,Books,5,862.39,2026-01-03,Returned
7012,1468,Hamza,Clothing,8,322.05,2025-10-16,Pending
7013,2892,Noor,Toys,5,1320.41,2025-12-15,Pending
7014,2974,Hamza,Toys,3,1550.31,2025-11-29,Completed
7015,2867,Hamza,Groceries,7,1996.65,2025-09-07,Returned
7016,2855,Bilal,Sports,10,1706.89,2026-03-09,Cancelled
7017,1189,Hassan,Clothing,1,290.03,2025-01-06,Completed
7018,2438,Danish,Home,7,1746.59,2026-03-18,Returned
7019,1909,Omar,Toys,2,1911.69,2025-08-04,Pending
7020,1237,Omar,Home,9,107.23,2025-10-23,Pending
7021,2028,Hamza,Groceries,5,1685.65,2025-05-04,Returned
7022,2531,Fatima,Groceries,5,359.18,2025-11-03,Cancelled
7023,1487,Sana,Home,4,1686.64,2025-12-26,Pending
7024,1202,Hassan,Sports,3,480.71,2026-02-12,Pending
7025,1889,Sana,Beauty,4,1023.9,2025-01-28,Pending
7026,1786,Sana,Groceries,7,1511.15,2026-02-22,Pending
7027,2312,Hina,Clothing,8,1204.45,2025-07-02,Pending
7028,1751,Bilal,Beauty,4,1845.36,2025-01-27,Cancelled
7029,2741,Usman,Sports,9,331.4,2026-03-27,Returned
7030,1218,Taha,Groceries,6,289.49,2025-06-07,Cancelled
7031,2691,Laiba,Toys,5,1523.75,2025-01-10,Completed
7032,1257,Maham,Toys,9,438.49,2025-01-10,Returned
7033,1363,Taha,Groceries,2,937.75,2025-10-21,Pending
7034,1777,Hassan,Books,2,181.28,2025-09-12,Completed
7035,1862,Ayesha,Home,8,74.2,2025-08-07,Completed
7036,1986,Fatima,Beauty,2,1405.72,2025-04-05,Cancelled
7037,1517,Ayesha,Electronics,10,261.63,2026-01-10,Pending
7038,1091,Zain,Groceries,8,806.45,2026-04-08,Pending
7039,1139,Ahmed,Groceries,4,1779.44,2025-02-26,Completed
7040,2775,Hamza,Clothing,3,1858.17,2025-07-19,Completed
7041,2467,Omar,Beauty,5,328.68,2026-02-14,Returned
7042,2429,Ayesha,Beauty,6,1739.26,2026-03-31,Returned
7043,1756,Hina,Groceries,7,226.77,2025-01-04,Completed
7044,2953,Zain,Toys,5,1200.69,2025-12-15,Returned
7045,1379,Kiran,Clothing,3,1252.19,2026-01-01,Completed
7046,2759,Danish,Clothing,10,931.67,2025-03-30,Completed
7047,2984,Sara,Books,9,810.45,2025-12-18,Returned
7048,1449,Omar,Clothing,9,1623.54,2025-08-21,Pending
7049,1513,Ali,Books,8,405.6,2025-02-18,Pending
7050,1268,Kiran,Electronics,4,1422.36,2025-08-03,Completed
7051,1811,Noor,Sports,7,439.26,2026-01-28,Pending
7052,2988,Bilal,Clothing,8,1146.63,2026-03-25,Pending
7053,1435,Zain,Clothing,6,523.74,2026-01-09,Cancelled
7054,1580,Hamza,Books,7,1177.71,2026-02-16,Completed
7055,2542,Sara,Electronics,7,1611.9,2025-04-09,Completed
7056,2541,Hassan,Toys,2,489.58,2025-02-19,Pending
7057,2879,Sara,Clothing,1,578.03,2026-04-20,Cancelled
7058,2689,Hina,Groceries,2,563.52,2025-05-31,Completed
7059,1141,Zain,Electronics,4,736.56,2025-12-14,Returned
7060,1259,Noor,Electronics,1,1189.44,2025-12-26,Returned
7061,2413,Omar,Toys,3,1106.51,2025-08-12,Completed
7062,2147,Ali,Home,10,1706.04,2025-04-15,Returned
7063,1689,Ayesha,Groceries,4,1892.85,2025-12-09,Pending
7064,1822,Bilal,Groceries,4,217.03,2025-02-08,Pending
7065,1714,Kiran,Clothing,9,314.25,2026-01-04,Returned
7066,1886,Maham,Beauty,8,1061.47,2025-09-23,Returned
7067,1713,Hamza,Home,2,1718.75,2025-01-29,Completed
7068,1457,Taha,Sports,6,1090.42,2026-03-18,Returned
7069,2266,Hina,Groceries,4,297.13,2025-03-08,Cancelled
7070,1050,Noor,Beauty,9,1746.99,2026-04-12,Completed
7071,2579,Danish,Electronics,7,1309.85,2025-12-15,Returned
7072,2030,Bilal,Beauty,3,62.5,2026-01-13,Pending
7073,1136,Ali,Groceries,6,971.42,2026-01-19,Returned
7074,1961,Ali,Home,10,671.2,2026-03-25,Completed
7075,2640,Sara,Groceries,2,268.46,2026-01-15,Completed
7076,1075,Ayesha,Electronics,7,1772.82,2026-04-24,Returned
7077,2366,Sana,Toys,2,941.08,2025-08-10,Pending
7078,1868,Fatima,Electronics,9,736.77,2026-01-04,Pending
7079,2537,Bilal,Clothing,5,1257.5,2026-03-25,Cancelled
7080,2587,Fatima,Electronics,8,602.8,2025-09-14,Cancelled
7081,1975,Kiran,Toys,6,1050.84,2025-06-26,Pending
7082,1717,Ali,Books,7,621.19,2026-02-21,Completed
7083,1533,Fatima,Electronics,8,1806.84,2026-04-16,Cancelled
7084,1589,Danish,Books,8,560.64,2025-10-20,Pending
7085,2630,Kiran,Electronics,7,1259.61,2026-02-05,Cancelled
7086,2167,Danish,Clothing,8,1552.03,2025-02-17,Returned
7087,1818,Hamza,Clothing,5,507.53,2025-06-16,Returned
7088,1746,Omar,Sports,2,1878.3,2025-09-22,Completed
7089,1579,Hassan,Clothing,10,715.31,2025-04-25,Completed
7090,2077,Usman,Toys,3,1459.33,2025-10-13,Cancelled
7091,2137,Laiba,Sports,9,658.29,2025-11-26,Pending
7092,1793,Laiba,Sports,3,348.68,2026-03-22,Pending
7093,1446,Laiba,Books,1,253.46,2025-12-26,Returned
7094,1031,Danish,Clothing,6,401.81,2025-06-25,Cancelled
7095,2753,Ali,Sports,7,1852.51,2026-01-26,Returned
7096,2344,Bilal,Beauty,7,109.23,2025-03-10,Returned
7097,2517,Ali,Sports,7,394.41,2026-04-18,Returned
7098,1193,Hina,Clothing,7,360.72,2025-08-05,Returned
7099,2116,Hassan,Groceries,5,1811.38,2025-02-06,Cancelled
7100,2267,Sara,Electronics,3,1684.77,2025-09-25,Cancelled
7101,2236,Kiran,Clothing,9,1664.26,2025-02-17,Pending
7102,2516,Hina,Clothing,2,1614.61,2025-06-01,Pending
7103,1299,Ahmed,Books,1,432.17,2026-03-12,Cancelled
7104,1447,Ali,Home,8,1639.35,2025-12-13,Pending
7105,2500,Maham,Books,1,564.18,2025-07-12,Completed
7106,1221,Kiran,Electronics,5,1657.75,2026-04-01,Pending
7107,2277,Bilal,Books,8,447.34,2026-02-19,Cancelled
7108,2879,Bilal,Electronics,10,481.24,2025-03-02,Completed
7109,1306,Maham,Clothing,1,1276.46,2025-04-07,Returned
7110,1992,Hina,Toys,10,905.51,2025-08-18,Returned
7111,1539,Hamza,Clothing,9,1823.06,2025-12-19,Pending
7112,2517,Ahmed,Electronics,9,1988.27,2025-09-28,Pending
7113,1635,Sara,Groceries,2,1195.24,2025-10-10,Completed
7114,2446,Danish,Groceries,8,779.52,2025-10-20,Cancelled
7115,2435,Hamza,Books,6,1330.4,2025-04-22,Pending
7116,2893,Hamza,Sports,6,1377.29,2026-02-08,Pending
7117,2761,Bilal,Books,10,515.55,2026-01-30,Pending
7118,2107,Hina,Groceries,5,1354.69,2025-11-04,Returned
7119,2948,Bilal,Toys,2,779.99,2026-03-27,Pending
7120,1344,Fatima,Home,3,100.61,2026-03-07,Completed
7121,2210,Sana,Clothing,1,191.88,2026-04-08,Pending
7122,1936,Fatima,Home,8,109.56,2026-03-02,Pending
7123,2280,Hamza,Electronics,3,331.52,2025-05-26,Cancelled
7124,2559,Zain,Groceries,9,481.51,2025-05-14,Pending
7125,2570,Ahmed,Toys,7,82.69,2026-01-27,Completed
7126,2515,Kiran,Home,6,1984.91,2025-12-23,Returned
7127,1136,Bilal,Home,4,1362.86,2025-09-30,Pending
7128,2616,Noor,Beauty,3,1174.08,2025-10-07,Pending
7129,1252,Hamza,Sports,9,930.47,2025-08-08,Pending
7130,1951,Zain,Beauty,8,1233.87,2026-01-25,Cancelled
7131,1995,Fatima,Electronics,5,775.99,2026-04-06,Completed
7132,2143,Taha,Sports,1,448.43,2025-12-22,Pending
7133,2038,Bilal,Clothing,9,1100.83,2025-03-17,Cancelled
7134,2162,Danish,Home,2,1671.69,2026-02-27,Completed
7135,2252,Usman,Beauty,9,474.66,2026-01-07,Completed
7136,1154,Bilal,Clothing,3,808.44,2026-02-09,Pending
7137,2582,Sana,Clothing,6,1651.83,2025-03-17,Cancelled
7138,1691,Ayesha,Home,4,854.1,2025-06-21,Completed
7139,2830,Sara,Toys,2,926.08,2026-04-25,Cancelled
7140,1610,Ahmed,Home,8,1927.16,2025-01-14,Cancelled
7141,1963,Fatima,Sports,9,769.02,2025-07-27,Cancelled
7142,2161,Usman,Electronics,7,787.46,2025-12-14,Pending
7143,2723,Zain,Clothing,5,1984.43,2026-03-26,Completed
7144,2707,Hina,Electronics,4,1309.84,2025-09-18,Completed
7145,2074,Kiran,Beauty,2,1219.12,2025-04-22,Returned
7146,1983,Hassan,Books,9,1212.09,2025-08-21,Pending
7147,2290,Ayesha,Toys,7,560.58,2026-03-07,Pending
7148,2197,Fatima,Groceries,9,558.46,2025-04-25,Cancelled
7149,2484,Danish,Beauty,1,1380.58,2025-03-14,Returned
7150,2884,Kiran,Home,4,826.12,2025-10-30,Returned
7151,1329,Sara,Groceries,4,1302.32,2025-12-13,Cancelled
7152,1876,Iqra,Groceries,4,220.26,2025-05-15,Returned
7153,1242,Ayesha,Books,10,675.5,2026-01-28,Returned
7154,1840,Usman,Toys,8,610.76,2025-11-01,Cancelled
7155,2088,Omar,Toys,5,577.68,2026-02-22,Pending
7156,2109,Fatima,Beauty,6,1977.2,2025-05-10,Returned
7157,2714,Fatima,Home,2,1019.26,2025-11-20,Pending
7158,1191,Ali,Groceries,4,951.08,2025-09-22,Completed
7159,1866,Hina,Sports,9,86.47,2025-05-21,Returned
7160,1256,Usman,Toys,1,625.13,2026-02-19,Pending
7161,1288,Danish,Beauty,2,870.73,2025-05-27,Returned
7162,1422,Danish,Toys,9,279.05,2026-01-10,Returned
7163,2659,Sana,Clothing,10,503.4,2025-08-03,Cancelled
7164,1919,Usman,Clothing,3,1965.9,2025-03-25,Returned
7165,2569,Hina,Home,9,932.4,2025-10-30,Cancelled
7166,2555,Noor,Sports,10,923.35,2025-04-14,Completed
7167,2924,Sara,Beauty,6,1336.66,2025-01-31,Pending
7168,1975,Ahmed,Home,5,1541.81,2025-01-28,Returned
7169,1232,Sana,Clothing,10,820.33,2025-10-14,Completed
7170,2826,Iqra,Electronics,3,937.12,2025-08-26,Pending
7171,1426,Taha,Books,7,692.69,2026-04-01,Returned
7172,1628,Noor,Electronics,6,615.37,2025-07-21,Pending
7173,1709,Sana,Toys,9,148.87,2026-04-26,Cancelled
7174,2967,Maham,Electronics,2,486.46,2025-12-28,Pending
7175,2424,Noor,Books,10,141.78,2025-01-14,Pending
7176,2675,Kiran,Sports,4,257.19,2025-12-16,Completed
7177,2778,Ayesha,Toys,5,1857.18,2025-10-30,Cancelled
7178,2242,Hina,Home,6,219.11,2026-02-01,Completed
7179,2887,Hina,Electronics,10,58.85,2025-02-25,Completed
7180,2144,Bilal,Home,9,928.42,2026-01-21,Returned
7181,2141,Sana,Sports,8,1684.34,2025-07-15,Completed
7182,1178,Sana,Electronics,8,352.85,2025-11-02,Returned
7183,2872,Ayesha,Electronics,2,384.33,2025-04-17,Completed
7184,2593,Hamza,Groceries,7,1815.61,2025-12-16,Cancelled
7185,1104,Sana,Books,1,1603.75,2026-03-09,Pending
7186,2545,Danish,Beauty,5,747.21,2025-04-28,Completed
7187,2272,Laiba,Sports,9,1560.66,2026-04-11,Pending
7188,1167,Sara,Books,1,1925.09,2025-03-21,Returned
7189,2605,Sara,Clothing,10,626.17,2025-03-13,Completed
7190,1278,Noor,Sports,2,1313.97,2026-03-03,Completed
7191,2589,Hina,Toys,6,1655.4,2025-07-26,Pending
7192,2615,Ahmed,Toys,2,1972.72,2025-05-08,Pending
7193,1470,Danish,Electronics,9,1792.29,2025-02-07,Cancelled
7194,1815,Iqra,Books,9,1658.43,2026-01-22,Cancelled
7195,2464,Kiran,Home,5,134.51,2025-10-17,Completed
7196,1557,Hamza,Toys,8,1934.8,2026-04-20,Cancelled
7197,1459,Kiran,Sports,3,1020.99,2026-02-22,Completed
7198,2762,Maham,Home,5,1831.85,2025-03-02,Returned
7199,2474,Laiba,Beauty,8,1917.37,2025-07-11,Returned
7200,2401,Noor,Electronics,3,1297.45,2026-03-14,Completed
7201,2165,Danish,Toys,1,531.16,2026-03-20,Cancelled
7202,1216,Fatima,Books,6,1814.21,2025-03-19,Cancelled
7203,1999,Danish,Home,5,373.41,2025-06-17,Pending
7204,2709,Fatima,Groceries,2,1261.83,2025-01-27,Cancelled
7205,2175,Fatima,Sports,2,1034.29,2025-03-29,Pending
7206,2670,Ahmed,Books,8,641.66,2025-10-22,Cancelled
7207,1128,Zain,Groceries,8,1377.12,2026-02-18,Completed
7208,2381,Danish,Home,5,585.0,2025-10-01,Completed
7209,2587,Ahmed,Toys,7,786.56,2025-07-30,Completed
7210,2030,Danish,Toys,9,1232.64,2026-03-30,Returned
7211,2168,Laiba,Clothing,1,247.13,2026-03-12,Pending
7212,1252,Iqra,Beauty,5,288.29,2025-02-20,Returned
7213,1746,Fatima,Home,5,1786.8,2025-01-12,Cancelled
7214,2266,Danish,Books,4,1167.69,2025-09-01,Cancelled
7215,2498,Zain,Electronics,6,1358.31,2025-12-30,Returned
7216,2464,Hassan,Books,4,1440.45,2025-03-16,Completed
7217,2366,Zain,Toys,3,1040.8,2025-08-26,Completed
7218,1596,Omar,Sports,8,555.28,2025-03-19,Cancelled
7219,1490,Omar,Beauty,4,845.83,2025-07-09,Completed
7220,2482,Maham,Books,6,1618.55,2025-10-12,Pending
7221,2349,Hassan,Books,9,603.36,2025-10-11,Completed
7222,2495,Hina,Books,10,332.69,2025-12-09,Completed
7223,2581,Bilal,Beauty,10,1581.32,2025-08-08,Returned
7224,1011,Sara,Beauty,4,529.7,2025-12-07,Completed
7225,2685,Iqra,Sports,3,494.34,2025-12-29,Pending
7226,1503,Danish,Beauty,5,1240.69,2025-12-31,Pending
7227,1877,Maham,Electronics,6,540.1,2025-12-03,Pending
7228,1551,Ayesha,Home,3,337.54,2026-02-23,Completed
7229,2898,Ali,Beauty,6,992.85,2025-01-11,Returned
7230,2911,Usman,Clothing,4,632.05,2026-01-18,Completed
7231,2791,Ali,Beauty,1,1607.64,2025-06-16,Completed
7232,2365,Usman,Books,10,382.91,2026-02-25,Cancelled
7233,2422,Bilal,Beauty,2,1425.63,2025-08-13,Pending
7234,2794,Taha,Electronics,3,802.15,2025-09-05,Cancelled
7235,1371,Hassan,Home,9,823.6,2025-10-31,Cancelled
7236,2650,Usman,Toys,1,922.36,2025-09-19,Completed
7237,1122,Sara,Books,3,684.5,2025-01-21,Cancelled
7238,1775,Hamza,Groceries,7,269.06,2026-01-23,Completed
7239,1014,Noor,Electronics,9,1077.49,2026-03-31,Pending
7240,2205,Hassan,Beauty,2,103.68,2025-09-19,Pending
7241,1354,Iqra,Sports,1,1603.28,2025-06-01,Pending
7242,2244,Noor,Beauty,4,1312.94,2025-12-18,Returned
7243,1368,Ayesha,Sports,4,180.93,2025-10-22,Pending
7244,1605,Maham,Groceries,2,116.66,2026-04-07,Returned
7245,2957,Hina,Clothing,4,951.56,2026-02-11,Cancelled
7246,1033,Ayesha,Sports,3,278.54,2025-08-01,Completed
7247,1530,Zain,Beauty,4,535.44,2025-08-24,Pending
7248,2913,Hassan,Toys,4,1652.25,2025-07-28,Completed
7249,1443,Zain,Books,3,1920.91,2026-03-09,Cancelled
7250,2931,Sara,Groceries,4,174.39,2026-04-12,Returned
7251,1206,Omar,Groceries,10,347.43,2025-02-20,Completed
7252,1234,Iqra,Books,8,1267.32,2026-04-06,Completed
7253,2441,Zain,Home,3,1134.59,2025-05-19,Cancelled
7254,1691,Danish,Electronics,7,1866.78,2026-03-28,Pending
7255,2841,Hassan,Sports,1,1889.14,2025-10-13,Cancelled
7256,2266,Omar,Toys,3,1938.5,2025-04-19,Pending
7257,2960,Laiba,Books,3,1449.67,2025-10-04,Pending
7258,1272,Noor,Groceries,8,1780.39,2025-02-12,Returned
7259,1793,Danish,Electronics,4,1690.79,2026-03-13,Cancelled
7260,2691,Ayesha,Toys,10,240.32,2025-05-20,Cancelled
7261,1488,Iqra,Clothing,5,1702.77,2026-04-26,Cancelled
7262,1135,Noor,Home,4,1398.54,2025-11-02,Completed
7263,1168,Hamza,Sports,8,411.52,2026-01-26,Returned
7264,1888,Ayesha,Home,3,153.42,2025-01-15,Cancelled
7265,1829,Zain,Groceries,9,494.57,2026-04-04,Pending
7266,1084,Hassan,Clothing,5,1931.05,2025-02-05,Pending
7267,1935,Sana,Sports,2,1441.51,2025-05-22,Pending
7268,2792,Usman,Electronics,2,1821.94,2025-07-06,Completed
7269,2578,Bilal,Groceries,8,1889.89,2026-04-03,Pending
7270,1461,Sana,Groceries,3,1688.24,2025-10-05,Pending
7271,2958,Kiran,Books,8,920.9,2025-03-25,Returned
7272,2130,Ali,Groceries,9,648.23,2025-06-14,Returned
7273,2010,Noor,Clothing,6,1418.51,2025-07-22,Cancelled
7274,2140,Maham,Beauty,3,772.43,2026-04-11,Completed
7275,2116,Bilal,Beauty,6,392.38,2025-05-27,Pending
7276,2491,Ali,Books,7,1317.24,2025-11-19,Cancelled
7277,1145,Hamza,Beauty,5,314.36,2026-02-22,Pending
7278,2506,Sana,Home,7,331.62,2025-11-10,Cancelled
7279,2368,Danish,Books,4,1013.51,2025-05-11,Pending
7280,1009,Ayesha,Electronics,6,807.02,2026-02-22,Cancelled
7281,2289,Iqra,Toys,4,882.69,2025-05-25,Returned
7282,1595,Sara,Electronics,3,1318.87,2025-02-23,Cancelled
7283,1598,Noor,Clothing,2,826.56,2026-01-27,Completed
7284,2754,Danish,Electronics,2,1648.59,2025-07-28,Cancelled
7285,1348,Maham,Clothing,5,730.81,2025-08-09,Cancelled
7286,1287,Ayesha,Clothing,1,739.43,2025-05-18,Pending
7287,1536,Usman,Toys,6,1158.04,2025-10-09,Cancelled
7288,1347,Zain,Clothing,9,1136.96,2026-04-17,Returned
7289,2302,Ali,Home,4,1679.83,2025-04-26,Completed
7290,2245,Zain,Groceries,1,761.6,2025-02-04,Cancelled
7291,1710,Sana,Groceries,10,304.59,2025-01-10,Cancelled
7292,2696,Sara,Toys,3,1224.9,2025-03-14,Completed
7293,1407,Fatima,Beauty,6,537.25,2025-06-06,Completed
7294,2023,Maham,Groceries,10,1331.66,2025-06-09,Pending
7295,1074,Usman,Groceries,10,1581.76,2025-10-25,Pending
7296,2890,Maham,Books,1,1063.47,2025-01-18,Completed
7297,2898,Kiran,Clothing,6,1820.38,2026-01-13,Completed
7298,2021,Omar,Sports,3,726.7,2025-02-13,Cancelled
7299,1420,Hamza,Toys,4,1521.89,2025-08-16,Pending
7300,2779,Sara,Beauty,7,320.95,2026-03-08,Cancelled
7301,1211,Hassan,Toys,6,1752.52,2026-03-27,Cancelled
7302,2858,Omar,Books,4,1996.06,2025-02-14,Pending
7303,1560,Ayesha,Groceries,9,102.57,2026-01-14,Cancelled
7304,1498,Usman,Toys,9,235.82,2025-08-15,Returned
7305,1460,Omar,Beauty,8,260.19,2026-03-01,Pending
7306,1168,Iqra,Beauty,7,742.31,2026-04-27,Returned
7307,1466,Usman,Beauty,8,297.16,2025-09-12,Completed
7308,2463,Maham,Clothing,8,728.61,2025-07-03,Cancelled
7309,2774,Fatima,Electronics,10,1209.21,2026-03-15,Returned
7310,1201,Taha,Clothing,2,1219.32,2025-01-29,Pending
7311,1849,Laiba,Sports,8,754.1,2026-03-26,Returned
7312,2646,Noor,Sports,8,1955.36,2025-07-31,Completed
7313,2095,Fatima,Beauty,2,1562.04,2025-01-28,Pending
7314,2282,Iqra,Electronics,1,861.26,2025-12-21,Returned
7315,2626,Laiba,Toys,9,934.94,2025-01-23,Completed
7316,2791,Taha,Sports,10,930.62,2025-03-11,Returned
7317,2607,Kiran,Electronics,7,1676.32,2025-03-21,Completed
7318,2734,Fatima,Toys,8,925.14,2026-01-20,Cancelled
7319,1727,Ahmed,Toys,6,689.03,2026-03-11,Cancelled
7320,1135,Bilal,Sports,7,375.79,2026-01-23,Completed
7321,2543,Sara,Electronics,9,1409.45,2025-11-17,Returned
7322,1146,Taha,Beauty,6,1362.79,2025-01-10,Cancelled
7323,1096,Maham,Beauty,2,1615.13,2026-01-19,Pending
7324,1835,Omar,Beauty,5,1410.48,2025-09-12,Completed
7325,2671,Laiba,Toys,5,601.28,2025-04-18,Cancelled
7326,2073,Kiran,Home,1,1065.23,2026-02-18,Completed
7327,1074,Iqra,Home,8,1297.92,2025-05-19,Cancelled
7328,1705,Kiran,Books,5,81.91,2025-10-12,Pending
7329,2132,Hina,Beauty,9,1498.71,2025-12-31,Pending
7330,1975,Ayesha,Books,6,218.05,2025-11-02,Cancelled
7331,1094,Sana,Toys,4,1369.87,2026-04-08,Returned
7332,1052,Hamza,Home,2,1868.6,2025-02-11,Returned
7333,1682,Sara,Home,2,988.22,2025-10-12,Cancelled
7334,2660,Maham,Books,9,598.55,2025-12-27,Cancelled
7335,1612,Ahmed,Toys,6,770.63,2025-07-18,Completed
7336,2662,Bilal,Beauty,8,167.25,2026-01-31,Returned
7337,1886,Sara,Clothing,7,1010.54,2025-03-16,Pending
7338,2230,Hina,Beauty,7,1604.67,2025-06-06,Completed
7339,1044,Ahmed,Clothing,8,1267.92,2025-02-22,Returned
7340,2763,Bilal,Toys,5,1610.98,2026-02-18,Pending
7341,3000,Fatima,Electronics,2,734.82,2026-02-08,Returned
7342,1775,Usman,Beauty,5,985.92,2025-06-21,Pending
7343,2128,Noor,Sports,2,833.3,2025-02-08,Pending
7344,2861,Ali,Groceries,4,61.45,2025-03-20,Completed
7345,1841,Ahmed,Home,2,1613.41,2025-07-06,Cancelled
7346,2790,Danish,Toys,10,859.87,2025-07-05,Pending
7347,2554,Taha,Toys,3,73.84,2026-04-21,Completed
7348,1376,Noor,Beauty,5,673.91,2025-07-22,Cancelled
7349,2890,Taha,Books,5,1833.58,2025-09-12,Completed
7350,1117,Sana,Groceries,4,1548.7,2026-01-03,Pending
7351,2967,Hamza,Beauty,4,1742.69,2025-06-22,Cancelled
7352,1837,Sana,Groceries,2,665.37,2025-01-04,Completed
7353,2710,Danish,Home,3,170.29,2026-04-13,Cancelled
7354,2191,Omar,Beauty,9,1078.23,2026-01-20,Completed
7355,2305,Ali,Beauty,9,489.89,2025-05-17,Returned
7356,1519,Usman,Home,1,1695.07,2025-11-24,Pending
7357,2916,Hamza,Beauty,5,1243.55,2025-08-02,Cancelled
7358,2920,Sana,Toys,3,1144.86,2025-12-25,Returned
7359,1940,Fatima,Groceries,5,570.14,2025-07-04,Cancelled
7360,2271,Sara,Toys,3,1327.29,2025-12-06,Completed
7361,2370,Zain,Sports,10,334.55,2026-01-01,Pending
7362,2474,Ali,Sports,6,1073.98,2026-04-12,Pending
7363,1483,Ahmed,Toys,6,633.95,2026-02-24,Returned
7364,1847,Fatima,Groceries,4,614.79,2025-08-23,Completed
7365,1444,Hina,Books,2,243.49,2025-08-16,Completed
7366,2196,Bilal,Home,4,1313.99,2025-09-07,Returned
7367,2979,Kiran,Electronics,1,1167.69,2025-10-24,Completed
7368,2078,Hassan,Electronics,4,740.51,2025-05-04,Pending
7369,2508,Ali,Groceries,6,1719.9,2025-11-14,Completed
7370,1740,Zain,Sports,7,1437.28,2025-08-16,Completed
7371,2764,Taha,Toys,4,1429.39,2025-08-29,Completed
7372,2315,Sana,Home,7,1076.5,2025-06-27,Pending
7373,1278,Noor,Electronics,4,1812.2,2025-06-30,Completed
7374,1204,Usman,Electronics,8,1207.11,2025-08-04,Returned
7375,2444,Sara,Clothing,3,987.99,2025-07-11,Completed
7376,2390,Laiba,Toys,3,1774.06,2026-03-21,Pending
7377,1009,Maham,Sports,2,240.54,2025-10-01,Completed
7378,1767,Iqra,Beauty,8,509.55,2025-09-08,Completed
7379,2620,Noor,Electronics,9,248.89,2025-04-15,Completed
7380,2998,Noor,Sports,2,1051.48,2025-07-08,Pending
7381,1790,Taha,Home,7,916.64,2026-02-06,Cancelled
7382,1836,Maham,Toys,5,371.15,2025-08-30,Returned
7383,1970,Ahmed,Books,9,902.03,2025-09-11,Returned
7384,1633,Bilal,Books,6,1821.71,2025-06-26,Returned
7385,1081,Hamza,Books,9,526.33,2025-11-22,Cancelled
7386,2689,Laiba,Groceries,1,503.74,2026-02-25,Completed
7387,1971,Sara,Sports,6,921.56,2025-08-24,Cancelled
7388,1838,Ahmed,Books,1,1080.47,2025-12-06,Returned
7389,1600,Omar,Groceries,9,493.26,2025-07-21,Cancelled
7390,2659,Laiba,Beauty,8,1398.0,2025-11-08,Returned
7391,1446,Noor,Home,9,1127.15,2025-09-18,Completed
7392,2567,Usman,Clothing,4,1505.76,2025-12-02,Cancelled
7393,2311,Maham,Groceries,3,546.96,2025-11-24,Pending
7394,2520,Hamza,Clothing,2,1973.94,2025-09-18,Cancelled
7395,1571,Laiba,Electronics,3,635.85,2025-12-02,Returned
7396,1750,Sana,Beauty,9,410.18,2026-03-25,Completed
7397,1521,Ahmed,Electronics,1,1852.34,2025-01-09,Completed
7398,1175,Bilal,Sports,7,76.65,2025-07-30,Pending
7399,2994,Iqra,Groceries,7,1890.92,2026-03-05,Completed
7400,2135,Danish,Clothing,1,1187.11,2026-01-14,Completed
7401,2472,Ali,Beauty,2,563.94,2026-04-08,Returned
7402,1941,Bilal,Toys,1,1029.85,2026-03-20,Pending
7403,1601,Laiba,Groceries,8,1797.31,2025-11-16,Pending
7404,2214,Sara,Beauty,9,430.24,2025-10-07,Pending
7405,2368,Maham,Sports,6,1852.29,2026-04-24,Pending
7406,2064,Sana,Clothing,10,952.56,2025-04-20,Completed
7407,2629,Kiran,Toys,10,709.81,2025-05-07,Cancelled
7408,1208,Iqra,Toys,10,640.45,2026-02-23,Completed
7409,1296,Zain,Toys,10,1930.28,2025-10-20,Completed
7410,1888,Ali,Toys,9,845.98,2026-01-31,Pending
7411,1545,Omar,Clothing,9,1024.44,2026-01-01,Returned
7412,1071,Ali,Clothing,8,1239.49,2026-01-29,Completed
7413,2084,Sara,Books,3,868.98,2025-03-11,Pending
7414,1955,Hina,Electronics,8,1033.31,2026-02-12,Cancelled
7415,1417,Hina,Home,9,979.76,2025-08-31,Pending
7416,1248,Hamza,Home,5,455.9,2026-02-15,Completed
7417,2868,Ahmed,Groceries,3,274.79,2025-02-16,Returned
7418,1638,Noor,Electronics,3,432.81,2025-11-28,Pending
7419,2858,Usman,Electronics,10,468.48,2026-01-22,Completed
7420,2976,Omar,Books,7,186.42,2026-03-08,Completed
7421,1778,Zain,Home,2,820.22,2025-07-26,Cancelled
7422,1483,Hina,Beauty,4,174.68,2026-01-21,Cancelled
7423,2099,Bilal,Toys,8,1097.5,2025-09-02,Cancelled
7424,2830,Hassan,Beauty,2,1541.91,2025-07-23,Returned
7425,2696,Bilal,Beauty,2,838.97,2025-02-15,Returned
7426,2344,Hassan,Groceries,5,351.7,2026-03-22,Returned
7427,2684,Zain,Toys,4,635.9,2025-06-26,Completed
7428,1860,Zain,Clothing,8,1923.82,2025-10-26,Cancelled
7429,1986,Sana,Beauty,7,58.24,2025-06-08,Returned
7430,1484,Taha,Beauty,10,1747.85,2025-07-09,Cancelled
7431,2477,Taha,Electronics,5,1106.58,2025-06-25,Completed
7432,1161,Iqra,Electronics,5,340.23,2025-07-07,Completed
7433,2474,Zain,Beauty,7,1365.53,2025-09-23,Pending
7434,1011,Noor,Toys,1,1802.97,2025-07-22,Completed
7435,2204,Usman,Books,5,1117.13,2025-08-14,Returned
7436,2810,Danish,Sports,8,1202.49,2025-05-26,Cancelled
7437,1057,Maham,Electronics,9,1167.95,2025-03-17,Completed
7438,2186,Maham,Home,5,602.75,2025-07-23,Pending
7439,2050,Hina,Sports,6,1536.67,2025-11-08,Pending
7440,1966,Ahmed,Beauty,2,1210.63,2025-02-03,Returned
7441,1886,Danish,Beauty,7,738.52,2025-05-14,Cancelled
7442,1917,Iqra,Toys,3,1707.52,2025-03-31,Cancelled
7443,2837,Fatima,Home,2,1292.41,2025-05-01,Completed
7444,2914,Sana,Sports,1,279.25,2025-09-11,Pending
7445,1137,Omar,Beauty,2,789.3,2025-01-22,Cancelled
7446,1043,Bilal,Beauty,6,988.62,2026-01-17,Cancelled
7447,1898,Hassan,Beauty,6,1134.62,2026-03-03,Returned
7448,1991,Taha,Sports,3,1281.48,2025-02-02,Returned
7449,2501,Sara,Electronics,4,1796.29,2025-12-07,Completed
7450,1255,Ahmed,Sports,9,62.49,2025-02-13,Returned
7451,2642,Sara,Groceries,3,695.88,2025-02-18,Returned
7452,1767,Usman,Clothing,2,1418.09,2025-12-06,Completed
7453,1433,Hassan,Books,3,995.27,2025-11-13,Cancelled
7454,1900,Usman,Books,4,602.55,2025-10-10,Cancelled
7455,2384,Kiran,Sports,1,1511.93,2025-08-30,Completed
7456,2786,Usman,Home,4,1511.74,2026-01-05,Completed
7457,1428,Bilal,Home,10,1222.55,2026-02-03,Returned
7458,2306,Iqra,Beauty,3,716.3,2025-09-15,Completed
7459,1815,Taha,Books,5,1014.13,2025-02-10,Completed
7460,1164,Usman,Sports,1,602.61,2026-02-25,Returned
7461,1841,Sara,Toys,9,231.56,2025-05-08,Completed
7462,1590,Hamza,Home,5,1913.33,2025-08-26,Pending
7463,2159,Usman,Electronics,10,1309.38,2025-12-24,Completed
7464,1840,Taha,Electronics,4,713.05,2025-12-12,Completed
7465,1591,Zain,Home,8,729.22,2025-09-08,Completed
7466,1860,Danish,Toys,7,1745.8,2026-01-01,Cancelled
7467,1859,Noor,Toys,9,846.09,2025-05-06,Pending
7468,2270,Laiba,Home,7,451.61,2025-12-12,Pending
7469,1139,Bilal,Electronics,7,807.76,2026-01-08,Cancelled
7470,1706,Taha,Beauty,2,252.84,2026-04-02,Returned
7471,2243,Omar,Electronics,2,1309.72,2025-03-30,Cancelled
7472,1408,Ayesha,Sports,8,356.34,2026-03-08,Cancelled
7473,1429,Zain,Toys,8,1180.66,2026-04-09,Cancelled
7474,2456,Ali,Home,8,1182.03,2025-12-23,Cancelled
7475,1579,Usman,Sports,7,1814.49,2026-01-29,Pending
7476,2440,Ahmed,Beauty,4,1846.63,2025-03-19,Returned
7477,1210,Sana,Home,2,564.92,2025-05-23,Cancelled
7478,1992,Hina,Toys,5,1887.92,2025-03-12,Completed
7479,2506,Omar,Beauty,7,1839.32,2026-02-01,Cancelled
7480,2987,Sana,Electronics,6,876.18,2025-02-18,Pending
7481,1040,Maham,Clothing,7,1243.83,2025-10-01,Returned
7482,2401,Ayesha,Books,7,1637.75,2025-01-22,Pending
7483,1094,Omar,Beauty,3,1921.26,2026-04-09,Cancelled
7484,2099,Omar,Toys,5,1216.35,2025-08-29,Cancelled
7485,2969,Hamza,Sports,1,138.5,2025-07-30,Returned
7486,1995,Ali,Beauty,7,1775.3,2026-03-03,Cancelled
7487,1655,Hamza,Electronics,6,1049.52,2025-01-18,Pending
7488,1009,Hina,Groceries,7,1433.82,2026-03-26,Pending
7489,2866,Omar,Sports,10,1624.48,2025-06-18,Returned
7490,1124,Kiran,Home,1,1397.23,2025-05-25,Returned
7491,2568,Taha,Electronics,9,504.26,2026-02-15,Cancelled
7492,2793,Laiba,Books,6,553.72,2025-06-17,Completed
7493,1723,Sara,Groceries,6,1764.88,2025-06-04,Completed
7494,2447,Kiran,Toys,6,419.46,2025-09-25,Cancelled
7495,2119,Zain,Electronics,4,217.0,2026-02-28,Cancelled
7496,2099,Bilal,Electronics,7,848.84,2026-02-03,Returned
7497,2646,Ayesha,Books,3,1635.08,2026-03-04,Returned
7498,2170,Taha,Sports,8,950.86,2025-12-31,Cancelled
7499,1272,Usman,Clothing,8,373.17,2025-10-26,Returned
7500,2560,Hassan,Electronics,9,503.03,2026-03-25,Completed
7501,1427,Ali,Home,9,468.27,2025-10-07,Completed
7502,2841,Iqra,Electronics,4,1926.06,2026-01-24,Pending
7503,1985,Taha,Home,2,1447.43,2025-02-21,Completed
7504,1055,Ahmed,Clothing,5,672.25,2025-12-16,Completed
7505,2599,Bilal,Sports,10,1489.53,2025-09-10,Pending
7506,2055,Hina,Electronics,6,1827.79,2025-06-07,Completed
7507,1986,Maham,Books,4,1694.98,2025-03-24,Completed
7508,1614,Ali,Sports,5,261.42,2026-01-19,Pending
7509,1550,Danish,Electronics,4,214.09,2026-01-25,Cancelled
7510,1136,Laiba,Groceries,4,782.71,2025-03-13,Returned
7511,2411,Noor,Clothing,8,596.69,2026-01-31,Returned
7512,1776,Danish,Home,2,1113.83,2026-04-02,Pending
7513,2722,Kiran,Clothing,4,155.99,2026-02-09,Cancelled
7514,2215,Ahmed,Beauty,6,347.62,2025-02-13,Pending
7515,1811,Hina,Home,5,1850.44,2025-10-13,Returned
7516,1999,Maham,Home,1,222.99,2025-07-23,Pending
7517,2510,Ali,Home,10,782.39,2025-08-03,Cancelled
7518,1092,Ayesha,Electronics,4,842.88,2025-09-21,Completed
7519,1663,Ahmed,Electronics,9,239.02,2025-07-28,Returned
7520,2033,Zain,Sports,6,1699.27,2026-03-20,Pending
7521,1802,Bilal,Beauty,2,1745.65,2025-02-14,Completed
7522,2311,Sara,Sports,9,748.42,2025-01-06,Cancelled
7523,1187,Bilal,Books,9,1301.7,2025-03-13,Completed
7524,1438,Hina,Home,5,231.12,2025-11-19,Completed
7525,2574,Hina,Beauty,3,1524.66,2026-01-28,Returned
7526,1931,Usman,Toys,8,1569.48,2025-07-01,Cancelled
7527,1409,Fatima,Toys,4,1789.72,2026-04-14,Cancelled
7528,1937,Laiba,Electronics,10,1420.61,2025-02-23,Returned
7529,2604,Usman,Clothing,10,811.73,2025-06-21,Completed
7530,1452,Zain,Toys,9,1019.83,2026-01-29,Returned
7531,2956,Iqra,Electronics,4,382.09,2025-11-06,Cancelled
7532,1415,Zain,Home,7,105.29,2025-10-10,Completed
7533,2509,Ayesha,Electronics,7,529.06,2025-11-27,Completed
7534,1317,Omar,Sports,4,986.92,2025-03-01,Cancelled
7535,1895,Noor,Clothing,2,1136.14,2026-02-08,Returned
7536,2199,Iqra,Books,3,1686.36,2026-02-13,Pending
7537,1231,Noor,Clothing,1,518.85,2025-04-24,Pending
7538,2602,Laiba,Home,2,1867.42,2026-01-20,Completed
7539,1781,Usman,Books,5,1067.95,2025-06-13,Pending
7540,1901,Sana,Groceries,4,91.78,2025-12-16,Cancelled
7541,1178,Maham,Groceries,7,1805.84,2025-08-30,Completed
7542,1464,Usman,Clothing,4,1195.54,2026-04-06,Returned
7543,2533,Ali,Clothing,1,1080.16,2025-10-16,Returned
7544,2673,Laiba,Books,5,1121.09,2025-08-24,Cancelled
7545,1968,Danish,Clothing,1,791.09,2025-03-30,Cancelled
7546,2047,Sara,Clothing,6,1704.71,2025-04-05,Cancelled
7547,2794,Hina,Beauty,4,805.4,2025-11-30,Returned
7548,1823,Hassan,Books,1,1954.31,2026-02-26,Completed
7549,2407,Omar,Electronics,1,213.11,2025-11-19,Pending
7550,2229,Taha,Home,7,1607.1,2026-02-17,Cancelled
7551,1012,Maham,Groceries,3,925.15,2025-07-08,Returned
7552,1720,Hina,Books,1,713.15,2026-02-22,Cancelled
7553,1298,Usman,Clothing,3,148.63,2025-09-01,Pending
7554,1405,Omar,Sports,8,557.77,2025-01-25,Pending
7555,2010,Omar,Groceries,5,522.97,2025-08-04,Pending
7556,2378,Zain,Groceries,10,919.85,2025-09-05,Returned
7557,2420,Usman,Home,3,909.97,2025-11-22,Cancelled
7558,2194,Laiba,Toys,5,997.96,2025-02-23,Completed
7559,2524,Iqra,Books,9,1197.57,2025-11-18,Returned
7560,1719,Fatima,Electronics,2,529.83,2025-07-29,Returned
7561,2015,Usman,Books,9,1052.65,2025-11-01,Returned
7562,2355,Taha,Books,5,1508.41,2025-02-06,Returned
7563,2124,Ahmed,Books,6,519.26,2025-05-16,Cancelled
7564,2684,Iqra,Sports,2,1409.38,2026-04-02,Pending
7565,1197,Noor,Toys,2,1334.77,2025-02-26,Pending
7566,2808,Hassan,Toys,8,973.45,2025-06-10,Completed
7567,1589,Taha,Groceries,4,1155.85,2026-04-30,Pending
7568,1639,Kiran,Clothing,4,1532.95,2025-08-22,Returned
7569,2509,Hina,Clothing,2,553.7,2026-04-13,Pending
7570,1606,Danish,Groceries,4,541.05,2025-04-22,Cancelled
7571,1345,Bilal,Books,7,160.29,2025-10-31,Pending
7572,2715,Maham,Beauty,8,231.37,2025-12-26,Cancelled
7573,2611,Sara,Clothing,8,1169.51,2025-03-28,Returned
7574,1096,Iqra,Toys,3,1365.71,2026-03-13,Returned
7575,1330,Zain,Beauty,5,175.37,2026-02-06,Completed
7576,2665,Ayesha,Electronics,8,1394.99,2026-03-15,Cancelled
7577,1006,Iqra,Beauty,10,269.37,2025-01-16,Cancelled
7578,2975,Sara,Toys,1,1747.63,2026-02-19,Completed
7579,2354,Ali,Toys,5,206.26,2025-12-18,Returned
7580,1097,Ayesha,Toys,7,1317.75,2025-09-21,Cancelled
7581,1747,Sana,Toys,4,1646.28,2025-08-07,Returned
7582,1873,Ahmed,Electronics,9,193.92,2025-12-02,Completed
7583,1425,Fatima,Clothing,3,152.66,2026-02-24,Returned
7584,1944,Hamza,Electronics,8,402.57,2025-01-30,Completed
7585,2473,Iqra,Beauty,2,1860.72,2026-03-08,Returned
7586,2627,Hassan,Sports,8,1527.83,2025-11-29,Returned
7587,1612,Ali,Toys,3,652.68,2026-02-04,Completed
7588,1396,Ali,Groceries,9,1359.78,2026-03-19,Cancelled
7589,2989,Omar,Home,10,1539.49,2025-09-25,Pending
7590,2858,Danish,Electronics,9,838.06,2025-06-14,Cancelled
7591,1349,Ayesha,Electronics,2,192.14,2025-06-17,Pending
7592,2588,Sana,Sports,4,1159.47,2025-05-12,Returned
7593,1729,Zain,Home,9,836.93,2025-03-18,Completed
7594,1188,Zain,Clothing,7,1959.35,2025-03-26,Cancelled
7595,1879,Hassan,Toys,8,1394.91,2025-01-06,Returned
7596,2212,Hina,Beauty,10,1693.3,2025-10-02,Pending
7597,2738,Ayesha,Groceries,2,1687.59,2025-07-12,Completed
7598,2239,Hassan,Beauty,7,1088.8,2025-02-15,Returned
7599,2209,Ali,Groceries,10,1243.29,2026-01-13,Pending
7600,2651,Fatima,Groceries,7,100.09,2025-01-05,Completed
7601,2073,Ali,Toys,6,736.71,2025-04-13,Completed
7602,2971,Fatima,Toys,8,1069.77,2025-10-13,Pending
7603,2398,Sara,Toys,4,588.4,2025-09-03,Pending
7604,1885,Danish,Sports,2,276.99,2025-07-26,Completed
7605,2581,Usman,Electronics,1,690.64,2025-11-21,Returned
7606,2892,Usman,Groceries,1,959.53,2025-06-28,Pending
7607,2549,Taha,Sports,9,1979.32,2025-10-20,Pending
7608,1639,Ahmed,Toys,5,1699.17,2025-08-18,Completed
7609,2557,Ali,Books,4,246.37,2026-03-13,Pending
7610,1996,Sana,Sports,7,607.74,2025-12-06,Returned
7611,2102,Danish,Groceries,9,223.62,2025-06-08,Completed
7612,2113,Sana,Sports,4,1269.49,2025-01-28,Completed
7613,1574,Ahmed,Groceries,2,1276.39,2026-02-17,Cancelled
7614,1285,Ali,Groceries,10,1692.43,2026-01-16,Completed
7615,2202,Laiba,Beauty,10,599.1,2026-03-21,Cancelled
7616,1026,Hassan,Sports,5,1585.02,2025-10-31,Cancelled
7617,2687,Sana,Home,1,1315.76,2025-02-16,Pending
7618,2206,Kiran,Home,1,1572.09,2025-03-17,Pending
7619,1640,Laiba,Electronics,3,72.68,2026-03-26,Completed
7620,2477,Noor,Toys,3,1870.74,2025-01-13,Returned
7621,1230,Hassan,Home,7,311.92,2025-01-12,Completed
7622,1574,Hina,Beauty,7,1921.02,2025-03-12,Completed
7623,1525,Fatima,Home,1,725.28,2026-02-22,Completed
7624,2241,Usman,Clothing,2,415.37,2025-03-21,Pending
7625,1667,Hassan,Books,6,1495.66,2025-06-23,Pending
7626,2464,Laiba,Groceries,1,432.85,2026-03-13,Completed
7627,2964,Ali,Home,9,574.13,2026-04-13,Cancelled
7628,2452,Kiran,Home,2,450.57,2026-02-18,Cancelled
7629,1302,Hassan,Books,10,1601.74,2025-05-08,Completed
7630,1711,Bilal,Beauty,7,1000.05,2025-01-16,Pending
7631,2490,Hina,Beauty,9,1845.86,2025-07-27,Returned
7632,2893,Zain,Groceries,9,159.6,2025-12-15,Pending
7633,1363,Laiba,Toys,5,1852.86,2025-03-10,Completed
7634,2203,Fatima,Clothing,4,990.68,2026-04-03,Returned
7635,2620,Iqra,Sports,2,846.46,2025-12-23,Returned
7636,1189,Sara,Beauty,5,1303.89,2025-09-30,Pending
7637,2609,Omar,Clothing,10,1764.55,2025-10-09,Completed
7638,2930,Danish,Toys,9,1313.88,2025-07-19,Cancelled
7639,1297,Sara,Books,7,1806.57,2026-01-19,Returned
7640,1426,Ayesha,Electronics,9,1720.67,2026-04-24,Returned
7641,1490,Iqra,Beauty,9,340.53,2025-01-16,Pending
7642,1672,Kiran,Beauty,3,571.57,2025-03-11,Cancelled
7643,2720,Hina,Electronics,3,192.77,2026-03-15,Returned
7644,1092,Maham,Electronics,9,804.17,2025-06-02,Returned
7645,1329,Zain,Groceries,9,235.27,2025-12-29,Returned
7646,1791,Hina,Toys,2,1082.44,2025-12-24,Completed
7647,1242,Taha,Books,7,1742.83,2025-07-19,Cancelled
7648,1414,Bilal,Clothing,1,1494.45,2025-07-29,Completed
7649,2759,Danish,Toys,2,1778.13,2025-06-20,Returned
7650,1199,Sara,Toys,8,589.99,2025-12-24,Pending
7651,2718,Ahmed,Sports,1,500.93,2025-10-04,Pending
7652,2649,Ayesha,Home,7,1090.63,2025-11-10,Returned
7653,2147,Noor,Home,9,269.4,2026-03-01,Pending
7654,1197,Ahmed,Beauty,5,507.26,2026-04-01,Returned
7655,1128,Hassan,Electronics,6,374.85,2025-04-25,Completed
7656,2287,Taha,Toys,6,1001.93,2026-01-30,Completed
7657,1404,Omar,Beauty,2,1431.91,2026-02-22,Pending
7658,2575,Taha,Sports,6,1940.84,2025-01-30,Completed
7659,2006,Ayesha,Toys,4,1244.12,2025-06-01,Completed
7660,2155,Ayesha,Books,2,1139.21,2025-01-07,Returned
7661,1538,Usman,Groceries,8,380.21,2025-04-27,Cancelled
7662,2034,Hassan,Books,2,1292.6,2025-07-19,Returned
7663,2383,Sana,Books,1,998.18,2025-10-18,Returned
7664,2812,Sana,Clothing,1,1457.08,2025-02-19,Completed
7665,1278,Iqra,Clothing,5,1365.2,2026-03-29,Completed
7666,1961,Hina,Toys,6,1304.9,2026-03-01,Completed
7667,2600,Ali,Toys,1,970.42,2025-06-14,Cancelled
7668,2312,Laiba,Sports,9,859.83,2026-03-24,Returned
7669,2983,Iqra,Sports,1,1480.52,2025-05-10,Completed
7670,2750,Sana,Books,9,659.02,2026-04-13,Pending
7671,2516,Fatima,Sports,5,1332.19,2025-02-20,Cancelled
7672,1676,Iqra,Books,4,1072.44,2025-04-28,Cancelled
7673,1750,Bilal,Home,1,1853.47,2025-10-05,Completed
7674,2153,Hamza,Clothing,2,767.78,2025-10-13,Returned
7675,1141,Laiba,Home,10,1580.88,2025-11-22,Cancelled
7676,2785,Kiran,Beauty,5,1329.64,2026-04-16,Pending
7677,1586,Hina,Sports,6,682.68,2026-03-04,Completed
7678,1080,Taha,Books,3,1618.34,2025-07-28,Cancelled
7679,2376,Kiran,Home,6,234.99,2025-04-15,Cancelled
7680,1807,Hamza,Clothing,6,1080.91,2025-08-11,Completed
7681,1405,Omar,Electronics,7,1656.34,2026-03-29,Cancelled
7682,2169,Maham,Toys,3,813.11,2026-04-16,Pending
7683,1853,Sara,Books,2,431.47,2025-05-06,Completed
7684,1474,Maham,Sports,4,1684.8,2025-01-08,Cancelled
7685,1482,Hamza,Books,4,648.99,2025-11-11,Returned
7686,1134,Maham,Sports,2,778.81,2025-03-16,Completed
7687,2323,Noor,Books,9,1793.69,2025-05-03,Returned
7688,1817,Ali,Toys,3,1234.27,2026-04-14,Cancelled
7689,1631,Sara,Home,10,510.5,2026-01-28,Cancelled
7690,2226,Omar,Electronics,10,568.84,2025-11-18,Cancelled
7691,1741,Danish,Clothing,6,1051.0,2025-12-09,Pending
7692,1109,Taha,Toys,3,326.84,2025-04-13,Returned
7693,2564,Fatima,Toys,4,651.23,2025-09-28,Cancelled
7694,2923,Usman,Toys,10,811.89,2025-08-25,Pending
7695,2532,Iqra,Electronics,2,1383.79,2025-01-16,Completed
7696,1952,Ayesha,Groceries,5,1170.5,2025-05-22,Cancelled
7697,1435,Hassan,Beauty,6,293.35,2025-04-30,Cancelled
7698,1862,Sana,Sports,8,340.81,2025-06-19,Cancelled
7699,1140,Hassan,Books,3,1937.24,2025-12-01,Completed
7700,2994,Taha,Home,6,730.46,2025-09-09,Completed
7701,1217,Iqra,Toys,4,1633.54,2025-05-29,Cancelled
7702,2460,Omar,Groceries,10,1914.07,2025-12-13,Cancelled
7703,2408,Iqra,Books,5,1873.91,2025-11-14,Cancelled
7704,2636,Iqra,Toys,8,1349.43,2025-12-26,Completed
7705,1500,Iqra,Home,3,1800.49,2025-09-18,Completed
7706,2121,Iqra,Books,6,740.12,2025-11-13,Pending
7707,1619,Laiba,Toys,5,1610.53,2026-04-01,Cancelled
7708,2143,Noor,Beauty,8,623.74,2025-05-22,Pending
7709,1818,Danish,Groceries,4,1396.5,2025-06-29,Cancelled
7710,1164,Fatima,Beauty,4,295.25,2025-11-28,Pending
7711,1480,Noor,Sports,8,1065.83,2025-09-19,Cancelled
7712,1914,Maham,Clothing,8,394.57,2026-03-14,Cancelled
7713,1887,Sara,Groceries,8,605.74,2025-04-07,Cancelled
7714,2019,Hina,Sports,1,1525.73,2025-03-14,Pending
7715,2650,Ayesha,Beauty,3,320.49,2026-04-21,Pending
7716,2185,Sara,Groceries,4,490.99,2026-03-18,Returned
7717,1051,Hassan,Sports,10,1337.88,2025-05-13,Returned
7718,1414,Kiran,Books,6,887.43,2026-04-18,Cancelled
7719,1132,Sana,Electronics,9,1634.7,2025-02-13,Pending
7720,2915,Zain,Clothing,8,1098.34,2025-06-19,Cancelled
7721,2956,Usman,Home,9,1258.64,2026-02-22,Returned
7722,1672,Iqra,Beauty,9,512.2,2026-03-22,Pending
7723,1725,Fatima,Home,4,987.39,2026-03-09,Cancelled
7724,2018,Ali,Electronics,1,591.06,2025-02-15,Completed
7725,1637,Sara,Beauty,7,591.9,2025-11-28,Cancelled
7726,1069,Hassan,Beauty,2,1060.41,2025-05-02,Completed
7727,2088,Hina,Groceries,6,1383.75,2025-05-11,Cancelled
7728,1472,Ali,Toys,10,1495.51,2025-01-25,Pending
7729,2269,Zain,Electronics,9,1846.62,2025-10-05,Cancelled
7730,2965,Omar,Electronics,9,77.93,2025-06-17,Cancelled
7731,1927,Ali,Beauty,7,139.1,2026-02-20,Pending
7732,1350,Iqra,Clothing,9,1475.79,2025-09-02,Pending
7733,1392,Omar,Electronics,1,1791.43,2025-07-18,Returned
7734,2330,Fatima,Groceries,10,1469.45,2025-05-06,Cancelled
7735,2869,Usman,Home,1,446.73,2026-03-16,Pending
7736,1422,Hina,Groceries,10,702.38,2025-08-08,Completed
7737,1610,Fatima,Home,3,1898.33,2025-08-18,Returned
7738,2608,Kiran,Clothing,4,1738.5,2026-03-22,Completed
7739,1645,Ali,Home,9,1468.67,2025-03-25,Completed
7740,1823,Bilal,Electronics,1,614.69,2026-04-19,Cancelled
7741,1237,Taha,Sports,8,305.09,2025-05-16,Returned
7742,2903,Maham,Electronics,4,898.97,2025-08-29,Completed
7743,2787,Taha,Sports,4,1489.94,2025-10-21,Completed
7744,1174,Kiran,Books,9,1326.15,2026-02-18,Cancelled
7745,1743,Kiran,Sports,2,1303.51,2025-04-12,Cancelled
7746,2200,Usman,Clothing,8,1338.4,2026-01-03,Pending
7747,2641,Omar,Home,8,1203.38,2025-04-28,Cancelled
7748,1119,Hamza,Electronics,8,1638.15,2026-03-03,Completed
7749,1583,Ali,Books,10,1073.93,2026-04-11,Returned
7750,1516,Sana,Toys,8,940.25,2025-11-04,Cancelled
7751,2672,Laiba,Beauty,5,165.81,2025-06-25,Cancelled
7752,1549,Omar,Home,5,1525.76,2025-07-05,Pending
7753,1837,Laiba,Toys,10,1926.03,2025-09-26,Returned
7754,2791,Iqra,Home,10,158.17,2025-05-24,Cancelled
7755,1002,Sana,Toys,8,1902.09,2025-11-24,Cancelled
7756,1380,Iqra,Clothing,6,559.66,2025-11-12,Cancelled
7757,1238,Fatima,Clothing,7,171.68,2025-05-20,Cancelled
7758,1225,Danish,Toys,2,1498.38,2025-12-09,Cancelled
7759,2849,Kiran,Beauty,6,879.0,2026-02-06,Cancelled
7760,1489,Bilal,Books,7,776.46,2026-04-25,Pending
7761,2611,Laiba,Home,7,1573.1,2025-12-26,Pending
7762,1212,Zain,Home,10,880.46,2026-01-11,Cancelled
7763,1540,Omar,Groceries,10,1919.58,2025-05-23,Returned
7764,2209,Laiba,Toys,2,1860.32,2025-07-25,Pending
7765,1365,Ayesha,Books,4,521.64,2025-05-29,Completed
7766,2865,Ayesha,Toys,10,359.48,2025-09-15,Cancelled
7767,2606,Ahmed,Home,8,69.82,2025-05-12,Returned
7768,1393,Ayesha,Home,4,438.39,2025-02-19,Completed
7769,1851,Hassan,Toys,6,98.48,2025-06-29,Cancelled
7770,1207,Sara,Home,1,235.51,2026-01-19,Returned
7771,1512,Taha,Books,5,1149.24,2025-08-12,Pending
7772,1780,Ayesha,Books,4,1065.18,2025-11-28,Cancelled
7773,1101,Hamza,Sports,3,99.57,2025-09-25,Returned
7774,1038,Taha,Home,7,1305.39,2025-02-02,Pending
7775,2845,Kiran,Home,2,1960.84,2025-06-04,Returned
7776,1682,Sana,Sports,10,1883.5,2026-02-04,Returned
7777,1675,Hina,Groceries,10,52.47,2025-05-27,Returned
7778,2745,Hassan,Clothing,6,681.7,2025-01-29,Completed
7779,2119,Sara,Beauty,3,1690.94,2026-03-19,Pending
7780,1277,Ahmed,Home,10,1228.97,2026-02-09,Pending
7781,2227,Kiran,Beauty,6,1685.35,2025-04-08,Cancelled
7782,1113,Taha,Sports,7,791.39,2025-07-02,Cancelled
7783,2945,Ahmed,Books,6,336.92,2025-12-04,Cancelled
7784,2944,Hamza,Books,5,603.22,2026-02-16,Cancelled
7785,2956,Hamza,Sports,9,1395.59,2025-09-26,Cancelled
7786,2697,Laiba,Books,4,1804.1,2025-04-09,Returned
7787,2781,Sana,Beauty,2,125.33,2025-09-25,Completed
7788,2530,Hassan,Clothing,5,240.82,2025-10-13,Pending
7789,1343,Hassan,Beauty,3,970.41,2025-12-20,Returned
7790,2972,Laiba,Beauty,5,1861.48,2025-05-23,Cancelled
7791,2215,Maham,Groceries,2,415.73,2025-01-13,Cancelled
7792,1756,Ayesha,Clothing,2,1835.36,2025-01-27,Completed
7793,2381,Usman,Groceries,9,1006.84,2025-12-15,Completed
7794,1700,Ayesha,Toys,7,1832.66,2026-04-09,Returned
7795,1712,Danish,Clothing,5,901.74,2026-02-18,Cancelled
7796,2283,Fatima,Books,4,1709.89,2025-10-12,Completed
7797,2568,Ali,Clothing,2,110.89,2025-08-25,Returned
7798,2383,Maham,Books,9,850.31,2025-03-08,Completed
7799,1148,Usman,Electronics,5,1337.26,2025-06-30,Completed
7800,1854,Maham,Sports,2,626.76,2025-11-25,Cancelled
7801,2642,Ayesha,Beauty,2,1452.29,2025-07-09,Cancelled
7802,1312,Ayesha,Home,6,306.73,2025-12-06,Cancelled
7803,2196,Kiran,Clothing,3,322.99,2025-06-05,Pending
7804,2613,Hina,Groceries,10,1142.85,2025-06-24,Cancelled
7805,2083,Maham,Beauty,4,251.61,2025-11-01,Completed
7806,2980,Omar,Electronics,9,878.85,2025-07-06,Returned
7807,2056,Iqra,Sports,3,67.54,2025-12-03,Cancelled
7808,1567,Taha,Electronics,1,1369.92,2025-05-06,Completed
7809,1348,Maham,Sports,7,183.72,2025-10-07,Pending
7810,1534,Kiran,Groceries,1,1781.84,2025-09-09,Returned
7811,1241,Fatima,Sports,7,1622.48,2026-02-28,Completed
7812,1855,Iqra,Home,7,1133.5,2025-07-12,Pending
7813,1469,Hassan,Groceries,10,1322.47,2025-07-16,Returned
7814,1307,Hina,Home,5,562.04,2025-05-29,Pending
7815,1639,Kiran,Groceries,5,917.01,2025-10-11,Cancelled
7816,1150,Noor,Clothing,1,1582.56,2026-04-20,Returned
7817,1766,Bilal,Books,8,586.21,2025-01-05,Returned
7818,1597,Ahmed,Clothing,5,139.03,2025-12-29,Completed
7819,2272,Noor,Sports,7,804.71,2026-03-29,Completed
7820,2773,Omar,Sports,9,1170.29,2025-10-25,Returned
7821,1806,Kiran,Home,8,1157.36,2025-11-27,Pending
7822,1382,Zain,Toys,8,1261.71,2025-02-17,Returned
7823,1470,Ayesha,Electronics,3,486.14,2025-06-03,Returned
7824,1129,Sana,Beauty,6,1172.37,2025-12-10,Returned
7825,1753,Omar,Electronics,7,176.91,2025-06-21,Cancelled
7826,2987,Fatima,Groceries,6,486.53,2025-08-04,Pending
7827,2233,Ahmed,Beauty,2,831.74,2025-10-18,Completed
7828,2952,Kiran,Home,2,1229.58,2025-09-07,Cancelled
7829,1022,Hassan,Beauty,8,609.53,2025-08-31,Returned
7830,2480,Ali,Clothing,7,1713.06,2026-01-18,Completed
7831,2016,Usman,Electronics,2,1722.08,2025-05-30,Pending
7832,1396,Hassan,Groceries,4,1154.2,2025-08-04,Completed
7833,1791,Sana,Books,2,244.01,2025-04-02,Cancelled
7834,2695,Ali,Toys,2,1550.74,2025-01-05,Returned
7835,2651,Hassan,Toys,7,962.27,2025-01-27,Completed
7836,2136,Hina,Toys,2,1963.14,2025-07-19,Cancelled
7837,1197,Zain,Books,3,1655.78,2026-03-30,Returned
7838,1009,Sara,Sports,9,1819.8,2025-08-28,Cancelled
7839,1228,Usman,Beauty,8,1188.47,2026-03-01,Cancelled
7840,1029,Hamza,Books,10,704.38,2025-08-03,Completed
7841,1083,Zain,Home,2,718.13,2025-03-16,Cancelled
7842,2478,Usman,Electronics,10,59.74,2025-12-21,Cancelled
7843,1844,Kiran,Beauty,4,393.85,2026-01-22,Pending
7844,2491,Noor,Sports,10,1420.22,2026-04-21,Pending
7845,1872,Ayesha,Home,6,1411.56,2026-02-16,Returned
7846,1677,Maham,Electronics,1,1894.51,2026-03-14,Pending
7847,2791,Hamza,Home,6,132.11,2026-03-31,Cancelled
7848,2366,Bilal,Beauty,6,1917.56,2025-05-18,Completed
7849,2130,Usman,Groceries,6,1044.48,2025-01-01,Completed
7850,1719,Sana,Sports,7,1092.11,2026-01-08,Cancelled
7851,1807,Omar,Electronics,9,141.16,2025-06-20,Completed
7852,2083,Sara,Toys,6,1025.38,2026-02-23,Completed
7853,2628,Omar,Groceries,9,968.87,2026-01-18,Completed
7854,2437,Ali,Clothing,8,915.66,2026-03-24,Returned
7855,2236,Sara,Beauty,7,927.82,2025-10-06,Returned
7856,1817,Fatima,Sports,7,798.91,2025-08-10,Completed
7857,1047,Sara,Groceries,2,1729.77,2025-07-26,Cancelled
7858,2550,Laiba,Toys,1,125.89,2025-03-29,Returned
7859,1066,Hassan,Home,2,628.43,2025-10-30,Cancelled
7860,2967,Danish,Sports,7,1639.96,2026-02-11,Pending
7861,1155,Sara,Groceries,4,660.24,2025-12-17,Pending
7862,2915,Sana,Sports,8,387.48,2025-10-17,Returned
7863,2500,Zain,Books,5,1332.55,2025-12-03,Returned
7864,1069,Ahmed,Home,7,1414.32,2026-04-19,Returned
7865,1321,Fatima,Toys,10,760.0,2025-08-05,Pending
7866,1219,Laiba,Groceries,1,1859.36,2025-04-19,Pending
7867,2723,Danish,Toys,9,329.27,2025-01-09,Completed
7868,2332,Taha,Books,7,676.58,2025-08-20,Cancelled
7869,1316,Sana,Beauty,9,451.12,2025-04-16,Cancelled
7870,2195,Ali,Beauty,1,1034.4,2026-02-27,Cancelled
7871,2428,Ayesha,Beauty,6,1938.5,2026-01-06,Cancelled
7872,1836,Taha,Sports,4,535.24,2026-02-03,Cancelled
7873,1914,Bilal,Sports,10,436.78,2025-12-28,Returned
7874,2736,Hassan,Groceries,10,264.75,2026-04-26,Returned
7875,1112,Sara,Beauty,9,1431.23,2025-01-06,Pending
7876,1580,Ali,Toys,1,1184.29,2025-02-21,Pending
7877,1525,Maham,Electronics,8,897.5,2025-06-20,Completed
7878,1722,Ali,Books,9,801.95,2025-05-21,Cancelled
7879,2472,Hina,Electronics,1,336.15,2025-12-24,Cancelled
7880,1560,Fatima,Groceries,7,649.98,2025-10-07,Cancelled
7881,2433,Fatima,Groceries,7,1079.05,2025-09-16,Cancelled
7882,2249,Bilal,Home,5,1945.85,2025-07-18,Pending
7883,2881,Kiran,Groceries,9,101.85,2025-10-31,Pending
7884,2997,Hassan,Toys,10,1030.96,2025-05-01,Returned
7885,2167,Hina,Clothing,6,1789.41,2025-09-21,Completed
7886,1589,Hina,Groceries,3,787.55,2025-05-29,Completed
7887,2852,Maham,Groceries,4,773.46,2025-08-02,Pending
7888,1605,Hamza,Home,9,1234.54,2026-02-28,Pending
7889,2926,Sana,Groceries,2,1975.81,2025-09-24,Completed
7890,1044,Noor,Home,2,1435.84,2026-01-24,Cancelled
7891,2300,Omar,Electronics,9,1835.45,2026-03-23,Pending
7892,1379,Taha,Toys,2,1267.41,2025-04-11,Returned
7893,1205,Kiran,Books,8,1782.34,2025-05-10,Cancelled
7894,1172,Sara,Electronics,2,716.27,2025-11-03,Returned
7895,2071,Hassan,Sports,9,671.57,2025-07-20,Cancelled
7896,2162,Ali,Home,4,967.66,2025-01-09,Cancelled
7897,2383,Ahmed,Books,2,725.61,2025-05-06,Completed
7898,2546,Bilal,Sports,10,971.47,2025-06-07,Pending
7899,1006,Hamza,Home,9,1707.93,2025-12-13,Cancelled
7900,1582,Zain,Electronics,6,1648.28,2026-04-19,Completed
7901,2243,Hina,Beauty,6,1497.73,2025-12-18,Completed
7902,1071,Usman,Toys,7,723.92,2025-09-28,Pending
7903,2724,Iqra,Beauty,8,1180.08,2026-03-30,Completed
7904,1917,Danish,Sports,4,1121.69,2025-09-30,Returned
7905,1250,Fatima,Sports,3,819.85,2025-09-07,Cancelled
7906,2813,Fatima,Books,1,1141.03,2025-03-31,Completed
7907,1147,Noor,Books,1,1932.59,2025-10-15,Pending
7908,1628,Taha,Clothing,10,1359.29,2026-02-17,Cancelled
7909,1087,Omar,Sports,5,1468.84,2025-09-03,Returned
7910,2576,Iqra,Toys,10,192.91,2025-12-28,Completed
7911,1954,Sara,Books,7,1677.69,2025-05-26,Pending
7912,1788,Hamza,Toys,3,138.02,2025-09-21,Returned
7913,2521,Danish,Beauty,8,603.63,2026-02-12,Completed
7914,1900,Ayesha,Books,2,722.37,2025-06-04,Pending
7915,1226,Hassan,Sports,10,836.65,2025-01-13,Cancelled
7916,2713,Taha,Clothing,1,757.54,2026-01-07,Cancelled
7917,2508,Ayesha,Sports,1,1241.25,2025-03-23,Cancelled
7918,1809,Kiran,Clothing,2,1307.57,2025-12-23,Returned
7919,1241,Noor,Home,3,891.92,2026-03-16,Cancelled
7920,2647,Omar,Home,1,873.04,2026-01-01,Returned
7921,1511,Usman,Sports,3,1802.91,2025-03-19,Pending
7922,1026,Usman,Books,1,1807.53,2025-01-13,Completed
7923,2479,Taha,Electronics,7,740.52,2026-02-03,Returned
7924,1651,Laiba,Groceries,3,1360.37,2025-07-26,Cancelled
7925,2373,Ahmed,Electronics,3,240.06,2025-10-22,Cancelled
7926,2460,Sara,Beauty,8,1100.27,2025-06-10,Completed
7927,1672,Danish,Home,7,1020.34,2025-04-09,Completed
7928,2930,Maham,Books,2,1959.56,2025-07-21,Completed
7929,1562,Ali,Electronics,3,877.92,2025-08-08,Completed
7930,1969,Omar,Home,3,1702.49,2025-12-14,Completed
7931,1261,Hina,Home,7,1646.0,2025-02-15,Cancelled
7932,2114,Usman,Sports,1,1478.73,2025-03-18,Completed
7933,1867,Ayesha,Electronics,5,1305.22,2025-10-02,Pending
7934,1379,Bilal,Toys,3,441.1,2025-06-23,Pending
7935,2469,Sara,Toys,3,338.5,2026-03-31,Completed
7936,2527,Ayesha,Clothing,5,369.24,2025-09-28,Pending
7937,1698,Bilal,Electronics,9,73.83,2025-01-12,Cancelled
7938,1274,Sana,Clothing,2,1033.15,2025-03-13,Cancelled
7939,2478,Danish,Books,1,1371.95,2026-03-09,Completed
7940,1028,Laiba,Toys,1,1469.85,2026-02-07,Pending
7941,2994,Danish,Groceries,1,1117.92,2025-10-08,Cancelled
7942,1216,Sana,Clothing,2,1092.78,2026-01-19,Completed
7943,1161,Bilal,Sports,3,278.41,2025-04-02,Completed
7944,1773,Ayesha,Clothing,6,153.29,2025-07-14,Returned
7945,2709,Iqra,Groceries,2,614.56,2025-07-12,Completed
7946,2601,Hassan,Groceries,4,77.89,2025-06-27,Cancelled
7947,1565,Ali,Electronics,6,847.16,2026-03-17,Pending
7948,1169,Bilal,Toys,8,986.22,2025-01-25,Completed
7949,1635,Taha,Home,2,1303.37,2025-07-20,Cancelled
7950,1791,Hassan,Toys,7,310.91,2025-08-11,Returned
7951,2111,Ayesha,Groceries,3,490.6,2026-03-26,Returned
7952,1017,Usman,Groceries,8,1953.56,2025-03-25,Cancelled
7953,2319,Noor,Electronics,6,344.9,2025-09-02,Pending
7954,2461,Hina,Clothing,1,344.02,2025-09-09,Returned
7955,1493,Hassan,Clothing,7,1046.8,2025-03-28,Returned
7956,1222,Ahmed,Groceries,7,1011.9,2025-01-04,Returned
7957,1254,Hamza,Groceries,6,1942.15,2026-01-27,Completed
7958,2047,Laiba,Sports,4,1096.25,2025-01-30,Returned
7959,1418,Taha,Books,8,653.68,2026-01-22,Pending
7960,2408,Maham,Clothing,1,315.15,2025-08-29,Returned
7961,2965,Hamza,Books,2,1013.32,2026-01-10,Cancelled
7962,1198,Taha,Home,5,73.6,2025-01-26,Cancelled
7963,2094,Fatima,Groceries,2,1230.78,2026-03-05,Returned
7964,1726,Kiran,Home,7,1340.71,2026-04-06,Returned
7965,1662,Hina,Home,1,1609.6,2026-04-16,Cancelled
7966,2463,Ayesha,Home,8,398.13,2025-06-15,Completed
7967,1358,Noor,Toys,4,1104.77,2025-07-30,Returned
7968,1448,Kiran,Sports,5,190.61,2025-07-29,Pending
7969,2019,Taha,Beauty,7,693.04,2025-10-27,Pending
7970,1061,Laiba,Clothing,9,1397.98,2025-04-25,Completed
7971,1141,Maham,Toys,10,1279.32,2025-01-25,Cancelled
7972,1825,Bilal,Toys,10,158.79,2025-03-03,Pending
7973,1771,Ahmed,Home,9,106.88,2025-09-06,Pending
7974,2240,Laiba,Toys,3,513.33,2025-11-06,Cancelled
7975,1569,Noor,Home,4,1337.15,2025-01-24,Completed
7976,1598,Hina,Groceries,4,1664.03,2025-04-20,Pending
7977,2509,Bilal,Toys,9,1927.97,2025-06-10,Pending
7978,2026,Omar,Beauty,1,1172.99,2025-07-19,Cancelled
7979,2274,Zain,Beauty,3,108.27,2025-08-04,Completed
7980,1821,Zain,Sports,10,1561.7,2025-11-30,Pending
7981,2980,Ali,Toys,5,1466.47,2026-01-02,Pending
7982,2859,Noor,Electronics,2,1953.67,2025-02-14,Cancelled
7983,1713,Iqra,Home,3,1890.0,2025-09-26,Cancelled
7984,1752,Omar,Sports,4,1149.84,2025-04-17,Pending
7985,2977,Taha,Groceries,6,1870.15,2025-02-19,Cancelled
7986,1407,Bilal,Groceries,7,1927.13,2025-10-30,Cancelled
7987,1231,Kiran,Beauty,9,1663.71,2026-04-09,Returned
7988,2730,Hamza,Home,1,947.36,2025-06-26,Cancelled
7989,2747,Danish,Books,10,876.39,2025-10-20,Completed
7990,1715,Hamza,Electronics,3,719.89,2025-04-19,Pending
7991,2468,Noor,Clothing,9,660.27,2025-02-15,Pending
7992,2056,Ali,Home,6,1490.42,2025-03-30,Completed
7993,1634,Omar,Books,2,1487.44,2025-01-06,Cancelled
7994,1554,Hamza,Beauty,2,930.53,2026-04-16,Returned
7995,2813,Laiba,Books,6,846.59,2025-07-30,Completed
7996,1826,Hamza,Home,3,314.51,2025-11-02,Returned
7997,1458,Sana,Electronics,9,1069.71,2025-08-13,Completed
7998,2197,Ahmed,Sports,6,121.59,2026-04-06,Pending
7999,2203,Danish,Clothing,2,1549.14,2025-07-01,Returned
8000,2373,Ahmed,Groceries,9,73.52,2026-02-10,Pending
8001,1646,Noor,Books,3,1293.45,2026-04-25,Pending
8002,2426,Omar,Groceries,7,137.01,2025-03-11,Returned
8003,1353,Kiran,Clothing,7,53.42,2025-06-13,Returned
8004,1552,Omar,Beauty,5,1248.66,2026-04-16,Returned
8005,1667,Omar,Home,8,1575.14,2026-02-22,Pending
8006,2109,Iqra,Sports,6,1911.14,2025-01-08,Completed
8007,2307,Bilal,Electronics,7,838.3,2026-01-06,Returned
8008,1678,Danish,Books,10,647.29,2025-08-10,Pending
8009,1896,Laiba,Sports,3,1513.9,2025-01-19,Pending
8010,2468,Zain,Groceries,3,717.93,2025-10-05,Cancelled
8011,1625,Omar,Books,8,647.97,2026-01-28,Completed
8012,1099,Danish,Home,9,1419.03,2025-04-16,Returned
8013,1413,Laiba,Sports,2,860.08,2026-02-11,Cancelled
8014,1048,Ayesha,Books,9,1644.84,2025-09-11,Cancelled
8015,1587,Hamza,Toys,6,659.41,2026-04-26,Pending
8016,1403,Hina,Books,9,1729.61,2025-08-28,Returned
8017,2887,Sana,Toys,10,1045.11,2025-01-29,Cancelled
8018,1659,Laiba,Beauty,8,1867.98,2025-10-16,Pending
8019,2629,Maham,Books,6,1964.37,2025-01-25,Returned
8020,1697,Zain,Toys,6,1601.14,2025-08-01,Completed
8021,1503,Danish,Electronics,2,1257.53,2025-08-14,Cancelled
8022,1561,Hina,Toys,8,1886.61,2026-02-17,Completed
8023,1747,Hamza,Toys,8,1303.45,2025-05-02,Completed
8024,1443,Kiran,Home,6,1278.18,2025-09-17,Cancelled
8025,1821,Noor,Home,5,1263.18,2025-10-30,Completed
8026,1767,Laiba,Groceries,1,1402.91,2025-06-03,Completed
8027,1281,Noor,Beauty,5,1541.01,2025-11-13,Returned
8028,1038,Danish,Electronics,5,841.72,2025-01-29,Pending
8029,2276,Kiran,Beauty,8,798.77,2025-04-26,Returned
8030,1028,Maham,Groceries,10,1994.21,2025-03-26,Returned
8031,1971,Fatima,Home,1,1230.84,2026-01-03,Cancelled
8032,2425,Noor,Clothing,1,1064.75,2025-06-03,Completed
8033,2801,Bilal,Groceries,5,149.83,2026-03-21,Pending
8034,2811,Danish,Home,3,1974.58,2025-01-15,Pending
8035,1826,Sara,Home,2,764.98,2025-11-04,Completed
8036,2623,Ali,Clothing,6,936.37,2025-05-02,Returned
8037,1159,Zain,Groceries,9,217.57,2025-05-29,Returned
8038,1853,Zain,Beauty,7,123.96,2025-04-10,Pending
8039,1214,Laiba,Groceries,7,955.59,2026-02-28,Pending
8040,2196,Taha,Electronics,4,1120.68,2025-12-17,Cancelled
8041,2570,Noor,Electronics,2,1706.16,2025-04-17,Cancelled
8042,1673,Fatima,Toys,3,687.44,2026-02-25,Completed
8043,2489,Hina,Groceries,3,1583.3,2025-07-21,Cancelled
8044,1070,Maham,Sports,3,658.78,2025-02-20,Returned
8045,2527,Bilal,Clothing,3,1674.09,2025-02-20,Cancelled
8046,2164,Danish,Toys,9,154.93,2025-03-19,Cancelled
8047,2920,Hina,Clothing,2,1840.57,2026-04-05,Pending
8048,2394,Hassan,Groceries,8,1175.05,2025-02-06,Pending
8049,1539,Danish,Beauty,3,1112.87,2026-04-17,Cancelled
8050,2270,Iqra,Home,9,1203.83,2025-02-24,Pending
8051,1693,Bilal,Clothing,5,203.45,2025-09-22,Cancelled
8052,1715,Usman,Sports,5,700.49,2026-01-08,Returned
8053,1242,Omar,Sports,10,342.55,2025-06-06,Pending
8054,2757,Ali,Toys,5,1645.13,2025-10-19,Cancelled
8055,1644,Zain,Sports,6,385.53,2025-08-07,Cancelled
8056,1701,Hassan,Home,4,600.98,2026-02-07,Completed
8057,1104,Maham,Clothing,6,162.27,2025-02-14,Completed
8058,1975,Laiba,Groceries,4,1595.51,2026-04-10,Cancelled
8059,2661,Hina,Sports,8,718.61,2025-01-02,Completed
8060,2628,Hamza,Books,4,1140.49,2025-01-13,Returned
8061,2188,Bilal,Groceries,9,1595.21,2025-02-04,Pending
8062,2215,Sara,Clothing,1,1890.0,2026-02-15,Returned
8063,1686,Hamza,Books,3,325.6,2025-11-15,Pending
8064,2811,Sana,Clothing,8,421.79,2025-08-19,Returned
8065,2490,Sara,Toys,5,873.04,2025-04-14,Completed
8066,2248,Fatima,Beauty,1,684.23,2025-07-03,Cancelled
8067,2019,Maham,Sports,9,927.52,2025-11-18,Cancelled
8068,2811,Zain,Books,8,1696.21,2026-04-06,Completed
8069,2774,Ali,Groceries,2,1295.53,2025-06-27,Cancelled
8070,2394,Kiran,Toys,7,546.61,2025-07-06,Returned
8071,2605,Fatima,Clothing,7,1778.11,2025-04-23,Completed
8072,2588,Bilal,Home,5,1256.28,2025-04-19,Completed
8073,2226,Hamza,Clothing,6,400.97,2025-02-11,Completed
8074,2245,Ahmed,Beauty,8,1679.98,2026-03-11,Pending
8075,2619,Danish,Home,10,1699.14,2025-10-14,Cancelled
8076,1215,Kiran,Home,1,1936.97,2026-04-01,Returned
8077,1647,Fatima,Books,8,467.09,2026-02-05,Completed
8078,1687,Zain,Books,2,1371.37,2026-04-17,Returned
8079,1993,Hassan,Home,4,1747.33,2025-05-20,Pending
8080,1845,Sara,Books,6,1557.39,2025-06-17,Cancelled
8081,1994,Zain,Electronics,4,581.24,2025-05-11,Completed
8082,1021,Hamza,Books,8,1144.27,2025-04-18,Returned
8083,1648,Hina,Sports,2,364.09,2026-03-31,Cancelled
8084,1452,Bilal,Sports,4,538.61,2025-04-03,Returned
8085,2299,Hassan,Toys,8,430.19,2025-07-12,Completed
8086,1594,Kiran,Sports,9,656.01,2025-11-10,Pending
8087,1592,Iqra,Toys,8,372.66,2026-02-18,Cancelled
8088,1330,Sara,Electronics,7,948.86,2025-01-07,Pending
8089,2787,Sara,Clothing,1,1843.05,2025-09-26,Completed
8090,1569,Maham,Electronics,3,1855.36,2025-11-07,Returned
8091,1271,Hamza,Sports,7,390.68,2025-09-22,Cancelled
8092,1736,Sana,Beauty,10,1859.64,2026-04-20,Pending
8093,1050,Hina,Clothing,7,326.35,2025-01-08,Completed
8094,1824,Sara,Groceries,10,50.19,2026-01-11,Cancelled
8095,2241,Noor,Clothing,3,1238.88,2025-07-01,Cancelled
8096,1627,Omar,Groceries,4,1856.85,2025-08-16,Completed
8097,1040,Maham,Groceries,9,1401.42,2025-11-01,Cancelled
8098,1116,Ayesha,Books,10,1180.07,2025-03-15,Returned
8099,2798,Omar,Toys,7,145.66,2026-01-05,Completed
8100,2772,Maham,Books,1,309.59,2026-01-10,Pending
8101,1093,Sara,Groceries,3,577.31,2026-01-07,Completed
8102,2289,Hamza,Beauty,3,404.8,2025-09-17,Returned
8103,2176,Taha,Sports,4,634.46,2025-02-25,Pending
8104,1778,Ahmed,Sports,8,353.68,2025-01-14,Completed
8105,1356,Hina,Home,6,1224.16,2025-12-08,Returned
8106,2529,Hassan,Beauty,1,1789.29,2025-12-23,Pending
8107,2543,Kiran,Beauty,8,1208.75,2025-03-16,Cancelled
8108,2848,Iqra,Sports,9,1062.88,2025-10-25,Cancelled
8109,1626,Zain,Sports,3,502.54,2025-06-02,Cancelled
8110,1480,Zain,Books,2,1487.13,2025-08-23,Pending
8111,1156,Bilal,Books,1,1424.1,2025-05-07,Returned
8112,2516,Hina,Beauty,10,634.11,2025-08-09,Completed
8113,2458,Iqra,Sports,9,1371.37,2025-02-05,Returned
8114,1360,Taha,Clothing,2,1058.53,2025-12-04,Cancelled
8115,2746,Bilal,Home,5,1528.72,2025-05-10,Cancelled
8116,2302,Hina,Groceries,1,1682.4,2025-03-01,Pending
8117,1502,Bilal,Toys,10,1569.14,2025-04-05,Pending
8118,1037,Danish,Sports,8,212.64,2025-10-07,Cancelled
8119,2359,Sana,Groceries,7,175.59,2025-02-15,Returned
8120,1976,Laiba,Toys,8,1674.29,2026-04-24,Returned
8121,1716,Kiran,Sports,1,1300.97,2026-04-15,Cancelled
8122,2160,Sara,Books,3,227.82,2025-05-31,Cancelled
8123,2958,Ali,Sports,4,1374.9,2025-11-07,Cancelled
8124,2299,Taha,Home,6,1477.36,2026-01-26,Pending
8125,2518,Ayesha,Clothing,1,792.81,2025-01-11,Cancelled
8126,2328,Hina,Groceries,9,1968.85,2026-04-04,Cancelled
8127,2204,Bilal,Electronics,7,164.03,2025-04-17,Pending
8128,2069,Hassan,Clothing,2,483.35,2025-12-15,Pending
8129,2760,Taha,Books,1,1177.18,2026-01-10,Completed
8130,1591,Omar,Sports,6,871.39,2025-02-25,Returned
8131,2369,Fatima,Clothing,10,74.07,2025-12-03,Pending
8132,1105,Taha,Sports,1,1988.16,2025-09-25,Pending
8133,1240,Kiran,Books,8,237.38,2025-06-10,Pending
8134,2832,Laiba,Home,9,1934.27,2026-04-05,Returned
8135,1861,Laiba,Clothing,2,1180.73,2025-06-20,Returned
8136,2336,Bilal,Toys,10,125.68,2025-10-11,Returned
8137,2112,Sana,Sports,2,1549.56,2026-04-20,Returned
8138,2948,Hina,Beauty,2,1514.5,2026-01-18,Pending
8139,1835,Noor,Sports,4,1305.9,2025-08-01,Pending
8140,1631,Iqra,Beauty,10,1734.82,2025-07-14,Cancelled
8141,1618,Hina,Clothing,9,65.3,2025-11-17,Completed
8142,2250,Usman,Books,8,1637.85,2026-03-15,Returned
8143,1606,Ali,Beauty,4,1949.63,2025-01-26,Returned
8144,1879,Omar,Toys,4,71.96,2025-12-12,Completed
8145,2129,Sara,Groceries,1,167.96,2025-09-24,Returned
8146,2730,Omar,Books,3,500.95,2025-09-06,Returned
8147,1460,Danish,Electronics,6,1260.46,2025-02-26,Pending
8148,1585,Taha,Electronics,5,623.32,2025-07-28,Completed
8149,1729,Hina,Books,9,1367.3,2025-07-03,Returned
8150,1379,Hamza,Toys,10,1923.69,2025-02-01,Completed
8151,1187,Hina,Electronics,7,530.38,2025-06-09,Cancelled
8152,1178,Iqra,Electronics,2,1207.68,2025-08-09,Cancelled
8153,1789,Taha,Toys,10,890.89,2025-02-07,Cancelled
8154,2921,Fatima,Beauty,4,520.37,2025-11-08,Completed
8155,1204,Laiba,Groceries,3,96.58,2025-08-07,Cancelled
8156,2743,Laiba,Sports,7,1186.66,2026-03-20,Completed
8157,1507,Hina,Books,8,338.53,2026-01-21,Returned
8158,2674,Taha,Sports,3,1320.76,2025-05-14,Pending
8159,2897,Taha,Electronics,8,1737.34,2025-10-15,Pending
8160,2001,Kiran,Books,3,1047.72,2025-10-31,Cancelled
8161,1020,Danish,Books,6,490.71,2025-06-18,Returned
8162,1538,Hassan,Sports,3,1884.47,2025-05-28,Pending
8163,1848,Ali,Home,10,1956.4,2025-04-21,Pending
8164,1579,Ayesha,Sports,8,217.59,2025-05-11,Returned
8165,2289,Noor,Books,3,342.84,2026-04-29,Returned
8166,1266,Bilal,Groceries,8,931.7,2025-02-10,Completed
8167,2456,Ayesha,Books,9,846.63,2026-03-18,Completed
8168,1998,Omar,Toys,3,1494.69,2026-03-01,Completed
8169,2497,Sara,Books,4,1372.3,2025-11-30,Returned
8170,1921,Ayesha,Groceries,8,1852.43,2025-01-27,Pending
8171,2440,Usman,Beauty,4,1579.52,2025-12-21,Pending
8172,2444,Danish,Books,2,1708.52,2025-04-26,Cancelled
8173,1087,Laiba,Books,8,580.24,2025-06-05,Pending
8174,2781,Kiran,Toys,2,1764.6,2025-12-16,Pending
8175,2736,Iqra,Toys,3,369.79,2025-05-10,Completed
8176,2244,Zain,Books,1,453.19,2026-04-16,Pending
8177,1580,Hamza,Groceries,1,1210.96,2026-04-08,Completed
8178,1105,Bilal,Electronics,9,1311.06,2026-01-11,Returned
8179,1139,Hina,Sports,1,1251.36,2026-03-12,Cancelled
8180,2111,Bilal,Sports,7,841.29,2025-12-02,Completed
8181,1166,Danish,Books,10,1118.51,2026-01-11,Cancelled
8182,2361,Hassan,Beauty,10,1430.93,2026-04-23,Pending
8183,1147,Sara,Books,4,1893.45,2025-09-16,Completed
8184,2771,Iqra,Electronics,6,143.89,2026-03-22,Completed
8185,2363,Sara,Books,7,821.65,2025-01-10,Completed
8186,2184,Taha,Home,10,1122.53,2026-04-30,Cancelled
8187,1015,Usman,Electronics,9,157.28,2025-12-27,Completed
8188,1677,Maham,Groceries,1,203.83,2026-01-02,Completed
8189,2487,Sana,Clothing,2,1149.0,2025-11-18,Completed
8190,2639,Fatima,Groceries,4,1980.1,2025-04-17,Pending
8191,2334,Fatima,Clothing,4,1839.72,2025-05-13,Cancelled
8192,2017,Sara,Books,8,1359.35,2025-12-01,Pending
8193,1424,Ayesha,Electronics,5,1158.78,2025-08-15,Completed
8194,2042,Hassan,Groceries,3,1800.12,2025-05-14,Completed
8195,1488,Fatima,Sports,2,614.51,2025-03-04,Returned
8196,2067,Hassan,Electronics,1,1794.09,2025-09-05,Returned
8197,1695,Bilal,Sports,8,234.07,2026-03-05,Pending
8198,2626,Hina,Toys,9,1702.71,2025-07-19,Pending
8199,2222,Kiran,Beauty,9,1632.93,2025-07-29,Cancelled
8200,1182,Ali,Beauty,7,1717.79,2025-10-07,Completed
8201,1890,Danish,Books,7,340.71,2025-01-05,Cancelled
8202,1892,Laiba,Sports,8,1093.28,2025-07-15,Pending
8203,2116,Danish,Sports,3,123.64,2026-04-25,Returned
8204,2989,Iqra,Sports,7,1360.51,2026-01-01,Cancelled
8205,2527,Kiran,Groceries,5,1254.14,2025-02-17,Completed
8206,1442,Ali,Home,3,837.58,2025-09-14,Completed
8207,1815,Ayesha,Sports,8,65.73,2025-10-18,Completed
8208,1848,Taha,Sports,10,1266.6,2025-01-28,Returned
8209,1967,Bilal,Groceries,4,1064.16,2025-03-08,Cancelled
8210,2088,Laiba,Electronics,5,87.06,2026-04-07,Returned
8211,1223,Ali,Books,9,1993.5,2025-07-16,Pending
8212,1495,Bilal,Groceries,9,293.57,2025-09-29,Cancelled
8213,2891,Maham,Groceries,3,1416.89,2026-04-30,Completed
8214,1774,Taha,Beauty,3,393.77,2025-01-29,Completed
8215,1548,Ahmed,Beauty,1,1651.24,2025-02-26,Completed
8216,1624,Laiba,Clothing,2,1751.58,2025-01-04,Pending
8217,2421,Sara,Clothing,4,642.21,2026-02-20,Completed
8218,1315,Sana,Books,7,841.59,2025-01-15,Completed
8219,1805,Noor,Beauty,9,1515.71,2025-04-14,Cancelled
8220,2205,Hamza,Electronics,3,732.79,2025-08-30,Pending
8221,2449,Ahmed,Clothing,4,1240.17,2025-08-02,Returned
8222,1105,Danish,Sports,6,1247.07,2025-10-30,Returned
8223,1023,Taha,Clothing,8,1252.02,2025-09-05,Pending
8224,1541,Hamza,Beauty,8,1680.16,2025-06-07,Completed
8225,1707,Hamza,Toys,4,121.5,2025-08-08,Pending
8226,1556,Omar,Sports,2,577.44,2025-04-08,Cancelled
8227,1871,Hamza,Books,2,50.12,2025-02-08,Pending
8228,1065,Usman,Beauty,9,1279.81,2025-04-14,Returned
8229,1259,Bilal,Clothing,10,1809.59,2025-11-21,Pending
8230,2519,Hassan,Sports,1,1379.49,2025-07-02,Cancelled
8231,1889,Sara,Electronics,4,449.32,2025-05-14,Completed
8232,1373,Iqra,Electronics,6,773.38,2025-08-10,Returned
8233,2916,Noor,Clothing,3,1768.58,2025-10-01,Returned
8234,1479,Sana,Toys,5,854.67,2025-10-22,Completed
8235,2660,Maham,Electronics,6,1640.45,2025-01-16,Pending
8236,2367,Hamza,Books,10,71.39,2026-03-24,Cancelled
8237,1919,Ali,Books,4,121.99,2025-07-01,Cancelled
8238,1525,Ali,Home,3,1196.02,2025-09-17,Cancelled
8239,2944,Bilal,Home,8,528.44,2026-02-17,Pending
8240,2453,Maham,Toys,1,863.44,2025-04-19,Cancelled
8241,2511,Kiran,Toys,10,717.78,2026-01-25,Pending
8242,1076,Ayesha,Books,1,1906.55,2025-12-07,Pending
8243,1336,Omar,Clothing,8,678.28,2025-02-06,Cancelled
8244,2794,Omar,Groceries,9,1682.43,2026-01-28,Returned
8245,2481,Taha,Sports,2,418.73,2025-05-15,Returned
8246,2842,Maham,Books,10,1609.47,2025-12-01,Cancelled
8247,2833,Zain,Groceries,4,1408.05,2025-03-31,Completed
8248,2534,Hina,Home,9,1080.02,2025-06-20,Pending
8249,1803,Omar,Toys,8,222.51,2025-11-27,Pending
8250,2863,Hassan,Toys,2,1502.8,2025-11-24,Cancelled
8251,1692,Bilal,Sports,3,1831.21,2025-08-15,Completed
8252,2507,Noor,Toys,6,1082.02,2025-08-28,Completed
8253,2348,Zain,Home,9,1100.04,2025-09-07,Cancelled
8254,2365,Noor,Home,5,339.65,2025-09-08,Returned
8255,1893,Hina,Books,2,1100.63,2025-01-01,Pending
8256,1009,Usman,Clothing,1,1276.89,2026-04-21,Cancelled
8257,2368,Ahmed,Electronics,4,1343.16,2025-01-01,Cancelled
8258,2961,Ahmed,Toys,3,1296.2,2025-06-07,Completed
8259,1236,Usman,Sports,3,99.94,2025-11-23,Cancelled
8260,1603,Iqra,Clothing,10,1753.91,2026-01-29,Pending
8261,2995,Bilal,Sports,2,540.72,2026-04-03,Completed
8262,1453,Kiran,Home,1,1925.09,2026-01-13,Completed
8263,2102,Danish,Beauty,6,556.7,2025-01-09,Returned
8264,1353,Ahmed,Groceries,1,1628.64,2025-06-12,Pending
8265,1268,Laiba,Beauty,7,163.87,2025-09-06,Cancelled
8266,1478,Usman,Clothing,3,1276.02,2025-05-22,Completed
8267,2293,Kiran,Beauty,9,588.48,2025-05-18,Returned
8268,2088,Hamza,Toys,3,337.71,2025-02-05,Completed
8269,1276,Hina,Electronics,4,549.71,2026-01-12,Returned
8270,2120,Noor,Clothing,9,1823.14,2026-04-07,Pending
8271,2626,Zain,Clothing,3,1340.24,2025-06-21,Completed
8272,2874,Hamza,Sports,8,1015.11,2026-01-25,Pending
8273,1749,Sana,Home,4,218.82,2025-11-21,Returned
8274,1303,Hina,Beauty,8,628.02,2025-01-24,Cancelled
8275,2392,Hamza,Electronics,6,1534.88,2025-06-26,Completed
8276,2165,Zain,Sports,4,1921.23,2026-03-09,Completed
8277,1897,Maham,Home,7,1707.91,2025-11-26,Completed
8278,1744,Ayesha,Electronics,4,1045.93,2026-01-21,Pending
8279,1380,Danish,Beauty,9,379.57,2025-08-11,Returned
8280,1139,Zain,Clothing,9,1336.55,2026-04-30,Pending
8281,1802,Hamza,Books,1,470.8,2025-05-17,Returned
8282,2407,Hassan,Clothing,2,1305.93,2025-07-22,Returned
8283,2416,Sara,Electronics,8,352.51,2025-10-16,Returned
8284,2414,Laiba,Beauty,7,1857.28,2025-07-09,Returned
8285,2413,Omar,Clothing,8,1094.91,2025-11-02,Completed
8286,1703,Usman,Beauty,9,1250.19,2025-05-20,Cancelled
8287,2262,Kiran,Clothing,8,1200.07,2025-04-29,Cancelled
8288,2558,Ayesha,Books,8,751.4,2025-10-30,Pending
8289,2320,Zain,Electronics,5,708.49,2026-03-29,Completed
8290,2150,Maham,Clothing,5,1391.09,2025-11-30,Completed
8291,2276,Iqra,Toys,5,1640.95,2025-09-02,Returned
8292,2650,Kiran,Clothing,6,78.63,2026-01-31,Returned
8293,1028,Hassan,Toys,6,389.11,2025-01-26,Completed
8294,1093,Usman,Clothing,1,720.5,2025-07-22,Completed
8295,1290,Iqra,Clothing,7,404.6,2025-06-29,Pending
8296,1639,Noor,Clothing,2,1359.41,2026-04-29,Completed
8297,1135,Bilal,Clothing,1,1020.91,2025-11-30,Pending
8298,1370,Iqra,Beauty,10,1515.7,2025-08-23,Completed
8299,2116,Usman,Clothing,10,771.1,2025-09-08,Completed
8300,2791,Iqra,Toys,3,961.58,2025-03-13,Returned
8301,2444,Noor,Beauty,9,551.48,2026-04-29,Completed
8302,1925,Omar,Electronics,7,1000.24,2025-09-05,Pending
8303,1018,Noor,Groceries,8,1194.6,2025-10-13,Cancelled
8304,1760,Usman,Sports,4,1064.53,2025-10-14,Cancelled
8305,2933,Sana,Home,9,898.64,2025-02-28,Cancelled
8306,2625,Maham,Beauty,9,1470.31,2025-08-03,Returned
8307,1156,Taha,Books,6,1179.72,2025-04-25,Pending
8308,2736,Noor,Home,9,1588.94,2025-09-20,Pending
8309,1991,Omar,Books,9,1680.92,2025-08-25,Returned
8310,1136,Bilal,Groceries,4,1111.32,2025-11-04,Pending
8311,2571,Ahmed,Books,2,254.07,2025-05-16,Returned
8312,2927,Hina,Electronics,3,502.66,2025-11-20,Pending
8313,1417,Noor,Home,10,306.59,2025-12-07,Pending
8314,2587,Ali,Toys,6,1755.95,2025-09-25,Cancelled
8315,1254,Hamza,Groceries,8,1923.81,2025-05-17,Completed
8316,2570,Sana,Groceries,2,1040.01,2025-03-31,Pending
8317,2362,Danish,Toys,8,1041.31,2025-10-16,Completed
8318,2529,Noor,Home,9,1743.38,2025-02-11,Pending
8319,2197,Usman,Clothing,1,526.53,2025-05-31,Completed
8320,2542,Bilal,Sports,8,687.43,2026-03-09,Pending
8321,2438,Iqra,Toys,7,1020.38,2026-04-20,Returned
8322,1984,Hassan,Books,4,1483.91,2025-08-12,Returned
8323,1126,Sara,Books,2,1750.77,2025-06-12,Cancelled
8324,2716,Kiran,Home,9,360.9,2025-06-17,Returned
8325,2679,Noor,Books,4,1399.75,2026-04-30,Cancelled
8326,1826,Danish,Home,4,1705.16,2025-07-23,Returned
8327,2869,Danish,Electronics,8,886.17,2026-01-24,Cancelled
8328,2594,Sara,Sports,3,1028.41,2025-05-23,Cancelled
8329,1499,Bilal,Groceries,4,529.91,2025-09-24,Completed
8330,1964,Sara,Books,9,338.41,2025-05-22,Returned
8331,1450,Danish,Books,10,1905.4,2025-07-20,Completed
8332,2103,Omar,Books,9,651.76,2025-09-26,Returned
8333,1519,Hamza,Sports,2,1489.78,2025-02-18,Cancelled
8334,2271,Ayesha,Groceries,7,1843.03,2025-02-12,Pending
8335,2308,Ayesha,Books,7,815.66,2026-03-06,Cancelled
8336,2452,Kiran,Toys,6,492.07,2025-05-31,Cancelled
8337,1304,Hina,Books,9,1383.47,2026-02-28,Completed
8338,1121,Kiran,Home,3,291.86,2026-03-25,Cancelled
8339,2768,Noor,Sports,3,1624.02,2025-04-08,Cancelled
8340,2330,Iqra,Groceries,4,851.84,2025-12-08,Cancelled
8341,2441,Taha,Clothing,9,1165.61,2026-04-09,Cancelled
8342,1551,Laiba,Sports,9,1060.81,2025-03-23,Completed
8343,2936,Danish,Electronics,1,1253.24,2025-02-25,Completed
8344,2165,Ali,Clothing,1,1180.68,2025-07-16,Completed
8345,2977,Sara,Home,7,1237.3,2026-04-07,Completed
8346,1362,Zain,Home,4,690.18,2025-10-30,Completed
8347,2786,Ayesha,Toys,6,88.44,2025-02-10,Pending
8348,2933,Kiran,Toys,7,462.32,2026-04-16,Completed
8349,1524,Iqra,Toys,1,221.98,2026-02-22,Returned
8350,2640,Iqra,Beauty,5,1856.04,2025-07-23,Cancelled
8351,2611,Hassan,Clothing,5,112.52,2025-01-12,Completed
8352,2135,Hamza,Electronics,9,1993.35,2025-10-15,Cancelled
8353,2292,Bilal,Clothing,9,1260.23,2026-01-21,Cancelled
8354,1182,Sana,Clothing,2,713.73,2025-03-19,Returned
8355,2993,Hina,Toys,3,175.39,2025-05-12,Cancelled
8356,2235,Laiba,Home,2,1512.4,2025-12-06,Returned
8357,1979,Noor,Clothing,1,633.64,2025-06-19,Completed
8358,1669,Fatima,Sports,1,1091.25,2026-02-07,Returned
8359,2942,Ahmed,Electronics,2,869.61,2025-08-15,Returned
8360,1278,Noor,Books,8,1535.7,2025-10-21,Cancelled
8361,1836,Noor,Electronics,7,1779.73,2025-02-19,Pending
8362,1851,Danish,Clothing,6,656.03,2025-12-09,Returned
8363,1647,Usman,Sports,3,1498.97,2025-05-29,Completed
8364,2001,Usman,Groceries,3,815.55,2025-11-30,Returned
8365,1688,Sana,Groceries,10,1467.62,2025-09-26,Completed
8366,1383,Sara,Home,7,1561.77,2025-02-03,Completed
8367,1237,Iqra,Books,9,1227.61,2025-02-28,Cancelled
8368,2964,Kiran,Clothing,1,1789.13,2025-10-10,Returned
8369,2883,Hassan,Clothing,3,1383.18,2025-08-13,Completed
8370,2737,Ayesha,Beauty,10,924.46,2026-03-25,Cancelled
8371,2661,Hina,Electronics,2,1317.77,2025-02-25,Completed
8372,2454,Kiran,Electronics,1,557.83,2025-02-01,Pending
8373,2367,Maham,Clothing,8,312.99,2025-08-27,Returned
8374,1406,Maham,Toys,8,1530.49,2025-08-23,Pending
8375,2306,Fatima,Toys,4,554.93,2026-02-19,Pending
8376,1242,Bilal,Groceries,2,1501.79,2026-04-25,Completed
8377,2927,Hassan,Books,3,1932.48,2026-02-03,Completed
8378,1522,Fatima,Groceries,4,1197.52,2025-04-25,Returned
8379,1614,Hassan,Groceries,2,259.12,2025-01-28,Pending
8380,2959,Kiran,Beauty,2,1506.7,2025-01-20,Completed
8381,1680,Ali,Groceries,6,1568.36,2026-04-27,Completed
8382,1665,Hamza,Groceries,4,1454.09,2025-10-20,Cancelled
8383,1392,Sana,Clothing,9,1307.8,2025-03-11,Cancelled
8384,1847,Omar,Clothing,8,213.04,2025-06-25,Cancelled
8385,2179,Taha,Beauty,8,784.97,2025-07-07,Returned
8386,2180,Ahmed,Beauty,7,602.44,2025-08-31,Cancelled
8387,1830,Danish,Books,10,434.87,2025-12-17,Cancelled
8388,1810,Bilal,Electronics,7,1457.91,2025-10-21,Completed
8389,1499,Ahmed,Home,3,757.18,2025-05-06,Returned
8390,1398,Fatima,Home,1,956.69,2025-04-28,Cancelled
8391,2740,Ahmed,Groceries,5,136.03,2025-01-23,Returned
8392,3000,Hina,Sports,10,1390.61,2025-03-31,Pending
8393,1366,Sara,Toys,3,1550.99,2025-12-19,Completed
8394,1457,Omar,Sports,10,1272.49,2025-11-02,Returned
8395,2607,Usman,Home,2,1894.81,2025-11-24,Pending
8396,1424,Hamza,Clothing,4,849.16,2025-08-16,Pending
8397,1362,Ayesha,Beauty,2,1671.19,2025-02-05,Pending
8398,2061,Sana,Home,10,1341.52,2025-04-06,Returned
8399,2178,Laiba,Clothing,2,1850.43,2025-07-11,Pending
8400,2459,Usman,Electronics,10,422.07,2025-06-14,Cancelled
8401,2923,Iqra,Toys,1,1354.28,2025-02-09,Completed
8402,1909,Iqra,Home,7,1398.35,2025-12-09,Completed
8403,2143,Fatima,Sports,2,1205.17,2026-03-17,Pending
8404,1743,Omar,Home,6,571.6,2025-10-25,Completed
8405,1860,Laiba,Toys,4,718.72,2025-11-24,Returned
8406,1133,Sara,Toys,4,870.38,2025-04-15,Completed
8407,1457,Maham,Books,8,1319.13,2025-12-06,Completed
8408,2991,Hina,Electronics,5,953.46,2026-01-31,Cancelled
8409,2843,Noor,Groceries,4,1541.07,2026-02-06,Pending
8410,1107,Ahmed,Beauty,8,720.74,2026-01-24,Pending
8411,2016,Ahmed,Beauty,4,1374.51,2026-01-24,Cancelled
8412,1995,Sara,Beauty,5,550.35,2025-08-28,Completed
8413,2350,Iqra,Books,2,985.33,2025-04-24,Returned
8414,2392,Ayesha,Clothing,6,1496.01,2026-03-17,Cancelled
8415,2584,Bilal,Books,6,508.14,2025-12-07,Completed
8416,1664,Bilal,Beauty,5,946.51,2025-12-15,Pending
8417,2626,Taha,Toys,3,1133.83,2025-12-28,Returned
8418,1692,Hina,Toys,8,601.91,2026-04-17,Pending
8419,2899,Omar,Home,9,1822.62,2026-04-20,Completed
8420,1025,Hassan,Clothing,5,1055.23,2025-07-06,Completed
8421,2117,Omar,Sports,9,1632.52,2025-11-29,Returned
8422,1552,Maham,Home,3,1496.64,2025-07-04,Pending
8423,1578,Kiran,Books,9,1789.15,2025-07-16,Pending
8424,2492,Laiba,Toys,5,1377.81,2025-08-19,Pending
8425,2005,Hina,Sports,7,1303.24,2026-04-03,Returned
8426,1948,Hamza,Books,3,1858.81,2026-02-02,Pending
8427,1262,Fatima,Electronics,9,386.2,2026-01-24,Completed
8428,1295,Laiba,Books,4,1191.65,2025-09-14,Completed
8429,1469,Kiran,Books,7,1575.41,2025-05-10,Cancelled
8430,1136,Zain,Clothing,1,298.22,2025-05-16,Completed
8431,2238,Hassan,Clothing,7,738.53,2025-02-08,Completed
8432,1868,Fatima,Sports,7,1751.66,2026-03-22,Pending
8433,2755,Omar,Beauty,10,1510.8,2025-05-10,Completed
8434,2629,Omar,Beauty,7,278.18,2025-09-25,Returned
8435,2247,Noor,Sports,9,1910.85,2025-02-25,Returned
8436,1757,Usman,Home,2,1034.36,2025-09-18,Cancelled
8437,1494,Danish,Groceries,1,737.7,2025-07-21,Pending
8438,1090,Maham,Beauty,2,1533.28,2026-01-11,Returned
8439,2645,Kiran,Beauty,1,850.01,2025-11-23,Cancelled
8440,1597,Sana,Electronics,2,1278.67,2025-07-18,Cancelled
8441,2462,Bilal,Clothing,10,940.55,2025-09-21,Cancelled
8442,2590,Hassan,Beauty,4,187.12,2025-08-15,Completed
8443,2933,Bilal,Groceries,2,847.17,2026-04-06,Completed
8444,1544,Kiran,Sports,1,1339.42,2025-09-10,Completed
8445,1534,Danish,Beauty,7,1355.25,2026-01-14,Pending
8446,1166,Sana,Groceries,7,1511.34,2025-04-05,Returned
8447,2356,Fatima,Groceries,6,115.87,2025-06-06,Pending
8448,2558,Usman,Home,5,1258.01,2026-04-07,Completed
8449,1494,Laiba,Toys,2,1195.06,2025-06-03,Returned
8450,1172,Sara,Beauty,6,653.39,2025-06-29,Cancelled
8451,1189,Taha,Clothing,8,558.67,2025-12-22,Completed
8452,2714,Hassan,Groceries,3,1316.56,2026-01-02,Returned
8453,1154,Ahmed,Toys,3,889.87,2026-03-12,Completed
8454,2462,Zain,Sports,8,1992.11,2025-01-21,Completed
8455,1590,Ayesha,Clothing,10,722.51,2026-04-07,Completed
8456,2027,Iqra,Sports,3,1765.14,2025-02-24,Pending
8457,1880,Bilal,Electronics,3,246.97,2025-03-09,Pending
8458,2926,Sana,Sports,4,1104.17,2025-06-23,Returned
8459,1701,Usman,Home,5,792.37,2025-09-22,Cancelled
8460,2449,Hamza,Groceries,1,322.52,2026-04-07,Pending
8461,2013,Bilal,Beauty,5,300.44,2026-04-24,Cancelled
8462,2493,Hina,Electronics,2,1562.76,2026-03-23,Completed
8463,1059,Sara,Electronics,3,1770.96,2025-07-25,Returned
8464,2725,Hina,Toys,8,276.61,2025-03-08,Cancelled
8465,2948,Laiba,Groceries,9,1357.55,2025-01-08,Pending
8466,2069,Sana,Clothing,6,1308.82,2026-03-01,Completed
8467,1617,Sana,Clothing,2,88.16,2025-12-25,Completed
8468,1818,Ayesha,Toys,7,1497.33,2025-08-03,Completed
8469,2271,Kiran,Electronics,8,258.13,2025-08-18,Pending
8470,1460,Danish,Clothing,5,434.05,2025-04-21,Completed
8471,2123,Hamza,Electronics,8,1540.02,2025-02-27,Completed
8472,2322,Ali,Beauty,10,796.86,2026-02-26,Returned
8473,1760,Zain,Clothing,5,708.49,2025-10-11,Cancelled
8474,2377,Hassan,Home,2,1521.21,2025-01-15,Pending
8475,2403,Ayesha,Clothing,10,376.3,2025-12-09,Cancelled
8476,2415,Hassan,Groceries,5,1299.39,2025-01-05,Returned
8477,2472,Hassan,Beauty,4,1976.75,2025-01-24,Completed
8478,2645,Usman,Books,6,1163.41,2026-03-14,Completed
8479,2466,Ayesha,Beauty,8,458.79,2026-04-21,Completed
8480,1113,Noor,Groceries,9,1546.71,2025-08-21,Cancelled
8481,2015,Sara,Toys,9,1606.76,2026-02-11,Returned
8482,2270,Taha,Home,10,1056.48,2025-11-25,Cancelled
8483,2945,Hamza,Sports,1,1073.32,2026-04-18,Returned
8484,2716,Ali,Home,3,1641.63,2025-08-01,Pending
8485,1843,Iqra,Sports,6,317.42,2025-06-19,Pending
8486,2115,Taha,Groceries,2,716.45,2025-05-03,Pending
8487,2848,Kiran,Electronics,5,930.77,2025-10-14,Pending
8488,1765,Noor,Beauty,8,1822.41,2026-04-30,Completed
8489,1282,Ayesha,Home,10,1296.77,2025-05-04,Returned
8490,1204,Taha,Toys,1,1558.63,2025-01-23,Completed
8491,2691,Danish,Books,3,842.78,2026-03-13,Completed
8492,1521,Laiba,Clothing,5,1797.19,2025-10-07,Cancelled
8493,1448,Bilal,Toys,9,1306.77,2026-02-01,Cancelled
8494,2521,Sara,Electronics,6,1913.2,2026-03-16,Completed
8495,2972,Maham,Electronics,7,1168.44,2025-03-11,Completed
8496,1409,Ali,Books,2,1000.84,2026-03-27,Cancelled
8497,1819,Usman,Groceries,2,1646.72,2025-12-31,Completed
8498,2321,Hamza,Toys,3,1523.7,2025-05-03,Completed
8499,1746,Ali,Sports,10,1017.2,2025-03-25,Cancelled
8500,2933,Sana,Clothing,9,1847.9,2025-09-20,Pending
8501,1998,Sana,Books,5,1995.13,2025-07-20,Pending
8502,2874,Sana,Toys,7,697.87,2026-02-21,Returned
8503,1917,Zain,Toys,4,1847.66,2025-04-28,Pending
8504,1878,Kiran,Beauty,1,1151.15,2025-08-24,Returned
8505,2451,Kiran,Books,3,551.0,2025-10-12,Completed
8506,2436,Omar,Beauty,6,917.3,2025-02-06,Pending
8507,1992,Ayesha,Beauty,6,966.21,2025-11-25,Cancelled
8508,1710,Hamza,Clothing,4,1728.56,2025-02-03,Returned
8509,2739,Ayesha,Groceries,5,1513.38,2025-07-28,Pending
8510,1852,Ali,Electronics,8,89.29,2025-11-02,Cancelled
8511,1067,Sana,Home,5,524.15,2025-06-27,Completed
8512,2367,Omar,Electronics,1,609.0,2025-03-17,Cancelled
8513,1693,Sara,Home,6,1828.96,2025-09-26,Cancelled
8514,2698,Kiran,Home,6,677.42,2026-03-08,Cancelled
8515,1853,Maham,Books,10,1842.52,2025-12-11,Pending
8516,1016,Sana,Beauty,4,1689.09,2026-02-28,Completed
8517,1120,Iqra,Groceries,10,793.03,2025-05-27,Cancelled
8518,2638,Noor,Home,8,1680.26,2025-11-26,Cancelled
8519,2576,Sana,Home,3,1267.8,2025-08-03,Pending
8520,2033,Noor,Books,10,1003.75,2026-02-13,Returned
8521,1076,Iqra,Beauty,6,382.42,2025-06-04,Pending
8522,2977,Ahmed,Home,2,1905.17,2025-07-07,Returned
8523,1275,Bilal,Sports,9,1283.71,2025-11-16,Returned
8524,1041,Zain,Toys,4,383.82,2026-04-24,Cancelled
8525,1497,Iqra,Home,7,1105.27,2025-04-27,Pending
8526,2131,Iqra,Toys,2,1531.73,2025-06-02,Cancelled
8527,2580,Iqra,Sports,1,1405.13,2025-12-03,Pending
8528,2427,Sara,Clothing,3,296.8,2025-11-19,Returned
8529,1575,Bilal,Electronics,4,519.6,2025-05-24,Completed
8530,1055,Laiba,Groceries,6,877.47,2026-01-31,Returned
8531,1913,Danish,Sports,6,532.25,2026-03-22,Cancelled
8532,1501,Sana,Beauty,1,1118.63,2025-08-17,Cancelled
8533,1972,Fatima,Beauty,5,872.4,2025-10-30,Pending
8534,2331,Zain,Books,10,172.34,2025-08-17,Completed
8535,1341,Iqra,Groceries,4,1254.72,2025-03-14,Returned
8536,2336,Ali,Groceries,3,183.37,2025-04-19,Cancelled
8537,2144,Danish,Books,9,251.99,2025-02-09,Cancelled
8538,1431,Bilal,Sports,9,1814.14,2025-05-25,Returned
8539,1419,Fatima,Home,10,1699.43,2025-01-20,Completed
8540,2862,Omar,Electronics,9,291.15,2026-04-15,Cancelled
8541,2087,Kiran,Clothing,1,1618.97,2025-12-06,Pending
8542,2326,Ahmed,Books,5,1571.13,2025-06-13,Cancelled
8543,1509,Hamza,Toys,9,530.85,2025-05-23,Returned
8544,2434,Laiba,Toys,2,1016.18,2025-03-29,Pending
8545,2782,Kiran,Books,7,254.25,2025-01-21,Cancelled
8546,1306,Sara,Electronics,10,1150.41,2025-05-03,Completed
8547,2767,Sara,Beauty,4,403.66,2026-03-04,Returned
8548,2321,Noor,Books,5,1148.76,2025-07-08,Pending
8549,1268,Noor,Clothing,2,141.38,2025-07-22,Returned
8550,1023,Usman,Home,6,1945.58,2025-07-12,Cancelled
8551,1952,Kiran,Clothing,5,957.54,2025-12-12,Pending
8552,1922,Taha,Electronics,1,1964.24,2025-04-01,Cancelled
8553,2378,Zain,Clothing,7,915.38,2026-03-19,Pending
8554,2182,Danish,Books,2,1264.84,2026-04-06,Pending
8555,1207,Taha,Home,6,381.18,2025-02-03,Returned
8556,2404,Noor,Toys,9,1047.08,2025-05-30,Cancelled
8557,2658,Bilal,Sports,10,719.94,2026-02-13,Cancelled
8558,2216,Omar,Books,9,294.53,2025-10-29,Completed
8559,1882,Bilal,Sports,6,1639.41,2025-07-16,Returned
8560,1698,Taha,Beauty,3,277.62,2025-05-28,Completed
8561,1615,Ali,Toys,3,1355.28,2025-08-19,Completed
8562,2575,Ali,Sports,3,845.5,2025-06-12,Pending
8563,1918,Hamza,Sports,8,1317.3,2026-01-21,Cancelled
8564,2982,Sara,Beauty,3,544.69,2026-02-03,Returned
8565,2503,Sara,Clothing,7,1880.36,2025-11-26,Completed
8566,2029,Usman,Clothing,8,1597.0,2025-11-19,Completed
8567,2917,Iqra,Sports,6,1477.4,2025-06-16,Returned
8568,1605,Noor,Books,3,96.25,2026-01-17,Cancelled
8569,2093,Hamza,Sports,9,1767.25,2026-03-07,Returned
8570,1363,Ahmed,Toys,1,133.75,2026-02-18,Returned
8571,2746,Maham,Sports,10,1635.55,2025-05-20,Completed
8572,1682,Danish,Beauty,8,1364.92,2025-10-21,Completed
8573,2982,Hassan,Home,4,1820.25,2025-05-23,Returned
8574,2491,Hina,Beauty,6,891.16,2025-05-15,Returned
8575,1454,Bilal,Sports,3,1601.93,2025-10-16,Completed
8576,1293,Noor,Home,4,351.59,2026-02-12,Pending
8577,1794,Danish,Beauty,4,591.52,2026-01-16,Completed
8578,1128,Ali,Sports,6,63.42,2026-02-09,Completed
8579,1681,Sara,Groceries,5,1959.84,2025-02-25,Cancelled
8580,2736,Maham,Beauty,4,451.09,2026-02-26,Cancelled
8581,1974,Danish,Clothing,5,994.37,2026-04-06,Completed
8582,1223,Taha,Beauty,7,1030.27,2025-10-28,Pending
8583,2853,Taha,Home,10,645.46,2025-10-26,Cancelled
8584,2401,Usman,Electronics,3,233.47,2025-04-10,Returned
8585,2394,Maham,Electronics,6,291.14,2025-04-06,Pending
8586,2176,Laiba,Clothing,3,1242.54,2025-05-08,Cancelled
8587,1623,Taha,Groceries,1,637.24,2025-05-18,Pending
8588,2283,Zain,Toys,4,1218.51,2026-01-17,Cancelled
8589,2839,Noor,Home,4,236.58,2025-03-12,Returned
8590,1237,Taha,Beauty,3,1569.24,2025-03-22,Cancelled
8591,1832,Hina,Groceries,5,1985.75,2026-02-12,Completed
8592,2697,Ayesha,Books,3,1190.19,2025-10-27,Returned
8593,1841,Ali,Books,10,670.43,2026-02-15,Completed
8594,2603,Ayesha,Electronics,4,1017.41,2026-03-25,Returned
8595,2088,Zain,Books,6,1980.97,2026-02-16,Returned
8596,1825,Zain,Beauty,6,1876.97,2025-06-01,Completed
8597,2262,Kiran,Clothing,2,588.66,2025-06-01,Returned
8598,2708,Hamza,Groceries,4,768.65,2025-11-17,Cancelled
8599,1657,Iqra,Groceries,1,361.11,2025-05-24,Completed
8600,1023,Omar,Groceries,10,1589.52,2025-02-09,Returned
8601,2955,Noor,Books,9,1627.29,2025-10-21,Completed
8602,2595,Hassan,Home,9,1438.38,2025-01-07,Cancelled
8603,1711,Zain,Beauty,4,1107.7,2025-12-20,Completed
8604,2328,Laiba,Sports,2,236.13,2026-01-29,Completed
8605,2673,Ali,Books,9,1969.69,2025-02-21,Cancelled
8606,1974,Kiran,Toys,2,1701.48,2026-04-29,Completed
8607,1679,Ali,Home,4,678.94,2025-08-31,Completed
8608,2813,Hamza,Home,3,1276.52,2025-09-20,Cancelled
8609,2488,Hina,Electronics,6,118.66,2025-03-27,Returned
8610,1142,Bilal,Books,4,169.17,2025-09-24,Pending
8611,2636,Maham,Clothing,2,1232.05,2025-03-13,Returned
8612,2266,Laiba,Home,2,1252.28,2025-07-08,Cancelled
8613,1406,Zain,Electronics,9,1334.19,2025-06-17,Returned
8614,2651,Sara,Clothing,1,1951.28,2025-12-25,Pending
8615,2498,Maham,Electronics,7,323.49,2025-08-27,Pending
8616,1703,Maham,Clothing,6,579.91,2026-03-11,Cancelled
8617,2410,Usman,Toys,9,1004.87,2025-05-23,Completed
8618,2605,Hina,Clothing,2,339.13,2026-01-07,Completed
8619,1100,Sara,Beauty,8,441.06,2025-08-24,Cancelled
8620,2432,Zain,Home,1,1966.65,2025-04-25,Cancelled
8621,1821,Hassan,Toys,4,1065.67,2025-04-08,Cancelled
8622,2827,Iqra,Home,9,569.13,2026-01-15,Cancelled
8623,1871,Bilal,Groceries,6,1645.1,2025-10-12,Pending
8624,2079,Sara,Clothing,1,158.79,2025-04-05,Cancelled
8625,1974,Ayesha,Sports,10,509.16,2025-09-13,Completed
8626,1638,Sara,Electronics,6,584.27,2025-06-24,Cancelled
8627,1696,Bilal,Beauty,10,1551.93,2025-01-22,Cancelled
8628,2240,Ahmed,Electronics,9,720.6,2026-01-02,Cancelled
8629,1647,Laiba,Groceries,5,363.9,2026-03-03,Pending
8630,1763,Bilal,Home,1,561.92,2025-06-06,Cancelled
8631,2812,Noor,Books,5,1447.37,2026-02-02,Pending
8632,1891,Ahmed,Groceries,9,1357.13,2025-09-27,Pending
8633,1561,Kiran,Beauty,9,1523.25,2025-01-13,Pending
8634,1976,Usman,Books,5,1647.34,2025-02-01,Returned
8635,1885,Laiba,Beauty,5,1729.5,2025-04-13,Returned
8636,1731,Ayesha,Home,6,1258.87,2026-02-25,Completed
8637,1442,Noor,Beauty,9,761.92,2025-02-15,Completed
8638,1135,Laiba,Groceries,2,1142.85,2026-04-22,Returned
8639,1086,Bilal,Electronics,9,1905.28,2025-02-07,Pending
8640,1244,Ali,Books,2,1818.19,2025-01-20,Returned
8641,1542,Zain,Beauty,3,1260.19,2025-09-14,Returned
8642,2458,Laiba,Toys,9,1536.86,2025-09-26,Returned
8643,2863,Bilal,Books,10,1219.96,2025-02-07,Cancelled
8644,2245,Sana,Beauty,1,1214.59,2025-11-26,Cancelled
8645,1241,Bilal,Toys,6,1291.14,2026-02-13,Completed
8646,2897,Zain,Beauty,3,73.71,2025-07-12,Completed
8647,2771,Ahmed,Clothing,1,1109.0,2025-05-22,Cancelled
8648,1621,Danish,Electronics,5,495.57,2025-10-25,Completed
8649,2244,Taha,Clothing,3,1910.74,2025-12-28,Cancelled
8650,1654,Kiran,Sports,3,848.97,2025-05-23,Pending
8651,2485,Ali,Electronics,3,1052.88,2025-12-29,Returned
8652,2539,Taha,Toys,5,63.93,2025-02-06,Cancelled
8653,2435,Taha,Groceries,2,705.55,2025-08-23,Returned
8654,1909,Omar,Books,2,1574.08,2025-05-22,Completed
8655,1791,Ayesha,Groceries,9,373.31,2026-04-26,Pending
8656,1475,Ahmed,Beauty,3,914.5,2025-03-10,Cancelled
8657,2856,Hina,Clothing,3,1486.78,2026-01-15,Pending
8658,2804,Noor,Clothing,5,1629.39,2025-12-07,Completed
8659,2083,Ahmed,Electronics,2,1999.19,2025-06-06,Pending
8660,2350,Ali,Home,8,329.46,2025-07-30,Cancelled
8661,1071,Ali,Sports,10,1847.0,2025-02-08,Pending
8662,2585,Sara,Home,5,1248.1,2025-03-19,Cancelled
8663,1113,Hina,Sports,2,1102.14,2025-03-20,Completed
8664,2148,Hamza,Toys,4,703.77,2026-04-15,Returned
8665,2945,Kiran,Beauty,3,857.06,2025-01-14,Pending
8666,1968,Usman,Electronics,10,758.73,2025-04-25,Cancelled
8667,1809,Danish,Groceries,2,1881.39,2025-06-07,Returned
8668,2461,Iqra,Home,6,1743.32,2025-02-25,Completed
8669,2259,Laiba,Books,7,977.82,2025-03-08,Completed
8670,2536,Iqra,Groceries,10,1298.89,2025-08-04,Cancelled
8671,2289,Taha,Home,6,1578.0,2025-11-10,Cancelled
8672,1690,Usman,Groceries,2,892.86,2025-01-15,Completed
8673,1390,Ali,Groceries,7,921.5,2025-10-25,Cancelled
8674,2955,Iqra,Toys,1,283.45,2026-03-31,Cancelled
8675,2572,Maham,Sports,2,271.41,2025-07-30,Cancelled
8676,1554,Laiba,Toys,3,339.24,2025-09-30,Returned
8677,2229,Bilal,Home,1,131.38,2026-01-29,Completed
8678,1138,Fatima,Books,2,1959.1,2025-03-26,Cancelled
8679,2802,Taha,Clothing,3,1772.74,2026-01-21,Pending
8680,2255,Zain,Toys,4,1634.15,2026-02-15,Completed
8681,1910,Bilal,Books,5,566.65,2025-03-28,Cancelled
8682,1473,Ali,Sports,3,1003.27,2025-01-23,Returned
8683,1771,Taha,Clothing,9,833.85,2025-07-08,Pending
8684,2950,Danish,Books,4,1916.08,2025-11-01,Returned
8685,1159,Kiran,Sports,9,946.42,2025-03-12,Completed
8686,1507,Ayesha,Groceries,9,226.57,2025-04-29,Pending
8687,2697,Danish,Books,9,1609.63,2025-10-22,Pending
8688,1562,Bilal,Groceries,9,398.55,2025-05-04,Cancelled
8689,1517,Fatima,Sports,10,1565.59,2025-10-21,Completed
8690,1072,Omar,Beauty,3,1205.97,2025-02-15,Completed
8691,1593,Danish,Groceries,9,945.2,2025-06-14,Returned
8692,2746,Ayesha,Home,8,1848.41,2025-01-11,Returned
8693,2047,Noor,Clothing,3,1581.89,2025-04-17,Completed
8694,2261,Hina,Clothing,7,1684.67,2025-06-04,Pending
8695,2107,Ali,Electronics,1,1679.18,2026-04-17,Pending
8696,1795,Omar,Toys,5,1594.47,2026-03-31,Pending
8697,2044,Hina,Sports,3,1884.54,2025-01-31,Completed
8698,2062,Laiba,Books,4,1162.04,2025-12-20,Cancelled
8699,1846,Sara,Home,4,872.4,2026-01-16,Cancelled
8700,2881,Hassan,Sports,8,742.66,2025-09-01,Cancelled
8701,1263,Bilal,Home,5,759.4,2026-04-07,Completed
8702,1160,Taha,Sports,4,1037.79,2026-01-10,Returned
8703,1124,Hassan,Groceries,3,1372.88,2026-01-04,Pending
8704,2744,Danish,Home,3,682.57,2026-02-17,Cancelled
8705,2416,Laiba,Electronics,2,1172.27,2025-11-06,Completed
8706,2975,Ali,Groceries,10,1820.3,2025-07-01,Returned
8707,1123,Omar,Sports,8,1063.02,2025-02-03,Pending
8708,1939,Hassan,Books,9,952.07,2025-08-07,Returned
8709,1813,Bilal,Toys,2,1468.92,2025-12-11,Pending
8710,2259,Omar,Beauty,8,719.98,2025-09-19,Completed
8711,2984,Danish,Books,2,844.45,2025-08-08,Completed
8712,1177,Noor,Books,9,810.17,2025-12-01,Pending
8713,2003,Zain,Groceries,5,904.7,2025-09-08,Completed
8714,1739,Taha,Beauty,7,487.12,2026-02-24,Completed
8715,1703,Danish,Clothing,9,816.7,2025-06-06,Returned
8716,1012,Kiran,Home,8,1914.72,2026-01-05,Pending
8717,1031,Sara,Sports,7,246.89,2025-07-27,Completed
8718,2796,Hassan,Groceries,10,1680.34,2025-05-02,Completed
8719,2424,Sana,Sports,3,272.29,2025-06-12,Returned
8720,2545,Ahmed,Toys,4,1452.65,2025-12-03,Completed
8721,1272,Noor,Sports,6,1140.19,2025-12-22,Completed
8722,2780,Ali,Toys,10,597.5,2025-08-19,Cancelled
8723,2679,Hassan,Electronics,4,1721.16,2025-12-26,Cancelled
8724,1894,Kiran,Home,2,636.46,2025-06-18,Cancelled
8725,1011,Sana,Home,1,236.7,2026-03-18,Returned
8726,1636,Bilal,Books,9,81.44,2025-07-20,Returned
8727,1833,Ahmed,Beauty,9,1706.5,2026-01-29,Completed
8728,1934,Noor,Beauty,1,1362.84,2026-04-19,Returned
8729,1498,Taha,Clothing,9,1428.57,2025-02-26,Returned
8730,1915,Ahmed,Clothing,3,1095.44,2025-10-03,Cancelled
8731,1843,Sana,Home,9,348.92,2026-01-31,Cancelled
8732,1873,Zain,Sports,3,1894.88,2025-12-08,Completed
8733,1529,Danish,Toys,4,1709.82,2025-05-06,Completed
8734,2411,Laiba,Electronics,1,771.68,2025-06-02,Returned
8735,2671,Sara,Home,7,1623.32,2026-01-24,Returned
8736,2490,Sara,Beauty,5,574.05,2026-01-13,Returned
8737,2876,Iqra,Groceries,4,1999.07,2025-04-29,Completed
8738,2457,Laiba,Sports,10,1455.29,2025-08-09,Returned
8739,1562,Kiran,Books,1,322.59,2025-01-08,Completed
8740,1074,Ayesha,Groceries,9,1133.56,2026-01-30,Cancelled
8741,2098,Taha,Home,10,219.12,2025-08-22,Returned
8742,2027,Hassan,Sports,8,1413.72,2025-07-20,Completed
8743,2130,Omar,Groceries,3,1761.33,2025-02-17,Pending
8744,1155,Noor,Toys,6,839.48,2025-12-04,Cancelled
8745,1155,Zain,Clothing,1,1798.84,2025-04-30,Returned
8746,1127,Laiba,Electronics,3,727.38,2025-05-18,Cancelled
8747,1044,Ahmed,Electronics,2,1487.98,2025-08-08,Returned
8748,2321,Maham,Clothing,4,850.5,2025-08-09,Pending
8749,2011,Iqra,Books,1,1641.3,2026-04-24,Cancelled
8750,2282,Iqra,Beauty,6,397.28,2025-06-07,Completed
8751,1377,Laiba,Toys,2,1218.18,2025-02-16,Returned
8752,1953,Hassan,Groceries,9,745.41,2025-07-14,Pending
8753,2158,Laiba,Sports,9,571.55,2025-01-02,Returned
8754,2724,Danish,Toys,5,56.03,2025-01-25,Cancelled
8755,2975,Fatima,Groceries,5,403.63,2025-12-15,Returned
8756,1487,Kiran,Toys,8,710.88,2025-11-07,Cancelled
8757,1803,Danish,Clothing,5,883.41,2026-04-19,Returned
8758,1929,Kiran,Home,9,98.85,2025-03-02,Completed
8759,1819,Hamza,Groceries,7,1911.91,2025-12-30,Cancelled
8760,2551,Hina,Books,5,153.95,2026-01-07,Pending
8761,1970,Ali,Clothing,1,643.08,2025-08-11,Completed
8762,1529,Ali,Home,9,1544.53,2025-07-02,Cancelled
8763,2801,Fatima,Toys,9,121.68,2025-02-05,Returned
8764,2539,Taha,Clothing,4,1272.19,2025-05-30,Cancelled
8765,1317,Hamza,Electronics,3,1475.42,2025-09-18,Completed
8766,1005,Bilal,Groceries,4,427.65,2025-08-24,Pending
8767,2599,Bilal,Books,1,854.88,2025-10-06,Pending
8768,1379,Kiran,Home,3,777.01,2025-11-29,Cancelled
8769,1524,Sana,Groceries,1,602.73,2025-02-07,Cancelled
8770,2703,Hamza,Beauty,10,1222.76,2025-06-03,Completed
8771,1832,Taha,Sports,6,1048.81,2025-04-27,Returned
8772,1140,Hina,Toys,8,876.81,2025-11-29,Returned
8773,2829,Noor,Sports,10,1184.95,2025-03-19,Completed
8774,2530,Fatima,Beauty,10,1912.51,2025-01-11,Pending
8775,1356,Hina,Clothing,1,57.73,2025-12-03,Cancelled
8776,1734,Sana,Sports,5,453.99,2025-06-12,Returned
8777,1570,Taha,Beauty,7,947.1,2025-07-28,Pending
8778,1874,Iqra,Home,8,1526.13,2026-04-23,Cancelled
8779,2894,Sana,Sports,2,866.92,2025-02-18,Completed
8780,2616,Iqra,Groceries,3,1492.17,2025-08-13,Cancelled
8781,2736,Hina,Sports,5,955.8,2026-03-04,Cancelled
8782,2062,Fatima,Clothing,10,1169.65,2025-02-01,Pending
8783,1608,Danish,Toys,2,1418.46,2025-04-08,Pending
8784,1489,Iqra,Clothing,2,1958.26,2025-03-17,Returned
8785,2610,Sana,Clothing,3,1408.71,2025-12-29,Completed
8786,1079,Ahmed,Home,1,117.84,2025-12-08,Completed
8787,1765,Omar,Books,2,1149.62,2025-04-17,Cancelled
8788,1840,Sana,Sports,6,907.28,2025-09-15,Returned
8789,2210,Iqra,Electronics,1,1947.42,2026-02-15,Completed
8790,1525,Omar,Beauty,7,1585.08,2026-04-09,Returned
8791,2339,Iqra,Sports,6,620.5,2025-10-16,Returned
8792,2086,Hamza,Sports,9,1280.99,2025-04-03,Pending
8793,1152,Hamza,Beauty,10,1743.88,2026-03-04,Cancelled
8794,1774,Hassan,Sports,3,315.71,2025-01-06,Pending
8795,2841,Hassan,Books,4,780.33,2025-10-29,Returned
8796,2221,Noor,Home,2,366.7,2025-08-13,Pending
8797,2011,Taha,Beauty,8,1478.94,2026-03-20,Cancelled
8798,1283,Ali,Sports,6,823.41,2026-02-15,Pending
8799,1663,Hamza,Toys,2,1002.79,2025-03-19,Returned
8800,2476,Laiba,Electronics,4,1012.71,2025-08-09,Completed
8801,1330,Hassan,Groceries,3,787.87,2025-11-04,Pending
8802,2738,Ahmed,Clothing,5,1725.67,2025-08-19,Returned
8803,1113,Laiba,Sports,1,1447.37,2025-11-26,Returned
8804,1352,Noor,Books,6,1462.41,2026-02-02,Returned
8805,1481,Noor,Toys,10,123.22,2025-08-05,Cancelled
8806,2118,Iqra,Clothing,9,1945.8,2025-03-26,Returned
8807,1419,Fatima,Sports,4,1119.58,2025-12-24,Completed
8808,1561,Hamza,Home,1,1888.55,2025-06-06,Completed
8809,1034,Kiran,Groceries,2,623.41,2026-01-13,Returned
8810,1730,Laiba,Toys,2,925.19,2026-02-26,Completed
8811,2923,Fatima,Groceries,5,274.2,2025-06-20,Cancelled
8812,2308,Omar,Electronics,3,354.02,2025-02-19,Returned
8813,1606,Noor,Toys,3,1870.86,2026-02-02,Returned
8814,1155,Hamza,Clothing,6,389.5,2025-10-13,Returned
8815,2474,Noor,Beauty,1,842.39,2026-04-09,Returned
8816,1970,Ali,Groceries,1,516.35,2025-05-20,Returned
8817,2589,Sara,Home,4,1828.75,2025-06-11,Completed
8818,1819,Omar,Beauty,8,1363.04,2025-04-13,Completed
8819,2776,Sara,Home,6,1414.91,2026-01-25,Pending
8820,1645,Ali,Sports,4,1479.39,2025-11-26,Pending
8821,1173,Maham,Books,4,1717.04,2026-03-05,Pending
8822,1024,Hassan,Toys,10,510.2,2026-02-12,Completed
8823,1698,Ayesha,Sports,5,998.55,2025-11-26,Returned
8824,1062,Omar,Sports,9,1275.56,2025-05-15,Pending
8825,1883,Omar,Beauty,7,1431.93,2025-04-29,Completed
8826,1506,Sana,Sports,2,900.07,2025-09-24,Cancelled
8827,1916,Iqra,Clothing,9,1788.02,2025-10-14,Completed
8828,2199,Ahmed,Sports,4,546.19,2025-03-19,Returned
8829,1171,Taha,Toys,4,55.78,2025-01-14,Returned
8830,1140,Zain,Beauty,4,428.44,2025-01-04,Completed
8831,1929,Ayesha,Clothing,4,1470.49,2025-11-29,Completed
8832,2319,Omar,Beauty,9,526.8,2026-04-21,Cancelled
8833,1097,Ayesha,Books,6,1343.66,2025-11-01,Cancelled
8834,2755,Ahmed,Beauty,4,368.16,2026-01-26,Pending
8835,1247,Maham,Electronics,4,1139.82,2026-01-17,Returned
8836,2909,Ayesha,Books,10,651.75,2026-04-12,Pending
8837,1824,Noor,Groceries,2,1902.63,2025-03-30,Cancelled
8838,1975,Noor,Toys,9,587.03,2026-01-27,Completed
8839,1544,Taha,Sports,8,1884.42,2025-02-05,Pending
8840,2498,Ali,Clothing,10,1636.78,2026-03-01,Cancelled
8841,1134,Omar,Books,4,386.09,2025-01-06,Cancelled
8842,2970,Bilal,Beauty,2,1883.59,2025-05-21,Pending
8843,2970,Fatima,Toys,3,896.04,2025-10-23,Returned
8844,2635,Kiran,Home,6,938.18,2025-09-21,Pending
8845,1138,Hamza,Books,2,611.0,2025-10-02,Returned
8846,1423,Hamza,Sports,6,307.7,2025-04-07,Cancelled
8847,1250,Sana,Clothing,9,778.06,2025-09-11,Completed
8848,2861,Laiba,Books,2,559.53,2026-01-16,Cancelled
8849,1643,Danish,Electronics,1,364.76,2025-12-31,Completed
8850,2711,Zain,Sports,8,419.77,2025-03-25,Pending
8851,1989,Danish,Electronics,8,1788.64,2025-09-26,Pending
8852,1301,Kiran,Home,8,430.81,2025-05-15,Cancelled
8853,2080,Zain,Electronics,2,1420.49,2025-01-20,Completed
8854,1232,Iqra,Electronics,6,811.43,2025-01-02,Returned
8855,1655,Bilal,Books,10,1745.98,2026-02-15,Completed
8856,1539,Zain,Clothing,5,885.9,2025-09-25,Completed
8857,2215,Hassan,Toys,1,980.68,2026-04-20,Pending
8858,2552,Omar,Sports,6,590.55,2026-01-08,Completed
8859,1694,Laiba,Books,4,342.47,2025-06-20,Returned
8860,1035,Sara,Groceries,3,1436.52,2025-07-09,Cancelled
8861,1898,Sana,Toys,1,291.4,2025-06-16,Cancelled
8862,1285,Danish,Toys,9,1640.55,2025-09-12,Cancelled
8863,2702,Noor,Sports,6,750.95,2025-02-21,Cancelled
8864,2897,Usman,Clothing,1,292.05,2025-06-19,Completed
8865,2211,Laiba,Clothing,3,1796.52,2026-04-25,Cancelled
8866,1478,Hina,Clothing,1,1155.03,2025-01-19,Cancelled
8867,2701,Kiran,Electronics,9,723.33,2025-04-01,Pending
8868,1210,Laiba,Toys,9,1342.68,2025-02-09,Returned
8869,2298,Ahmed,Clothing,6,926.76,2025-05-02,Returned
8870,1278,Hassan,Electronics,2,808.22,2025-09-06,Pending
8871,1177,Danish,Electronics,6,1875.84,2025-01-08,Cancelled
8872,1553,Iqra,Toys,5,453.15,2025-09-25,Completed
8873,1508,Danish,Groceries,3,417.48,2025-03-13,Cancelled
8874,1159,Kiran,Home,4,823.1,2025-12-15,Cancelled
8875,2173,Danish,Toys,4,1008.11,2025-03-11,Cancelled
8876,1171,Sara,Books,8,673.57,2026-01-22,Cancelled
8877,2365,Danish,Electronics,6,1936.57,2026-03-14,Returned
8878,1027,Laiba,Sports,10,1151.87,2026-03-09,Pending
8879,1486,Ali,Electronics,8,1492.16,2025-03-05,Pending
8880,2902,Hassan,Toys,3,1445.75,2025-11-20,Returned
8881,2292,Ali,Books,10,881.61,2026-03-23,Returned
8882,1813,Ahmed,Home,2,205.17,2025-12-30,Pending
8883,1791,Danish,Electronics,4,999.46,2025-12-05,Pending
8884,1765,Ahmed,Beauty,2,1749.22,2026-01-20,Cancelled
8885,1879,Omar,Toys,9,442.66,2025-07-16,Completed
8886,2591,Maham,Sports,6,1795.63,2026-02-20,Returned
8887,2931,Iqra,Books,6,378.19,2026-02-21,Returned
8888,2004,Noor,Electronics,10,1697.0,2025-07-22,Returned
8889,2242,Hamza,Beauty,7,671.2,2025-05-27,Cancelled
8890,2749,Ahmed,Sports,9,516.85,2025-05-29,Completed
8891,2634,Fatima,Sports,10,482.64,2025-04-08,Cancelled
8892,2839,Hina,Home,2,816.29,2025-11-09,Completed
8893,1905,Ali,Beauty,1,381.06,2025-08-31,Completed
8894,1397,Hina,Beauty,4,1732.31,2025-01-14,Completed
8895,1972,Iqra,Sports,3,1657.68,2025-11-12,Completed
8896,1822,Hassan,Home,4,1252.32,2026-01-28,Returned
8897,2218,Hassan,Beauty,1,243.6,2025-10-09,Completed
8898,2091,Iqra,Books,1,1750.11,2025-12-09,Cancelled
8899,2423,Bilal,Beauty,4,1948.34,2025-03-27,Completed
8900,2693,Ayesha,Books,8,150.29,2025-09-06,Pending
8901,2382,Ayesha,Books,8,1345.44,2025-09-07,Completed
8902,2188,Ayesha,Groceries,2,181.56,2025-01-17,Returned
8903,1699,Hamza,Home,3,1007.06,2025-11-16,Completed
8904,1333,Kiran,Books,2,75.84,2025-05-29,Cancelled
8905,1583,Bilal,Sports,5,1651.45,2026-03-19,Completed
8906,2402,Omar,Electronics,5,1086.66,2025-12-30,Returned
8907,2666,Noor,Clothing,10,1812.68,2025-10-19,Pending
8908,2104,Usman,Clothing,6,1237.38,2026-01-03,Pending
8909,1702,Hamza,Beauty,7,532.46,2025-02-09,Cancelled
8910,1358,Iqra,Groceries,1,460.7,2026-01-03,Completed
8911,2585,Usman,Clothing,5,1576.62,2026-03-23,Returned
8912,1755,Sana,Groceries,4,345.23,2025-02-21,Cancelled
8913,1916,Kiran,Home,2,1181.42,2025-11-06,Completed
8914,1946,Ayesha,Beauty,3,578.63,2025-04-26,Cancelled
8915,1725,Taha,Beauty,3,1547.54,2026-01-14,Returned
8916,1706,Usman,Books,6,994.2,2025-04-15,Cancelled
8917,1086,Hamza,Toys,6,1367.13,2026-01-25,Pending
8918,2196,Noor,Groceries,8,1237.01,2026-03-20,Completed
8919,1743,Hassan,Books,8,437.91,2026-04-02,Pending
8920,2621,Bilal,Toys,2,1212.32,2025-08-29,Pending
8921,2425,Usman,Electronics,4,875.34,2025-11-09,Pending
8922,2285,Bilal,Home,2,455.43,2025-12-27,Cancelled
8923,2838,Ahmed,Clothing,7,242.18,2025-11-26,Pending
8924,2686,Danish,Toys,10,1074.96,2025-11-04,Completed
8925,1904,Hina,Beauty,1,1242.94,2025-02-16,Completed
8926,1637,Bilal,Electronics,4,374.6,2025-02-05,Returned
8927,1766,Danish,Electronics,8,267.08,2025-07-01,Cancelled
8928,1978,Iqra,Clothing,4,971.51,2025-01-12,Returned
8929,2263,Omar,Groceries,1,412.73,2025-07-04,Completed
8930,1484,Taha,Groceries,8,1670.61,2025-08-17,Completed
8931,1158,Hassan,Beauty,10,1704.61,2025-08-06,Completed
8932,1346,Hassan,Books,6,1796.41,2026-04-14,Pending
8933,2468,Ahmed,Books,4,884.83,2025-05-14,Pending
8934,2742,Sara,Groceries,7,1343.81,2026-01-07,Pending
8935,1187,Sara,Electronics,2,1402.22,2026-02-15,Cancelled
8936,1298,Ayesha,Clothing,10,1413.62,2026-04-24,Completed
8937,1003,Bilal,Toys,4,1125.65,2025-01-14,Returned
8938,1915,Hina,Beauty,3,1530.37,2025-10-29,Pending
8939,1865,Usman,Electronics,9,902.6,2025-04-13,Pending
8940,2704,Hamza,Toys,6,551.51,2025-05-09,Pending
8941,2254,Kiran,Groceries,1,190.97,2025-04-04,Pending
8942,1096,Laiba,Groceries,10,591.45,2026-01-07,Returned
8943,1685,Taha,Home,3,356.07,2026-01-26,Cancelled
8944,1997,Hamza,Home,6,673.81,2025-02-05,Cancelled
8945,2330,Maham,Groceries,6,1647.49,2025-08-03,Cancelled
8946,2100,Fatima,Groceries,10,326.79,2025-06-17,Pending
8947,2036,Sana,Clothing,7,795.75,2025-07-05,Returned
8948,1072,Bilal,Sports,7,1496.97,2025-08-16,Pending
8949,2332,Kiran,Groceries,2,1432.84,2025-04-28,Pending
8950,1344,Ahmed,Books,8,979.6,2025-10-03,Cancelled
8951,1071,Sana,Beauty,10,840.14,2025-09-01,Pending
8952,2999,Taha,Clothing,7,523.65,2026-02-17,Cancelled
8953,1258,Hina,Books,4,1127.51,2026-01-07,Pending
8954,2031,Danish,Toys,5,1813.93,2025-08-31,Returned
8955,1738,Noor,Books,5,1501.43,2025-11-10,Returned
8956,2306,Ahmed,Home,1,407.65,2025-05-05,Completed
8957,2737,Bilal,Sports,1,856.97,2025-01-11,Returned
8958,1229,Sana,Toys,8,1323.16,2025-09-12,Cancelled
8959,1562,Sara,Sports,10,1158.16,2026-01-22,Completed
8960,2849,Ali,Beauty,8,1052.94,2025-12-03,Cancelled
8961,1807,Taha,Electronics,6,1424.07,2025-10-14,Returned
8962,2636,Usman,Clothing,9,285.86,2025-04-12,Pending
8963,2896,Usman,Toys,8,1863.44,2025-10-30,Pending
8964,1412,Bilal,Home,6,304.47,2025-08-16,Returned
8965,1232,Kiran,Home,4,1795.53,2025-03-23,Completed
8966,1346,Maham,Beauty,2,649.38,2025-05-07,Cancelled
8967,2514,Laiba,Electronics,8,990.08,2025-04-19,Completed
8968,1811,Hina,Beauty,3,921.69,2026-03-27,Cancelled
8969,1642,Fatima,Sports,2,584.28,2025-08-27,Completed
8970,1339,Fatima,Toys,10,667.25,2025-10-06,Returned
8971,1754,Ayesha,Groceries,4,1517.98,2025-01-30,Completed
8972,2581,Usman,Electronics,4,1691.58,2026-04-18,Returned
8973,1412,Taha,Sports,3,1863.74,2025-09-21,Returned
8974,1487,Kiran,Sports,9,1647.89,2026-04-27,Pending
8975,1690,Omar,Groceries,3,98.8,2026-03-25,Cancelled
8976,2315,Taha,Toys,7,228.19,2026-02-06,Returned
8977,2894,Bilal,Books,5,1195.55,2026-01-18,Completed
8978,1449,Ahmed,Books,3,99.87,2025-05-22,Returned
8979,2774,Ali,Books,8,934.02,2025-11-23,Cancelled
8980,2199,Fatima,Books,10,1644.96,2025-01-27,Completed
8981,1140,Fatima,Sports,10,498.68,2025-02-14,Pending
8982,1689,Zain,Toys,6,1117.53,2026-02-11,Completed
8983,1602,Ali,Sports,8,1074.56,2026-01-09,Completed
8984,2167,Usman,Electronics,8,1043.54,2025-04-11,Pending
8985,1081,Zain,Groceries,10,1544.55,2025-11-08,Cancelled
8986,2756,Omar,Toys,2,154.2,2026-03-29,Returned
8987,1231,Taha,Clothing,8,1985.96,2025-04-05,Returned
8988,1950,Iqra,Electronics,2,111.19,2025-09-27,Pending
8989,1727,Hamza,Toys,5,1806.85,2025-06-17,Pending
8990,2510,Sana,Clothing,6,1823.21,2025-07-27,Pending
8991,2861,Noor,Clothing,4,1089.36,2025-02-28,Completed
8992,2428,Usman,Sports,8,251.85,2025-11-24,Cancelled
8993,2797,Sana,Electronics,10,909.64,2025-07-07,Returned
8994,2150,Sara,Books,6,581.28,2025-01-07,Completed
8995,1821,Hina,Toys,6,1139.19,2025-03-11,Pending
8996,2920,Iqra,Home,10,459.17,2025-01-18,Cancelled
8997,2683,Fatima,Sports,10,115.61,2025-09-06,Completed
8998,2542,Hamza,Clothing,2,421.27,2025-07-21,Completed
8999,1692,Ayesha,Clothing,10,648.4,2025-03-14,Pending
9000,1972,Hamza,Sports,3,173.49,2025-02-22,Cancelled
9001,2959,Laiba,Clothing,8,1853.78,2025-01-05,Cancelled
9002,2289,Hamza,Sports,2,1116.07,2026-03-31,Returned
9003,1017,Taha,Electronics,7,1351.04,2025-01-03,Pending
9004,2896,Hamza,Books,6,274.45,2025-07-23,Pending
9005,1290,Maham,Clothing,8,692.61,2025-07-02,Pending
9006,1149,Omar,Sports,3,567.26,2025-10-11,Returned
9007,1309,Hassan,Home,10,1783.36,2025-02-01,Pending
9008,2082,Sana,Clothing,7,570.95,2026-04-18,Pending
9009,1179,Ayesha,Sports,6,860.27,2026-04-04,Cancelled
9010,2827,Bilal,Groceries,7,1821.02,2025-03-24,Pending
9011,1565,Sana,Home,9,925.35,2025-11-25,Returned
9012,2980,Iqra,Toys,2,1135.76,2025-07-19,Cancelled
9013,2669,Maham,Beauty,9,963.04,2025-11-13,Cancelled
9014,1172,Omar,Sports,9,1116.69,2025-03-15,Cancelled
9015,1178,Maham,Toys,4,92.15,2025-10-28,Completed
9016,2530,Omar,Sports,2,866.06,2026-03-04,Returned
9017,1331,Fatima,Groceries,8,1732.94,2025-01-30,Completed
9018,2266,Zain,Books,3,1735.45,2025-12-23,Cancelled
9019,2580,Noor,Sports,6,1260.87,2025-08-18,Completed
9020,1105,Noor,Clothing,5,323.29,2026-02-28,Cancelled
9021,1544,Hamza,Books,8,1244.63,2025-11-06,Cancelled
9022,2381,Sara,Groceries,10,1206.57,2025-01-17,Returned
9023,2144,Ayesha,Toys,6,1082.77,2026-03-16,Returned
9024,2877,Sara,Home,3,1910.34,2026-04-14,Pending
9025,2399,Laiba,Home,7,678.12,2025-01-16,Pending
9026,2568,Ahmed,Beauty,4,290.26,2025-09-04,Cancelled
9027,2030,Sana,Home,6,850.83,2025-09-03,Completed
9028,2315,Ali,Clothing,2,1165.54,2025-10-24,Cancelled
9029,2729,Taha,Clothing,9,206.78,2025-12-06,Pending
9030,2419,Fatima,Toys,10,1534.04,2025-12-06,Returned
9031,2264,Ahmed,Toys,6,353.6,2025-05-02,Cancelled
9032,2737,Hina,Toys,7,1567.49,2025-03-18,Cancelled
9033,1954,Laiba,Home,6,1243.23,2026-02-20,Pending
9034,2315,Omar,Clothing,5,681.68,2025-02-26,Returned
9035,1326,Iqra,Beauty,1,1099.31,2025-02-23,Returned
9036,2188,Fatima,Beauty,3,1771.19,2025-06-13,Returned
9037,2980,Laiba,Beauty,2,1137.93,2025-06-07,Cancelled
9038,1042,Noor,Groceries,9,393.14,2026-01-24,Pending
9039,2536,Kiran,Beauty,1,1854.67,2026-03-03,Returned
9040,2779,Kiran,Clothing,10,594.15,2025-12-26,Completed
9041,1511,Laiba,Clothing,7,1051.36,2025-02-09,Returned
9042,1169,Omar,Sports,5,574.8,2025-04-04,Pending
9043,2567,Noor,Home,8,1736.99,2026-04-12,Completed
9044,2687,Ahmed,Sports,10,1297.14,2025-09-19,Completed
9045,2539,Maham,Sports,10,1176.77,2025-02-15,Completed
9046,1069,Omar,Clothing,8,1030.35,2025-01-08,Completed
9047,2935,Zain,Groceries,1,184.74,2025-02-08,Cancelled
9048,2972,Bilal,Electronics,5,506.67,2025-08-10,Returned
9049,2011,Sana,Home,1,1760.37,2025-09-25,Pending
9050,1766,Ali,Electronics,8,254.65,2025-01-02,Pending
9051,1547,Sana,Sports,1,1919.36,2025-10-17,Pending
9052,2154,Sara,Clothing,1,751.63,2025-10-23,Returned
9053,2525,Ayesha,Beauty,9,1575.44,2026-02-15,Completed
9054,2941,Usman,Books,6,1879.55,2025-02-05,Cancelled
9055,1018,Maham,Beauty,8,1786.72,2025-02-26,Pending
9056,2109,Ali,Books,6,1277.11,2025-09-29,Cancelled
9057,1263,Usman,Beauty,5,701.23,2026-04-30,Completed
9058,2526,Ayesha,Home,7,481.39,2025-03-10,Cancelled
9059,1615,Omar,Groceries,8,143.98,2025-01-07,Pending
9060,1896,Danish,Beauty,7,533.05,2025-09-29,Pending
9061,1966,Iqra,Beauty,2,249.3,2025-08-02,Pending
9062,1624,Fatima,Electronics,8,540.47,2026-02-25,Pending
9063,1533,Bilal,Electronics,1,441.8,2025-05-04,Returned
9064,1212,Iqra,Electronics,1,544.46,2025-04-22,Pending
9065,2308,Danish,Groceries,8,501.69,2025-02-24,Pending
9066,1637,Maham,Groceries,5,902.13,2026-01-26,Completed
9067,2356,Danish,Groceries,4,544.4,2025-01-12,Cancelled
9068,2784,Noor,Electronics,4,947.54,2025-04-29,Cancelled
9069,2011,Hassan,Sports,8,1463.3,2026-04-20,Completed
9070,2593,Omar,Books,4,865.41,2026-02-23,Cancelled
9071,1230,Omar,Electronics,6,1815.34,2025-09-23,Pending
9072,2996,Ayesha,Groceries,3,337.66,2025-06-18,Completed
9073,1184,Taha,Toys,8,1371.8,2025-06-26,Completed
9074,2854,Zain,Toys,6,416.68,2025-04-22,Returned
9075,1339,Ayesha,Clothing,8,315.57,2025-12-28,Pending
9076,2516,Hamza,Electronics,1,135.75,2025-07-04,Completed
9077,1388,Hina,Electronics,3,695.64,2026-01-01,Pending
9078,2492,Laiba,Sports,8,1546.24,2025-07-10,Completed
9079,2510,Sana,Home,4,1219.51,2025-10-23,Cancelled
9080,1590,Danish,Groceries,5,955.96,2025-06-28,Returned
9081,2493,Laiba,Beauty,10,1759.89,2025-10-13,Cancelled
9082,2233,Ali,Home,5,1474.96,2025-03-11,Completed
9083,2837,Fatima,Beauty,3,54.68,2025-01-18,Completed
9084,2417,Ahmed,Books,3,1122.54,2026-01-14,Returned
9085,1700,Kiran,Clothing,8,1926.89,2025-08-25,Completed
9086,1518,Laiba,Electronics,3,630.35,2025-09-27,Cancelled
9087,1041,Bilal,Sports,1,821.75,2026-01-26,Pending
9088,2117,Danish,Clothing,8,1258.81,2026-02-05,Cancelled
9089,2926,Maham,Home,1,499.04,2025-10-08,Cancelled
9090,2295,Omar,Home,9,764.56,2026-02-20,Cancelled
9091,1695,Hina,Toys,7,1464.53,2025-09-22,Returned
9092,1999,Fatima,Beauty,10,1229.05,2025-06-24,Pending
9093,1055,Hamza,Home,4,1083.51,2025-12-30,Cancelled
9094,1863,Danish,Beauty,1,1685.75,2026-04-21,Pending
9095,2685,Maham,Beauty,5,310.31,2025-09-16,Completed
9096,1191,Bilal,Electronics,5,555.84,2025-07-28,Returned
9097,2461,Maham,Beauty,7,177.3,2026-04-03,Returned
9098,1007,Ahmed,Home,4,1508.3,2025-08-05,Returned
9099,1848,Hassan,Clothing,5,650.69,2025-05-11,Pending
9100,1373,Usman,Toys,2,803.09,2026-02-07,Cancelled
9101,2688,Noor,Toys,2,1242.33,2026-03-08,Completed
9102,2333,Hina,Books,1,325.71,2025-10-10,Completed
9103,1602,Usman,Electronics,7,1922.28,2025-06-23,Completed
9104,1422,Hina,Clothing,6,426.19,2025-07-22,Completed
9105,1449,Maham,Beauty,10,379.58,2025-10-06,Cancelled
9106,1013,Hassan,Home,10,819.82,2026-01-31,Pending
9107,2387,Sara,Clothing,9,1277.88,2025-07-19,Cancelled
9108,2540,Bilal,Books,10,1865.19,2026-04-26,Completed
9109,2606,Maham,Sports,9,284.35,2025-07-01,Cancelled
9110,1110,Bilal,Sports,9,1316.84,2026-02-12,Completed
9111,2758,Taha,Clothing,10,744.92,2025-06-28,Pending
9112,2314,Noor,Books,4,1269.2,2025-07-30,Cancelled
9113,1981,Kiran,Home,7,1831.16,2025-02-26,Completed
9114,1716,Sana,Electronics,7,309.36,2025-02-21,Completed
9115,1602,Fatima,Home,4,1629.95,2025-11-20,Completed
9116,2253,Laiba,Electronics,10,674.24,2026-04-16,Cancelled
9117,1398,Usman,Electronics,9,1315.57,2026-03-29,Cancelled
9118,2349,Omar,Clothing,6,860.54,2025-04-17,Returned
9119,1383,Bilal,Beauty,7,1549.99,2025-09-05,Cancelled
9120,2057,Ahmed,Beauty,5,54.55,2025-05-31,Returned
9121,2918,Sana,Home,7,711.5,2025-08-31,Returned
9122,2797,Noor,Home,4,1492.2,2025-01-15,Cancelled
9123,2438,Zain,Beauty,8,829.06,2026-01-13,Pending
9124,2125,Hina,Clothing,9,1065.99,2026-02-05,Returned
9125,2553,Ali,Toys,8,1995.46,2026-01-21,Cancelled
9126,2036,Taha,Home,1,1357.81,2026-03-27,Pending
9127,1729,Sara,Beauty,8,193.89,2026-04-25,Cancelled
9128,2964,Danish,Groceries,9,529.77,2025-01-01,Completed
9129,1240,Fatima,Toys,6,728.74,2025-04-22,Pending
9130,2710,Taha,Beauty,2,335.34,2025-06-07,Pending
9131,1686,Danish,Books,5,1696.72,2025-08-05,Returned
9132,1876,Hassan,Books,8,782.0,2025-08-08,Returned
9133,1865,Maham,Sports,7,1228.63,2025-01-18,Returned
9134,2002,Taha,Books,1,1725.71,2025-08-06,Returned
9135,2632,Danish,Toys,3,1371.64,2025-07-18,Pending
9136,2031,Bilal,Toys,4,1850.22,2025-07-23,Cancelled
9137,2006,Kiran,Sports,7,988.06,2026-02-09,Returned
9138,2692,Zain,Sports,5,1819.4,2025-06-20,Completed
9139,1214,Ahmed,Books,6,735.72,2025-07-11,Returned
9140,2447,Usman,Books,9,1943.46,2025-03-14,Completed
9141,1130,Danish,Clothing,9,407.69,2025-03-23,Pending
9142,2528,Noor,Groceries,1,333.17,2025-02-13,Returned
9143,1900,Ahmed,Electronics,9,164.03,2025-02-28,Cancelled
9144,1133,Zain,Sports,7,242.09,2025-05-24,Cancelled
9145,1319,Maham,Beauty,7,1815.58,2025-04-07,Cancelled
9146,1773,Zain,Home,8,1900.62,2025-09-18,Returned
9147,1049,Ahmed,Electronics,1,312.65,2025-09-27,Completed
9148,1526,Danish,Groceries,2,1939.21,2026-01-04,Pending
9149,2197,Laiba,Beauty,1,1016.01,2025-02-23,Completed
9150,1920,Omar,Electronics,8,1103.98,2025-05-26,Cancelled
9151,2757,Fatima,Toys,1,542.73,2026-03-15,Pending
9152,1439,Hina,Books,3,679.5,2025-02-12,Pending
9153,1192,Taha,Home,10,1091.27,2025-10-22,Completed
9154,1882,Kiran,Groceries,7,797.4,2025-05-21,Completed
9155,2383,Ali,Sports,3,1020.7,2025-11-26,Returned
9156,1639,Ali,Beauty,8,1679.12,2026-04-09,Returned
9157,2383,Sara,Groceries,8,1774.05,2025-06-21,Pending
9158,2686,Kiran,Home,6,1702.3,2026-03-30,Cancelled
9159,1531,Ahmed,Home,10,1788.88,2025-11-03,Pending
9160,1693,Hamza,Toys,7,1106.58,2026-04-07,Completed
9161,1995,Iqra,Home,1,557.39,2026-01-09,Completed
9162,2057,Kiran,Electronics,7,1144.64,2025-07-07,Pending
9163,2646,Noor,Books,6,1615.22,2026-04-19,Completed
9164,2744,Danish,Clothing,2,1570.55,2025-09-17,Returned
9165,1402,Hina,Beauty,10,1451.51,2025-07-30,Returned
9166,1733,Hina,Groceries,7,50.03,2025-09-18,Pending
9167,1285,Noor,Sports,3,439.3,2026-04-03,Pending
9168,1099,Maham,Sports,5,788.26,2025-12-11,Pending
9169,2483,Maham,Toys,7,1039.45,2025-04-25,Completed
9170,2469,Kiran,Books,5,1260.1,2025-01-05,Pending
9171,1211,Fatima,Toys,4,988.99,2025-12-14,Returned
9172,1371,Hassan,Beauty,9,952.23,2025-08-02,Pending
9173,2630,Hamza,Clothing,2,1927.46,2025-04-02,Pending
9174,1021,Zain,Electronics,2,954.04,2025-08-27,Cancelled
9175,1323,Ali,Electronics,10,568.72,2025-10-01,Pending
9176,2713,Ayesha,Home,7,575.43,2025-04-12,Pending
9177,2607,Noor,Toys,8,515.74,2026-01-30,Completed
9178,2820,Taha,Clothing,7,298.88,2026-03-15,Cancelled
9179,2953,Laiba,Toys,2,777.75,2025-11-17,Cancelled
9180,2384,Kiran,Sports,9,1621.34,2025-04-23,Completed
9181,1757,Ahmed,Clothing,5,1094.37,2025-01-04,Completed
9182,1307,Usman,Clothing,7,1472.27,2026-01-24,Returned
9183,1847,Bilal,Sports,3,1434.46,2026-04-21,Completed
9184,2964,Hina,Toys,8,1119.57,2026-02-22,Completed
9185,1616,Laiba,Toys,7,827.06,2025-07-09,Pending
9186,2557,Maham,Sports,10,1404.69,2026-01-01,Returned
9187,1726,Kiran,Toys,5,185.64,2025-06-13,Completed
9188,1321,Hamza,Groceries,2,977.52,2025-04-10,Cancelled
9189,1229,Hassan,Toys,2,551.5,2025-02-10,Returned
9190,2895,Kiran,Toys,5,1669.65,2025-12-18,Returned
9191,2661,Hamza,Books,4,1113.05,2026-01-11,Returned
9192,1017,Kiran,Electronics,6,1560.56,2025-05-17,Returned
9193,2597,Laiba,Books,5,925.04,2025-06-16,Completed
9194,1005,Ali,Clothing,9,1477.54,2025-01-26,Cancelled
9195,2982,Hamza,Sports,6,1274.55,2025-02-20,Completed
9196,1522,Hina,Clothing,1,1779.01,2025-04-28,Returned
9197,1973,Danish,Electronics,2,1541.48,2026-02-19,Completed
9198,1321,Laiba,Sports,3,482.12,2025-02-19,Pending
9199,1142,Hassan,Sports,10,1610.04,2026-03-30,Returned
9200,2747,Sana,Beauty,1,167.52,2025-03-21,Completed
9201,1417,Sana,Books,4,1855.95,2025-11-17,Cancelled
9202,2814,Danish,Toys,5,242.49,2026-02-17,Completed
9203,2831,Hamza,Toys,3,1797.94,2025-01-10,Pending
9204,1212,Danish,Sports,4,921.47,2026-03-07,Cancelled
9205,2057,Fatima,Toys,2,1117.21,2025-01-05,Pending
9206,2303,Omar,Beauty,10,853.41,2025-08-30,Returned
9207,2466,Usman,Clothing,8,529.03,2025-03-28,Returned
9208,1724,Danish,Home,7,1147.78,2026-02-14,Completed
9209,2479,Fatima,Electronics,9,398.85,2026-04-28,Cancelled
9210,2678,Danish,Toys,5,1404.35,2025-07-15,Pending
9211,1393,Hina,Beauty,8,1083.58,2025-08-03,Completed
9212,2515,Ayesha,Electronics,5,1947.52,2025-07-24,Completed
9213,1603,Maham,Books,9,935.44,2025-07-13,Pending
9214,2773,Iqra,Beauty,5,1274.34,2025-12-07,Pending
9215,1836,Maham,Electronics,8,75.17,2025-09-27,Completed
9216,2705,Taha,Beauty,8,1704.95,2025-10-08,Pending
9217,1380,Ahmed,Toys,4,1281.73,2026-02-23,Returned
9218,2332,Usman,Groceries,5,1784.53,2026-03-26,Pending
9219,1478,Ali,Electronics,6,449.57,2025-08-17,Returned
9220,2697,Noor,Beauty,1,886.36,2025-11-11,Returned
9221,2293,Sara,Groceries,5,1526.86,2026-04-25,Returned
9222,2097,Danish,Toys,1,1373.84,2026-04-26,Pending
9223,1508,Omar,Clothing,7,536.42,2025-03-16,Cancelled
9224,2624,Hina,Sports,10,1350.99,2025-09-10,Pending
9225,1736,Laiba,Groceries,1,1190.55,2025-06-29,Pending
9226,2000,Omar,Books,7,1217.52,2025-06-23,Returned
9227,1597,Sana,Beauty,9,662.52,2025-07-10,Returned
9228,1469,Fatima,Home,8,877.76,2025-02-17,Completed
9229,1658,Iqra,Home,8,1931.22,2025-02-09,Completed
9230,1597,Hina,Books,6,312.99,2025-04-09,Completed
9231,2043,Laiba,Electronics,1,657.8,2025-11-15,Completed
9232,2158,Sara,Beauty,7,328.47,2025-02-14,Completed
9233,2461,Iqra,Sports,9,1819.34,2025-09-21,Completed
9234,2076,Iqra,Clothing,4,666.65,2025-03-07,Completed
9235,1521,Zain,Toys,8,946.93,2026-03-23,Completed
9236,2655,Danish,Books,8,1896.12,2026-03-17,Pending
9237,1870,Laiba,Sports,6,1732.9,2025-04-17,Pending
9238,2328,Noor,Beauty,5,534.94,2025-08-08,Completed
9239,1426,Danish,Books,7,1969.88,2026-01-04,Returned
9240,1368,Ayesha,Home,7,1078.34,2025-02-15,Pending
9241,2385,Ali,Clothing,6,688.5,2025-09-18,Pending
9242,1762,Ali,Beauty,7,831.19,2025-11-26,Pending
9243,1101,Usman,Home,2,839.95,2026-02-24,Returned
9244,1644,Hamza,Clothing,3,848.65,2026-03-05,Pending
9245,2127,Omar,Electronics,2,1956.98,2025-12-14,Cancelled
9246,1012,Ali,Books,5,425.76,2025-04-20,Cancelled
9247,1453,Ahmed,Books,7,758.06,2025-04-28,Completed
9248,1769,Fatima,Home,8,150.31,2025-01-08,Cancelled
9249,1033,Bilal,Books,10,1949.06,2026-01-04,Pending
9250,1172,Kiran,Clothing,3,220.24,2026-04-14,Cancelled
9251,1862,Laiba,Toys,2,851.64,2025-03-31,Returned
9252,2476,Iqra,Groceries,7,1721.41,2026-03-01,Pending
9253,1263,Sara,Books,1,1852.09,2026-03-05,Cancelled
9254,2408,Ahmed,Beauty,5,512.57,2025-01-28,Completed
9255,2421,Ali,Electronics,5,1078.64,2025-03-31,Returned
9256,1351,Hina,Beauty,9,1338.76,2026-04-27,Returned
9257,2156,Ali,Books,5,1482.18,2025-12-06,Returned
9258,2202,Bilal,Clothing,1,637.37,2025-06-09,Pending
9259,1177,Hamza,Toys,3,1817.91,2025-01-15,Completed
9260,1482,Noor,Books,1,1095.76,2026-01-20,Completed
9261,2300,Sara,Groceries,4,253.64,2026-04-27,Completed
9262,2108,Hina,Books,7,1796.78,2025-06-08,Cancelled
9263,1753,Danish,Sports,9,229.2,2025-08-27,Returned
9264,2033,Usman,Groceries,10,1950.58,2025-02-20,Completed
9265,1017,Maham,Books,7,1488.44,2026-01-13,Returned
9266,1121,Maham,Clothing,6,1196.54,2025-10-18,Cancelled
9267,1613,Sara,Clothing,5,1011.67,2025-05-17,Cancelled
9268,2589,Sana,Books,6,413.15,2025-04-16,Cancelled
9269,1569,Danish,Sports,9,1051.67,2025-02-02,Completed
9270,2286,Hassan,Beauty,10,451.23,2025-01-04,Cancelled
9271,1845,Usman,Electronics,3,143.45,2026-03-18,Completed
9272,1798,Zain,Books,7,892.41,2025-09-10,Pending
9273,1819,Bilal,Clothing,10,964.46,2026-04-26,Pending
9274,2279,Hina,Clothing,4,1133.3,2025-04-19,Cancelled
9275,2490,Zain,Sports,5,737.73,2025-11-26,Pending
9276,2840,Bilal,Home,10,1592.97,2025-03-24,Returned
9277,1834,Omar,Sports,1,273.6,2025-02-17,Completed
9278,1041,Danish,Electronics,4,1569.84,2026-03-17,Returned
9279,2750,Ayesha,Groceries,2,835.0,2025-10-27,Pending
9280,1144,Sara,Clothing,1,1413.99,2025-04-05,Returned
9281,2208,Laiba,Beauty,10,813.85,2025-06-13,Returned
9282,1062,Hina,Clothing,4,869.11,2025-08-17,Returned
9283,1160,Maham,Groceries,3,529.72,2025-08-21,Cancelled
9284,2921,Ayesha,Books,6,173.32,2025-11-08,Returned
9285,2473,Hamza,Home,2,1439.39,2025-08-07,Returned
9286,2671,Zain,Groceries,2,1067.73,2026-03-25,Cancelled
9287,1208,Noor,Clothing,8,1280.54,2025-06-19,Pending
9288,1810,Ali,Clothing,3,105.51,2026-03-03,Pending
9289,2592,Sana,Home,10,1542.1,2026-01-03,Completed
9290,2617,Maham,Beauty,3,143.91,2025-04-10,Pending
9291,1928,Laiba,Sports,8,1581.46,2025-06-10,Cancelled
9292,2111,Hina,Electronics,1,488.13,2025-06-14,Cancelled
9293,2572,Sana,Books,5,82.35,2026-04-13,Completed
9294,2108,Hina,Clothing,2,1894.89,2025-05-27,Pending
9295,1682,Hina,Home,5,1894.91,2026-01-25,Completed
9296,1588,Omar,Home,3,1994.43,2025-12-16,Completed
9297,2803,Usman,Clothing,5,704.0,2025-04-17,Completed
9298,1038,Iqra,Clothing,4,1134.93,2026-01-02,Pending
9299,2512,Hina,Clothing,3,398.96,2025-06-12,Pending
9300,1627,Ali,Beauty,6,704.24,2025-08-19,Returned
9301,1517,Kiran,Toys,1,1339.03,2025-08-22,Cancelled
9302,2004,Laiba,Home,7,1010.74,2025-09-11,Completed
9303,2947,Hassan,Home,8,58.07,2025-08-14,Pending
9304,2930,Ayesha,Home,8,1276.84,2026-01-24,Completed
9305,2667,Iqra,Home,6,838.46,2025-12-09,Cancelled
9306,2282,Sana,Toys,7,590.99,2026-03-04,Cancelled
9307,2668,Hina,Groceries,9,716.61,2026-02-20,Pending
9308,1357,Noor,Toys,3,237.5,2025-12-03,Completed
9309,1955,Sana,Sports,8,1336.13,2026-03-03,Completed
9310,1546,Iqra,Groceries,10,1094.42,2025-11-05,Completed
9311,2153,Ayesha,Groceries,6,1102.03,2026-02-06,Cancelled
9312,1781,Danish,Books,7,1316.77,2025-12-25,Completed
9313,2899,Danish,Beauty,1,1180.13,2025-04-02,Cancelled
9314,2983,Hina,Groceries,8,289.09,2026-04-06,Pending
9315,1235,Sara,Books,6,1187.48,2025-01-14,Returned
9316,2376,Omar,Groceries,3,1185.58,2025-12-27,Returned
9317,1541,Sana,Books,5,379.92,2025-11-18,Cancelled
9318,1028,Ayesha,Groceries,10,1445.93,2025-02-22,Pending
9319,1475,Hina,Electronics,10,1395.21,2025-09-02,Completed
9320,2554,Bilal,Electronics,1,522.97,2026-04-12,Returned
9321,2932,Maham,Electronics,8,822.13,2025-02-23,Completed
9322,2996,Taha,Clothing,7,1238.32,2026-03-03,Cancelled
9323,1797,Sara,Electronics,9,1594.26,2026-03-14,Returned
9324,1307,Fatima,Sports,9,1878.5,2025-09-29,Pending
9325,2535,Danish,Beauty,3,1216.69,2025-11-12,Cancelled
9326,1759,Noor,Beauty,4,1755.74,2025-05-07,Pending
9327,1247,Sara,Beauty,8,554.77,2026-03-22,Completed
9328,2678,Taha,Sports,10,1406.16,2026-03-21,Cancelled
9329,1918,Ahmed,Toys,4,463.07,2025-06-05,Pending
9330,2441,Noor,Beauty,3,578.79,2025-07-29,Pending
9331,2223,Usman,Clothing,6,1112.63,2025-12-04,Pending
9332,1950,Taha,Toys,10,1802.73,2025-01-10,Cancelled
9333,2979,Danish,Clothing,4,1121.95,2025-02-03,Pending
9334,1696,Zain,Beauty,10,1533.87,2025-02-20,Pending
9335,2338,Hina,Books,4,496.57,2025-07-13,Pending
9336,2246,Hassan,Home,7,63.35,2025-03-29,Pending
9337,1639,Laiba,Home,10,1472.32,2026-04-30,Returned
9338,1248,Ayesha,Groceries,7,1313.4,2025-04-30,Cancelled
9339,2610,Sana,Groceries,10,1275.06,2025-09-30,Completed
9340,2764,Zain,Sports,2,1164.13,2026-04-11,Pending
9341,1260,Usman,Sports,4,246.04,2026-02-28,Completed
9342,2852,Zain,Sports,10,1311.79,2025-06-27,Cancelled
9343,2467,Ali,Beauty,3,363.18,2025-01-31,Returned
9344,2156,Maham,Clothing,6,416.87,2025-09-27,Pending
9345,1557,Ayesha,Clothing,10,930.63,2025-02-21,Pending
9346,1350,Usman,Beauty,3,1052.71,2025-03-07,Cancelled
9347,2155,Zain,Books,10,1274.16,2025-11-22,Completed
9348,2126,Bilal,Toys,6,1043.19,2025-03-14,Returned
9349,1673,Maham,Sports,7,297.07,2025-01-17,Pending
9350,2103,Omar,Home,1,121.6,2025-02-09,Pending
9351,1534,Iqra,Electronics,4,1279.09,2025-10-23,Returned
9352,1518,Usman,Electronics,6,1641.98,2025-02-28,Completed
9353,1520,Sara,Home,7,282.83,2026-01-28,Completed
9354,1553,Danish,Toys,4,1160.01,2026-02-10,Cancelled
9355,2404,Fatima,Home,8,1404.64,2025-09-07,Cancelled
9356,2013,Hassan,Home,6,1497.19,2025-04-02,Completed
9357,2416,Noor,Home,5,1092.3,2026-02-27,Returned
9358,1403,Bilal,Home,8,496.52,2025-08-07,Returned
9359,1100,Bilal,Toys,6,469.61,2025-10-11,Pending
9360,2556,Omar,Clothing,7,781.71,2025-12-20,Completed
9361,2680,Omar,Groceries,3,78.98,2025-01-15,Cancelled
9362,1665,Ayesha,Books,2,1604.95,2025-05-12,Completed
9363,1527,Ayesha,Toys,10,537.88,2025-09-28,Cancelled
9364,1272,Hamza,Books,3,1649.4,2025-04-05,Cancelled
9365,2217,Sara,Sports,6,80.91,2025-07-02,Completed
9366,1614,Maham,Home,7,331.38,2025-03-24,Completed
9367,1435,Usman,Electronics,8,1365.91,2025-11-05,Cancelled
9368,1551,Ahmed,Groceries,5,1656.29,2025-01-05,Returned
9369,1266,Hina,Clothing,3,1373.66,2026-04-16,Cancelled
9370,2353,Bilal,Toys,9,1952.55,2025-03-02,Pending
9371,2296,Noor,Toys,5,1868.78,2026-03-30,Pending
9372,2723,Omar,Books,1,1147.42,2025-07-22,Cancelled
9373,2652,Danish,Toys,7,129.53,2025-09-28,Returned
9374,1347,Fatima,Groceries,4,980.78,2026-03-19,Completed
9375,1622,Usman,Home,6,155.28,2025-01-16,Completed
9376,1559,Hassan,Toys,5,1018.96,2025-08-06,Pending
9377,2010,Laiba,Clothing,9,1053.8,2025-02-23,Completed
9378,2816,Ali,Sports,2,559.69,2026-01-18,Returned
9379,2380,Kiran,Home,7,399.6,2025-07-14,Pending
9380,1637,Zain,Clothing,3,284.91,2025-10-20,Returned
9381,2861,Usman,Beauty,8,99.82,2025-02-21,Completed
9382,1731,Hina,Electronics,9,286.51,2026-01-30,Completed
9383,1654,Maham,Home,10,1421.48,2026-01-19,Returned
9384,2849,Ahmed,Home,8,708.42,2025-12-16,Completed
9385,2882,Hamza,Toys,3,1469.3,2025-03-16,Completed
9386,1262,Ahmed,Toys,10,984.23,2025-08-29,Pending
9387,2172,Zain,Groceries,6,190.24,2025-01-24,Completed
9388,1833,Taha,Groceries,10,1290.79,2026-01-05,Completed
9389,1178,Omar,Clothing,8,676.25,2025-01-14,Pending
9390,1398,Hassan,Electronics,9,701.76,2026-03-18,Returned
9391,2593,Hina,Groceries,8,1993.29,2025-02-21,Returned
9392,2416,Fatima,Sports,6,1709.52,2026-01-26,Cancelled
9393,1765,Sana,Books,5,1219.23,2025-03-08,Pending
9394,1046,Hamza,Sports,5,1671.14,2025-04-16,Cancelled
9395,1042,Ali,Sports,1,867.31,2025-06-09,Completed
9396,1732,Hamza,Home,3,370.28,2025-06-20,Pending
9397,2034,Fatima,Electronics,8,1300.77,2025-03-11,Cancelled
9398,1720,Fatima,Books,3,856.41,2025-11-27,Pending
9399,2548,Kiran,Sports,10,963.84,2025-03-28,Cancelled
9400,2713,Ayesha,Home,10,852.69,2025-11-08,Pending
9401,1084,Ahmed,Books,10,1088.29,2026-03-21,Completed
9402,2543,Usman,Groceries,3,1399.53,2026-02-18,Cancelled
9403,2037,Bilal,Toys,6,200.46,2026-02-25,Returned
9404,1108,Sana,Clothing,9,1977.57,2025-06-24,Returned
9405,1095,Danish,Toys,7,239.14,2025-12-02,Completed
9406,1953,Omar,Books,5,218.08,2026-01-09,Returned
9407,1891,Noor,Sports,8,1650.48,2025-10-15,Pending
9408,2644,Hassan,Home,7,55.88,2025-10-15,Completed
9409,2930,Taha,Sports,2,337.11,2025-07-19,Pending
9410,2160,Danish,Groceries,8,1299.99,2026-04-22,Cancelled
9411,1964,Hassan,Beauty,10,1906.85,2025-12-10,Completed
9412,1914,Ayesha,Clothing,4,1549.33,2025-11-20,Cancelled
9413,1116,Sara,Home,1,1754.76,2025-04-10,Completed
9414,1998,Hassan,Clothing,9,460.84,2025-11-15,Completed
9415,1449,Danish,Groceries,5,982.53,2025-04-29,Cancelled
9416,1652,Sara,Electronics,4,1295.57,2026-03-05,Pending
9417,1201,Fatima,Electronics,6,1006.34,2025-07-20,Cancelled
9418,2661,Maham,Home,1,603.2,2026-01-10,Pending
9419,1439,Iqra,Books,10,62.99,2025-05-11,Returned
9420,2518,Iqra,Electronics,6,314.45,2026-02-20,Pending
9421,1570,Danish,Groceries,3,471.0,2025-05-09,Pending
9422,1210,Hassan,Sports,5,279.63,2025-04-14,Pending
9423,1275,Ayesha,Groceries,4,550.86,2025-08-08,Cancelled
9424,2706,Omar,Beauty,1,1000.19,2025-02-19,Pending
9425,2827,Hamza,Electronics,8,1362.33,2025-11-08,Cancelled
9426,1309,Hamza,Beauty,7,836.24,2025-07-09,Returned
9427,1705,Maham,Books,10,1627.48,2025-02-23,Cancelled
9428,2927,Noor,Sports,1,893.86,2025-08-15,Completed
9429,1226,Sara,Home,10,625.98,2026-01-16,Cancelled
9430,2633,Laiba,Home,3,1373.61,2026-01-24,Completed
9431,2055,Ahmed,Sports,6,867.81,2026-02-01,Completed
9432,2839,Sara,Groceries,5,1865.49,2025-12-15,Completed
9433,2770,Taha,Sports,6,1485.09,2025-12-11,Completed
9434,2345,Taha,Sports,10,131.98,2025-01-31,Pending
9435,1871,Maham,Toys,2,221.84,2025-02-05,Pending
9436,2759,Ahmed,Sports,8,1383.4,2025-09-04,Cancelled
9437,1424,Iqra,Books,5,1125.55,2026-03-15,Pending
9438,1919,Danish,Beauty,7,91.17,2025-03-05,Completed
9439,2704,Laiba,Sports,2,1190.76,2025-03-27,Cancelled
9440,2083,Noor,Groceries,3,389.76,2025-01-15,Pending
9441,1888,Danish,Electronics,9,1157.95,2026-01-14,Cancelled
9442,1761,Taha,Beauty,2,1741.82,2026-02-10,Pending
9443,1135,Zain,Toys,8,1716.47,2025-01-17,Completed
9444,2429,Usman,Toys,4,591.86,2025-12-20,Cancelled
9445,2497,Iqra,Beauty,2,1980.61,2025-10-24,Cancelled
9446,1283,Hassan,Electronics,2,258.95,2026-02-14,Returned
9447,2283,Laiba,Groceries,4,1830.98,2026-04-11,Completed
9448,2964,Iqra,Electronics,10,683.32,2025-04-15,Pending
9449,1991,Danish,Electronics,6,1257.84,2025-02-18,Pending
9450,1696,Ayesha,Books,1,998.93,2025-02-15,Completed
9451,1043,Hassan,Books,1,1488.49,2026-01-05,Cancelled
9452,2885,Maham,Books,5,1206.02,2025-01-15,Pending
9453,2158,Sara,Books,9,868.64,2025-07-30,Cancelled
9454,1495,Zain,Beauty,6,846.79,2025-10-04,Cancelled
9455,1972,Hassan,Electronics,7,529.16,2025-07-08,Returned
9456,2769,Bilal,Books,1,1422.02,2026-04-16,Completed
9457,1829,Hassan,Clothing,8,590.62,2026-04-30,Cancelled
9458,1651,Omar,Home,4,832.12,2026-02-23,Pending
9459,1921,Zain,Clothing,4,1391.81,2026-01-10,Cancelled
9460,2801,Zain,Toys,1,472.73,2025-06-10,Returned
9461,2701,Hina,Home,10,1641.36,2025-09-18,Completed
9462,2175,Hamza,Toys,10,1959.41,2026-02-20,Returned
9463,1797,Maham,Groceries,8,197.96,2025-02-10,Pending
9464,1815,Kiran,Books,1,1368.06,2025-06-03,Returned
9465,1452,Taha,Home,4,916.15,2025-11-07,Returned
9466,1843,Danish,Clothing,2,983.14,2026-02-28,Pending
9467,1590,Ahmed,Electronics,8,981.08,2025-08-21,Returned
9468,1618,Omar,Groceries,10,1146.89,2025-10-05,Pending
9469,2620,Usman,Books,5,155.18,2026-02-13,Cancelled
9470,2278,Kiran,Home,4,357.25,2026-03-06,Returned
9471,1367,Sara,Clothing,6,651.05,2026-01-03,Completed
9472,2865,Laiba,Home,2,1623.68,2025-03-19,Cancelled
9473,1704,Sana,Home,2,1686.35,2025-11-12,Pending
9474,1032,Omar,Groceries,6,1294.51,2025-12-07,Pending
9475,2299,Danish,Sports,7,1928.35,2025-04-28,Cancelled
9476,2468,Noor,Beauty,5,1749.45,2026-03-30,Cancelled
9477,2338,Noor,Sports,5,1141.85,2026-02-09,Completed
9478,1834,Taha,Toys,9,180.78,2025-06-29,Pending
9479,2694,Fatima,Electronics,2,1076.99,2025-09-12,Cancelled
9480,2839,Fatima,Home,8,276.7,2026-04-22,Pending
9481,2721,Bilal,Electronics,5,1512.49,2026-04-18,Pending
9482,1592,Ahmed,Beauty,4,1812.53,2026-01-11,Cancelled
9483,2474,Hassan,Clothing,7,659.13,2025-04-12,Cancelled
9484,2115,Ali,Beauty,2,1195.79,2025-12-27,Pending
9485,2066,Noor,Groceries,7,337.62,2025-03-28,Completed
9486,1375,Ali,Electronics,3,451.8,2025-01-27,Completed
9487,2101,Usman,Electronics,4,1144.45,2026-02-28,Completed
9488,1064,Sara,Electronics,1,1038.92,2025-11-06,Returned
9489,1957,Kiran,Sports,6,391.89,2025-09-06,Cancelled
9490,2979,Taha,Toys,4,615.52,2025-10-06,Cancelled
9491,2251,Kiran,Electronics,4,880.81,2025-11-23,Returned
9492,1746,Sara,Beauty,5,1165.43,2025-01-28,Completed
9493,2508,Danish,Home,3,1083.12,2025-04-24,Completed
9494,2438,Sana,Electronics,4,72.72,2025-05-15,Pending
9495,2496,Ahmed,Electronics,5,1573.31,2026-04-22,Returned
9496,1781,Usman,Sports,10,914.79,2025-04-22,Pending
9497,1441,Sara,Books,2,1857.93,2025-07-29,Pending
9498,2743,Zain,Toys,10,539.81,2025-02-07,Pending
9499,1719,Taha,Clothing,5,1269.98,2025-05-22,Returned
9500,2146,Noor,Clothing,8,1103.09,2025-12-06,Completed
9501,2362,Noor,Clothing,4,246.02,2026-03-01,Pending
9502,1363,Zain,Beauty,3,966.19,2026-04-14,Returned
9503,1316,Hamza,Beauty,10,139.94,2025-09-10,Cancelled
9504,1005,Sana,Groceries,8,1259.27,2025-03-27,Completed
9505,2734,Ali,Sports,8,141.67,2025-10-06,Pending
9506,2546,Noor,Groceries,7,686.68,2025-08-11,Completed
9507,2466,Usman,Toys,1,357.2,2025-01-19,Pending
9508,2364,Iqra,Clothing,4,262.7,2025-06-24,Pending
9509,1972,Sara,Sports,5,1047.23,2025-03-11,Cancelled
9510,2768,Maham,Groceries,10,820.4,2026-04-09,Cancelled
9511,2590,Iqra,Clothing,2,1649.44,2025-02-13,Pending
9512,1025,Hina,Clothing,10,1696.56,2025-10-31,Completed
9513,2771,Maham,Electronics,1,309.25,2026-01-14,Cancelled
9514,1820,Kiran,Home,4,988.49,2025-07-26,Cancelled
9515,1492,Ali,Toys,7,643.27,2025-02-27,Pending
9516,2068,Iqra,Groceries,10,1710.19,2026-03-18,Pending
9517,2514,Bilal,Sports,6,977.57,2026-03-04,Cancelled
9518,2700,Bilal,Beauty,8,116.5,2025-08-18,Pending
9519,2329,Hassan,Electronics,8,1568.65,2026-01-22,Returned
9520,1839,Ahmed,Groceries,9,949.99,2026-01-05,Completed
9521,2498,Fatima,Sports,2,971.0,2025-07-13,Returned
9522,2744,Omar,Books,6,683.09,2025-09-10,Pending
9523,1591,Hamza,Toys,8,66.65,2025-05-12,Completed
9524,1477,Noor,Toys,3,464.98,2025-07-06,Returned
9525,1101,Laiba,Home,2,1922.49,2026-02-10,Returned
9526,1955,Laiba,Beauty,8,993.27,2026-04-17,Cancelled
9527,1172,Hina,Toys,4,1042.56,2026-03-28,Returned
9528,1893,Ayesha,Toys,9,819.78,2025-09-25,Returned
9529,1039,Usman,Toys,4,478.16,2025-07-24,Cancelled
9530,1271,Usman,Clothing,2,1126.33,2025-08-08,Pending
9531,1086,Sana,Beauty,9,1043.55,2025-03-10,Returned
9532,2942,Sara,Beauty,5,561.43,2025-10-02,Cancelled
9533,1545,Usman,Home,4,220.18,2025-11-07,Completed
9534,1994,Zain,Groceries,6,1369.17,2025-10-28,Completed
9535,2008,Ali,Books,2,50.52,2025-08-09,Pending
9536,2854,Laiba,Beauty,6,453.16,2025-01-05,Cancelled
9537,2375,Bilal,Beauty,3,631.1,2025-04-22,Cancelled
9538,2340,Bilal,Clothing,7,1482.31,2025-03-01,Completed
9539,2173,Hassan,Toys,5,577.41,2025-04-06,Pending
9540,2732,Zain,Beauty,4,1215.08,2025-08-26,Returned
9541,1802,Ayesha,Books,5,1228.48,2025-07-15,Completed
9542,2844,Noor,Books,2,1498.86,2025-04-15,Returned
9543,1249,Bilal,Electronics,9,1317.27,2025-04-20,Cancelled
9544,2292,Bilal,Sports,9,391.07,2025-01-28,Pending
9545,2177,Fatima,Clothing,3,164.58,2025-10-28,Completed
9546,1809,Noor,Clothing,3,1521.22,2025-10-24,Completed
9547,1856,Ahmed,Home,7,1841.11,2025-11-13,Cancelled
9548,1970,Maham,Beauty,10,1553.15,2026-03-05,Pending
9549,1127,Fatima,Clothing,2,998.1,2025-12-05,Pending
9550,1821,Zain,Home,9,1433.48,2026-01-28,Returned
9551,2287,Fatima,Electronics,4,983.79,2026-01-23,Returned
9552,1530,Iqra,Toys,7,1284.87,2025-04-30,Pending
9553,1618,Danish,Books,6,278.0,2025-04-05,Pending
9554,1409,Taha,Toys,9,1297.45,2025-06-19,Completed
9555,1602,Fatima,Sports,1,796.47,2025-09-20,Returned
9556,1013,Danish,Clothing,7,718.42,2025-06-11,Returned
9557,1158,Ali,Beauty,4,1079.12,2025-01-11,Completed
9558,2506,Hamza,Books,9,1390.53,2025-05-08,Returned
9559,2674,Ali,Clothing,8,1291.77,2026-01-07,Completed
9560,2393,Bilal,Toys,9,437.01,2025-12-16,Completed
9561,1524,Ali,Electronics,2,1641.27,2025-12-28,Completed
9562,2285,Bilal,Sports,4,357.68,2026-04-27,Pending
9563,2103,Kiran,Beauty,9,406.65,2025-04-24,Cancelled
9564,2121,Hassan,Electronics,6,816.01,2025-03-16,Cancelled
9565,1547,Noor,Sports,2,1929.02,2025-01-12,Returned
9566,1383,Laiba,Sports,1,1302.61,2025-04-26,Cancelled
9567,1712,Sana,Toys,4,1582.06,2025-04-30,Pending
9568,2906,Taha,Toys,7,1153.33,2026-02-08,Returned
9569,1433,Hassan,Toys,3,1196.59,2025-04-07,Completed
9570,2469,Zain,Electronics,7,421.94,2025-02-24,Pending
9571,2487,Ali,Groceries,7,1196.69,2025-12-01,Returned
9572,1205,Hina,Sports,9,815.74,2025-12-21,Pending
9573,1181,Hamza,Electronics,8,1528.26,2025-04-26,Returned
9574,1546,Danish,Beauty,8,1434.64,2026-01-28,Returned
9575,1729,Sana,Beauty,9,585.4,2026-01-14,Cancelled
9576,2442,Ahmed,Home,1,1319.46,2025-05-01,Cancelled
9577,1771,Ahmed,Groceries,5,569.77,2025-10-31,Returned
9578,1618,Fatima,Books,3,1572.38,2025-06-27,Pending
9579,1028,Taha,Clothing,1,839.1,2025-11-13,Cancelled
9580,2598,Laiba,Books,2,1221.47,2025-10-22,Cancelled
9581,2437,Ahmed,Home,3,156.66,2025-04-14,Returned
9582,2669,Hassan,Books,8,843.08,2025-10-17,Completed
9583,2157,Zain,Clothing,5,1323.5,2025-12-08,Cancelled
9584,1815,Sana,Toys,8,1497.61,2025-07-05,Completed
9585,2246,Hassan,Home,8,1293.5,2025-04-09,Returned
9586,2825,Usman,Books,10,1678.14,2025-03-04,Pending
9587,1737,Maham,Electronics,6,1701.56,2025-09-19,Pending
9588,1344,Sara,Toys,5,1427.61,2026-01-07,Returned
9589,2623,Maham,Home,6,1079.16,2025-09-26,Cancelled
9590,1727,Hassan,Clothing,7,1766.59,2025-03-31,Returned
9591,1482,Omar,Home,7,1375.81,2026-01-27,Pending
9592,1829,Usman,Beauty,5,267.19,2025-12-13,Completed
9593,1490,Noor,Groceries,4,1301.14,2025-11-21,Completed
9594,1131,Iqra,Clothing,1,1700.17,2025-09-11,Completed
9595,2284,Hassan,Clothing,9,930.02,2025-03-04,Pending
9596,1324,Fatima,Home,4,1071.06,2025-02-03,Returned
9597,1874,Laiba,Home,8,179.03,2025-08-16,Pending
9598,1326,Sara,Electronics,8,1001.42,2025-05-06,Completed
9599,2389,Laiba,Electronics,7,787.13,2026-02-19,Pending
9600,2237,Hamza,Clothing,10,623.54,2026-03-10,Pending
9601,1040,Ahmed,Sports,1,740.11,2026-03-25,Pending
9602,1325,Omar,Books,6,1027.1,2026-01-03,Completed
9603,2319,Sara,Groceries,1,1923.84,2025-10-19,Cancelled
9604,1963,Taha,Sports,7,1307.91,2025-12-30,Pending
9605,2053,Usman,Books,4,107.4,2025-08-10,Completed
9606,2478,Hamza,Clothing,8,972.63,2025-09-12,Pending
9607,2295,Ayesha,Toys,10,1074.05,2025-07-17,Pending
9608,2279,Usman,Beauty,10,469.12,2025-04-05,Pending
9609,1692,Maham,Books,2,1253.29,2025-10-12,Returned
9610,2676,Hamza,Beauty,3,1335.27,2026-03-05,Returned
9611,1711,Noor,Clothing,9,854.95,2025-01-02,Cancelled
9612,1883,Kiran,Sports,2,1527.82,2025-10-30,Completed
9613,2628,Omar,Toys,3,499.1,2026-03-18,Returned
9614,1525,Kiran,Home,9,169.7,2025-07-29,Completed
9615,2431,Ayesha,Toys,5,132.77,2026-01-08,Cancelled
9616,1976,Hamza,Groceries,10,952.74,2025-10-22,Cancelled
9617,1193,Iqra,Home,10,1959.88,2025-10-12,Returned
9618,2068,Sana,Toys,4,1686.13,2025-04-01,Cancelled
9619,1552,Bilal,Toys,4,200.02,2025-12-15,Completed
9620,1466,Omar,Sports,9,1742.95,2026-03-18,Completed
9621,1126,Maham,Home,9,1080.61,2026-01-15,Cancelled
9622,2407,Laiba,Books,5,740.65,2025-09-01,Cancelled
9623,1340,Usman,Sports,3,989.96,2025-11-15,Returned
9624,1352,Sana,Groceries,8,1694.22,2025-11-10,Cancelled
9625,2823,Noor,Home,1,1659.46,2025-09-08,Pending
9626,2219,Usman,Groceries,2,363.48,2025-06-02,Completed
9627,1203,Sara,Electronics,9,1389.84,2025-02-26,Returned
9628,1497,Usman,Books,7,801.95,2025-06-01,Pending
9629,1661,Maham,Clothing,8,1041.53,2025-01-28,Cancelled
9630,1255,Sara,Beauty,7,513.25,2025-12-30,Completed
9631,2048,Omar,Toys,5,1471.14,2026-01-30,Returned
9632,1084,Maham,Books,9,1098.95,2025-06-20,Pending
9633,2963,Ahmed,Clothing,6,981.41,2025-04-28,Pending
9634,1662,Usman,Clothing,10,843.84,2025-10-18,Pending
9635,2238,Omar,Books,10,173.85,2025-08-23,Returned
9636,1373,Sara,Books,8,1429.51,2025-09-13,Returned
9637,2398,Sana,Clothing,1,250.3,2025-08-03,Returned
9638,2595,Omar,Groceries,6,1017.09,2025-07-07,Returned
9639,2530,Kiran,Beauty,3,1516.41,2025-08-19,Completed
9640,2867,Ali,Electronics,1,238.51,2025-03-19,Pending
9641,1316,Fatima,Beauty,5,508.59,2026-03-18,Completed
9642,2002,Fatima,Toys,3,838.43,2025-11-05,Cancelled
9643,2011,Danish,Beauty,7,1770.5,2026-04-24,Completed
9644,1798,Ahmed,Beauty,2,552.53,2025-12-04,Completed
9645,2308,Iqra,Home,3,1805.33,2026-01-21,Completed
9646,1345,Ahmed,Toys,1,377.31,2025-01-11,Pending
9647,1336,Taha,Toys,2,1926.29,2025-04-20,Completed
9648,1468,Hamza,Beauty,3,646.61,2025-12-28,Pending
9649,2655,Ayesha,Toys,4,127.61,2025-12-01,Cancelled
9650,1658,Sana,Beauty,6,878.32,2025-08-07,Cancelled
9651,2475,Taha,Beauty,10,1541.33,2025-03-14,Cancelled
9652,2277,Danish,Groceries,10,1753.78,2025-06-03,Returned
9653,2428,Danish,Groceries,5,1571.5,2025-11-03,Completed
9654,2890,Taha,Toys,6,126.86,2026-04-25,Returned
9655,1169,Zain,Toys,10,871.6,2025-05-03,Completed
9656,2340,Laiba,Books,7,1117.31,2025-01-20,Pending
9657,1651,Zain,Beauty,3,1591.64,2025-04-11,Returned
9658,1152,Danish,Home,4,1679.24,2026-03-15,Completed
9659,2734,Hina,Sports,6,1233.55,2025-06-30,Pending
9660,2022,Omar,Electronics,3,339.01,2025-07-19,Pending
9661,1909,Ayesha,Books,1,1956.62,2025-11-13,Completed
9662,1733,Ayesha,Electronics,3,270.81,2025-11-03,Completed
9663,2820,Kiran,Sports,7,765.35,2025-09-04,Cancelled
9664,1990,Iqra,Groceries,5,929.8,2026-03-06,Completed
9665,1814,Iqra,Electronics,5,516.46,2026-04-09,Cancelled
9666,2830,Iqra,Groceries,2,369.23,2025-09-20,Returned
9667,1275,Sana,Books,10,1872.31,2025-05-29,Pending
9668,2470,Ali,Groceries,4,1640.37,2026-01-06,Cancelled
9669,2215,Omar,Toys,5,1447.56,2025-09-12,Completed
9670,1229,Zain,Clothing,6,488.81,2025-09-27,Returned
9671,1079,Ahmed,Beauty,4,114.3,2025-06-28,Cancelled
9672,1421,Zain,Electronics,2,187.92,2025-08-30,Pending
9673,1303,Sana,Books,10,269.51,2025-12-12,Returned
9674,2528,Sara,Toys,7,908.54,2026-02-24,Cancelled
9675,2585,Laiba,Groceries,2,1358.45,2025-12-30,Completed
9676,1288,Omar,Toys,4,846.98,2026-01-17,Cancelled
9677,2412,Hassan,Home,8,527.26,2025-01-20,Pending
9678,1991,Sara,Books,3,89.58,2025-01-05,Completed
9679,1999,Maham,Clothing,10,440.34,2025-10-11,Pending
9680,2854,Hassan,Sports,5,1928.15,2025-07-23,Completed
9681,2655,Sara,Toys,4,1596.9,2025-02-24,Returned
9682,1457,Laiba,Toys,5,149.57,2026-03-01,Returned
9683,1969,Noor,Books,6,977.0,2026-01-01,Completed
9684,2636,Hamza,Books,6,477.02,2025-10-18,Pending
9685,2593,Sana,Electronics,3,188.49,2026-03-03,Returned
9686,2714,Zain,Books,8,282.07,2025-08-09,Returned
9687,1983,Sara,Sports,10,1759.61,2025-01-14,Pending
9688,2334,Omar,Home,8,800.46,2025-03-14,Completed
9689,1293,Ahmed,Sports,5,137.46,2025-04-18,Pending
9690,1982,Danish,Groceries,10,194.16,2025-05-06,Cancelled
9691,2332,Laiba,Electronics,1,1745.18,2025-11-08,Pending
9692,2481,Iqra,Beauty,3,1538.33,2025-01-02,Completed
9693,1088,Hassan,Books,2,1108.22,2025-02-20,Pending
9694,1288,Omar,Toys,6,639.0,2026-01-06,Cancelled
9695,2082,Iqra,Electronics,1,627.78,2025-12-07,Completed
9696,2043,Laiba,Home,10,1571.49,2025-12-17,Completed
9697,1058,Maham,Electronics,3,1213.11,2025-10-12,Cancelled
9698,2422,Ali,Groceries,2,1450.38,2025-10-15,Cancelled
9699,1759,Bilal,Toys,1,1438.96,2025-09-06,Returned
9700,2122,Fatima,Sports,1,1826.06,2026-04-24,Returned
9701,2998,Fatima,Clothing,10,698.62,2025-10-05,Pending
9702,1568,Laiba,Beauty,7,379.59,2025-03-09,Cancelled
9703,1502,Danish,Clothing,4,1900.9,2025-12-07,Completed
9704,2566,Usman,Groceries,3,446.02,2025-09-06,Cancelled
9705,2163,Danish,Books,9,72.57,2025-04-16,Returned
9706,1145,Noor,Beauty,8,1271.27,2025-01-12,Cancelled
9707,1045,Ahmed,Toys,7,312.08,2025-09-23,Pending
9708,2847,Kiran,Clothing,10,1769.92,2025-01-03,Pending
9709,1103,Ali,Electronics,9,839.51,2025-01-10,Pending
9710,1198,Sara,Beauty,4,1456.1,2026-03-29,Pending
9711,2468,Omar,Sports,2,629.83,2025-09-10,Completed
9712,1728,Hassan,Home,6,637.04,2025-09-30,Completed
9713,1409,Danish,Sports,1,1717.57,2026-03-02,Cancelled
9714,1973,Sana,Home,5,789.22,2025-05-30,Pending
9715,1640,Omar,Beauty,4,1735.33,2025-06-24,Completed
9716,1516,Omar,Clothing,5,132.29,2025-07-20,Pending
9717,2051,Omar,Home,10,636.98,2026-04-05,Pending
9718,2697,Usman,Clothing,7,651.3,2025-05-06,Returned
9719,1969,Kiran,Sports,4,1614.69,2026-04-04,Pending
9720,2141,Hina,Beauty,9,734.33,2026-02-23,Returned
9721,1924,Sana,Clothing,6,1791.89,2025-12-08,Completed
9722,2618,Usman,Sports,9,1803.55,2026-01-30,Completed
9723,2559,Hina,Sports,9,1202.38,2025-02-28,Completed
9724,1313,Noor,Groceries,7,1982.37,2026-02-24,Cancelled
9725,1086,Hamza,Home,3,1012.11,2025-05-06,Completed
9726,1078,Bilal,Sports,7,246.57,2025-09-01,Returned
9727,2220,Ayesha,Clothing,1,1242.89,2025-08-30,Pending
9728,2990,Ahmed,Electronics,5,446.79,2026-03-10,Completed
9729,2809,Noor,Books,5,897.71,2025-01-09,Pending
9730,1548,Iqra,Toys,10,688.17,2025-08-14,Completed
9731,1354,Danish,Beauty,6,231.85,2025-07-22,Cancelled
9732,1288,Taha,Clothing,8,1704.41,2026-02-27,Cancelled
9733,1456,Iqra,Books,6,1224.71,2026-01-03,Pending
9734,2158,Ayesha,Toys,10,269.23,2025-10-20,Pending
9735,1669,Danish,Groceries,4,1807.39,2025-11-04,Completed
9736,1934,Ayesha,Books,6,1923.58,2026-02-27,Returned
9737,1644,Taha,Books,1,1182.57,2025-02-16,Cancelled
9738,2497,Hina,Books,9,475.05,2025-07-14,Returned
9739,2677,Usman,Groceries,2,93.3,2026-02-23,Completed
9740,2870,Kiran,Beauty,3,1672.5,2025-07-24,Cancelled
9741,2386,Ahmed,Groceries,1,1473.49,2025-09-29,Completed
9742,1143,Bilal,Electronics,1,1865.2,2025-10-25,Pending
9743,2955,Laiba,Groceries,8,283.61,2025-02-03,Returned
9744,2725,Hina,Home,2,971.66,2025-04-07,Completed
9745,1671,Hina,Groceries,10,395.6,2025-08-12,Completed
9746,1641,Sara,Beauty,8,107.35,2025-05-21,Completed
9747,1967,Noor,Electronics,1,620.79,2025-01-03,Completed
9748,1522,Zain,Beauty,3,352.5,2025-10-28,Completed
9749,1509,Taha,Sports,1,1335.27,2025-09-05,Pending
9750,2069,Omar,Clothing,9,1927.76,2025-04-02,Completed
9751,1288,Noor,Beauty,6,1270.73,2025-02-24,Pending
9752,1157,Sara,Clothing,7,1292.55,2025-09-16,Cancelled
9753,2962,Noor,Electronics,9,1848.2,2025-01-05,Cancelled
9754,2096,Sara,Groceries,1,1279.17,2025-09-20,Returned
9755,1436,Sara,Sports,5,1669.64,2025-04-03,Completed
9756,2083,Fatima,Clothing,7,1952.12,2026-01-02,Cancelled
9757,1429,Fatima,Beauty,2,585.47,2025-08-14,Pending
9758,2365,Laiba,Home,9,1345.58,2025-11-07,Returned
9759,2712,Ali,Toys,8,763.45,2025-04-14,Returned
9760,1904,Kiran,Clothing,2,1918.8,2026-02-17,Returned
9761,2746,Omar,Groceries,10,635.18,2025-04-24,Cancelled
9762,1849,Maham,Sports,5,403.94,2026-03-18,Completed
9763,2976,Danish,Toys,7,907.02,2025-01-16,Pending
9764,2661,Zain,Groceries,2,1386.62,2025-03-13,Completed
9765,1357,Danish,Sports,1,799.35,2026-04-14,Returned
9766,1999,Sana,Clothing,6,824.77,2026-04-02,Pending
9767,1325,Hina,Beauty,7,1663.02,2025-07-27,Completed
9768,2679,Usman,Toys,1,1423.82,2025-07-24,Cancelled
9769,1848,Noor,Electronics,10,1144.42,2025-09-19,Pending
9770,1472,Laiba,Home,10,328.63,2025-09-10,Cancelled
9771,2901,Bilal,Home,7,218.33,2025-10-03,Completed
9772,1604,Laiba,Clothing,2,301.0,2026-03-24,Cancelled
9773,1712,Sana,Sports,7,1896.21,2025-02-25,Returned
9774,2294,Ali,Groceries,9,279.83,2026-04-20,Pending
9775,1346,Noor,Sports,2,1770.9,2025-07-30,Cancelled
9776,1299,Hina,Beauty,7,66.3,2026-04-28,Cancelled
9777,1202,Sara,Electronics,6,753.09,2025-01-12,Pending
9778,1841,Maham,Books,4,554.52,2025-07-30,Returned
9779,1513,Ali,Clothing,7,1304.32,2025-04-06,Pending
9780,2504,Ayesha,Clothing,9,619.43,2025-06-05,Cancelled
9781,1693,Omar,Books,2,114.64,2025-06-13,Pending
9782,1128,Zain,Sports,3,1805.68,2025-07-12,Completed
9783,2894,Zain,Clothing,10,1302.39,2025-10-08,Returned
9784,1780,Sara,Home,6,1086.67,2025-02-15,Cancelled
9785,2136,Hassan,Books,9,893.12,2025-08-11,Cancelled
9786,1929,Ahmed,Groceries,9,1246.99,2025-03-21,Completed
9787,2945,Fatima,Beauty,5,453.82,2025-02-01,Completed
9788,1524,Hassan,Toys,6,984.93,2025-04-03,Returned
9789,1001,Usman,Toys,10,1446.6,2026-01-21,Pending
9790,1466,Sana,Groceries,2,245.95,2025-02-25,Pending
9791,1667,Danish,Groceries,4,536.5,2025-04-07,Returned
9792,1324,Kiran,Electronics,10,952.21,2026-04-19,Completed
9793,1395,Ahmed,Beauty,5,969.63,2025-02-17,Completed
9794,1951,Kiran,Clothing,10,1047.39,2025-07-07,Pending
9795,1962,Bilal,Groceries,9,739.36,2025-12-24,Cancelled
9796,1001,Hamza,Toys,1,299.37,2025-04-25,Completed
9797,2621,Omar,Clothing,10,979.08,2026-01-03,Cancelled
9798,2623,Iqra,Sports,5,194.1,2025-11-02,Cancelled
9799,1410,Ahmed,Books,9,901.75,2025-08-11,Returned
9800,1343,Sara,Clothing,1,1767.16,2025-02-15,Cancelled
9801,1998,Noor,Electronics,7,640.82,2025-02-07,Cancelled
9802,1211,Ahmed,Groceries,9,182.69,2026-04-22,Returned
9803,1291,Iqra,Electronics,9,931.7,2025-02-10,Cancelled
9804,1663,Maham,Sports,7,812.05,2025-09-11,Cancelled
9805,2781,Taha,Home,3,1017.04,2025-08-31,Cancelled
9806,2105,Sara,Groceries,10,850.13,2025-01-06,Completed
9807,1552,Omar,Beauty,3,758.75,2025-11-26,Returned
9808,1559,Kiran,Clothing,7,463.34,2025-09-04,Returned
9809,2173,Laiba,Electronics,9,453.99,2025-07-04,Cancelled
9810,1782,Danish,Groceries,4,264.44,2025-09-16,Pending
9811,1933,Ahmed,Sports,4,643.01,2025-07-22,Returned
9812,2917,Danish,Groceries,3,307.4,2025-03-15,Completed
9813,1778,Laiba,Toys,7,1046.53,2025-09-20,Returned
9814,2951,Iqra,Beauty,2,372.59,2025-05-19,Completed
9815,1407,Maham,Toys,9,1061.84,2025-07-09,Pending
9816,2520,Maham,Books,3,1760.81,2025-05-30,Returned
9817,2024,Ali,Clothing,3,981.34,2026-01-28,Cancelled
9818,2202,Danish,Sports,8,217.88,2026-04-18,Completed
9819,2871,Usman,Toys,1,775.3,2025-06-21,Returned
9820,2843,Noor,Groceries,6,992.93,2025-07-27,Returned
9821,1655,Ahmed,Books,1,163.57,2025-10-18,Cancelled
9822,2798,Laiba,Books,7,1733.4,2026-01-10,Cancelled
9823,1781,Taha,Sports,2,1704.83,2025-01-10,Returned
9824,1474,Iqra,Sports,5,1221.15,2025-04-13,Completed
9825,2785,Laiba,Home,9,1431.7,2025-05-10,Pending
9826,2472,Hamza,Electronics,5,307.91,2025-04-20,Pending
9827,1671,Hamza,Clothing,10,541.26,2025-06-08,Returned
9828,1426,Bilal,Beauty,5,576.36,2025-04-13,Returned
9829,1863,Noor,Toys,7,1150.15,2025-05-07,Returned
9830,2932,Laiba,Books,7,1354.13,2025-08-05,Cancelled
9831,2303,Sara,Books,10,83.14,2025-01-25,Cancelled
9832,1921,Sara,Beauty,1,508.96,2025-08-24,Completed
9833,2855,Bilal,Clothing,2,1564.24,2025-05-13,Cancelled
9834,1215,Usman,Toys,3,1712.3,2025-04-19,Completed
9835,1552,Iqra,Electronics,6,1378.1,2025-04-17,Pending
9836,2176,Maham,Sports,6,1080.58,2025-04-18,Cancelled
9837,2378,Iqra,Electronics,2,1396.84,2025-06-08,Returned
9838,1411,Omar,Beauty,1,1420.9,2025-09-26,Cancelled
9839,1930,Ali,Books,4,1780.4,2025-08-15,Pending
9840,2615,Danish,Electronics,4,92.37,2026-04-30,Cancelled
9841,2046,Usman,Beauty,3,1566.47,2026-01-20,Returned
9842,1343,Sana,Clothing,9,328.16,2025-01-15,Returned
9843,1675,Ahmed,Beauty,4,1548.79,2025-03-01,Pending
9844,2820,Zain,Toys,5,50.02,2025-01-18,Returned
9845,2792,Ayesha,Clothing,3,63.86,2025-11-14,Completed
9846,2030,Zain,Home,1,252.45,2026-02-24,Returned
9847,2484,Sana,Electronics,8,1049.93,2026-03-24,Cancelled
9848,2627,Ahmed,Beauty,7,190.64,2025-02-05,Pending
9849,2548,Sana,Toys,7,1301.9,2025-07-12,Pending
9850,1889,Zain,Sports,1,715.14,2025-06-22,Pending
9851,1412,Danish,Clothing,9,989.97,2025-11-16,Returned
9852,2866,Hassan,Clothing,3,1278.73,2025-11-05,Completed
9853,2265,Danish,Groceries,4,1451.45,2025-06-30,Completed
9854,2572,Taha,Books,10,1611.11,2025-04-09,Pending
9855,2940,Maham,Toys,7,833.65,2025-05-27,Returned
9856,1828,Ahmed,Toys,9,233.35,2025-12-13,Returned
9857,1060,Hamza,Sports,3,1260.79,2025-04-24,Pending
9858,1547,Danish,Books,6,1793.49,2025-05-02,Pending
9859,2022,Hina,Toys,2,1671.38,2026-04-06,Cancelled
9860,2159,Noor,Clothing,7,1298.01,2026-02-23,Completed
9861,1643,Zain,Sports,2,315.19,2025-05-14,Cancelled
9862,1457,Sana,Groceries,4,1165.84,2025-12-31,Pending
9863,1728,Sara,Beauty,2,1877.62,2026-02-15,Completed
9864,1277,Noor,Books,8,714.96,2025-08-08,Cancelled
9865,1513,Ayesha,Toys,4,1988.92,2025-04-18,Completed
9866,1269,Iqra,Home,1,151.02,2025-03-24,Completed
9867,1576,Maham,Books,10,1991.42,2025-08-20,Pending
9868,1736,Zain,Electronics,5,1947.7,2025-01-20,Cancelled
9869,1218,Ali,Groceries,7,875.17,2026-02-22,Pending
9870,1581,Taha,Toys,1,1576.19,2025-01-01,Returned
9871,1872,Maham,Electronics,7,1275.33,2025-03-25,Completed
9872,1158,Usman,Clothing,7,1798.62,2025-01-21,Completed
9873,2432,Maham,Electronics,7,297.51,2025-01-10,Returned
9874,1499,Hamza,Sports,10,1978.49,2026-03-28,Completed
9875,1923,Ayesha,Groceries,5,1043.51,2025-06-28,Pending
9876,1213,Iqra,Books,1,1669.25,2026-04-01,Returned
9877,2738,Ali,Electronics,6,1218.21,2025-09-07,Cancelled
9878,1080,Hamza,Electronics,10,365.97,2025-05-22,Cancelled
9879,1327,Iqra,Toys,7,756.07,2026-03-22,Returned
9880,1164,Hamza,Home,3,1088.18,2026-01-26,Returned
9881,1642,Danish,Books,1,1650.21,2025-04-23,Completed
9882,2598,Noor,Electronics,3,1629.87,2025-01-03,Returned
9883,1413,Noor,Beauty,3,1761.91,2025-02-16,Pending
9884,1017,Noor,Clothing,7,1045.85,2025-09-11,Completed
9885,1586,Ali,Groceries,6,335.47,2025-06-08,Pending
9886,2541,Sana,Clothing,10,1138.37,2025-07-31,Returned
9887,2879,Ali,Books,7,1141.4,2025-06-22,Returned
9888,1694,Zain,Electronics,2,1757.41,2025-06-23,Returned
9889,1865,Sana,Sports,9,653.37,2025-03-29,Returned
9890,2603,Fatima,Home,2,1622.11,2026-03-30,Completed
9891,1974,Hassan,Electronics,8,177.86,2025-01-27,Cancelled
9892,1223,Omar,Books,10,951.44,2025-05-23,Cancelled
9893,1480,Usman,Toys,8,837.62,2026-01-15,Returned
9894,2038,Sana,Books,7,1939.23,2025-11-18,Returned
9895,2162,Sana,Clothing,7,733.7,2025-08-25,Returned
9896,2210,Omar,Toys,5,482.13,2025-05-05,Pending
9897,2243,Maham,Electronics,5,433.58,2025-03-08,Pending
9898,2975,Fatima,Beauty,10,190.79,2025-12-05,Completed
9899,2154,Sara,Clothing,2,798.93,2025-07-15,Completed
9900,2111,Bilal,Electronics,8,1960.16,2025-12-22,Cancelled
9901,1365,Bilal,Home,5,1170.18,2026-04-07,Pending
9902,2022,Noor,Beauty,2,90.88,2025-01-31,Pending
9903,1647,Hamza,Home,6,1610.7,2025-02-19,Completed
9904,1218,Hassan,Groceries,3,1503.12,2025-02-04,Completed
9905,2427,Ayesha,Clothing,10,1554.39,2026-04-28,Returned
9906,1433,Sana,Toys,9,380.82,2026-03-25,Returned
9907,2275,Iqra,Home,3,1040.38,2026-03-25,Pending
9908,1727,Danish,Books,8,1314.02,2025-02-09,Returned
9909,1675,Zain,Beauty,10,1702.64,2025-11-20,Pending
9910,1053,Ali,Electronics,7,325.84,2026-04-04,Pending
9911,1107,Hina,Beauty,5,789.11,2025-06-21,Pending
9912,2670,Iqra,Sports,5,478.06,2025-12-27,Completed
9913,1499,Laiba,Sports,4,1792.43,2026-01-26,Completed
9914,2393,Sara,Beauty,8,450.48,2025-11-28,Cancelled
9915,1018,Noor,Beauty,7,1525.95,2026-01-01,Returned
9916,2755,Maham,Books,5,769.7,2025-10-16,Completed
9917,2563,Usman,Sports,5,125.22,2026-04-11,Pending
9918,2790,Sana,Home,10,627.57,2025-09-14,Cancelled
9919,1829,Danish,Sports,7,1208.66,2025-03-03,Returned
9920,2592,Noor,Clothing,10,916.67,2025-10-14,Cancelled
9921,2068,Laiba,Beauty,4,1262.17,2026-01-15,Cancelled
9922,2303,Noor,Groceries,1,1199.44,2026-03-02,Completed
9923,2685,Hamza,Electronics,6,1562.88,2025-07-15,Returned
9924,2140,Taha,Clothing,9,972.91,2025-10-06,Returned
9925,2715,Bilal,Electronics,10,1117.98,2026-04-03,Completed
9926,1428,Noor,Groceries,3,1240.86,2025-06-14,Pending
9927,1093,Hamza,Books,5,814.88,2025-02-14,Cancelled
9928,1219,Ahmed,Toys,5,447.74,2026-04-08,Pending
9929,1024,Hina,Clothing,9,1720.85,2025-06-24,Completed
9930,2205,Ali,Toys,8,1553.28,2025-02-18,Returned
9931,2063,Bilal,Sports,1,1710.63,2025-08-28,Pending
9932,2043,Usman,Electronics,8,315.31,2026-02-02,Pending
9933,1227,Ali,Toys,3,86.69,2026-02-13,Returned
9934,1120,Bilal,Sports,2,947.45,2025-04-05,Cancelled
9935,1741,Usman,Toys,4,168.95,2025-11-27,Pending
9936,1381,Laiba,Home,10,1194.87,2025-05-14,Cancelled
9937,1708,Kiran,Home,8,584.31,2025-04-13,Cancelled
9938,2648,Omar,Electronics,4,83.03,2026-01-24,Pending
9939,1987,Hamza,Electronics,6,1681.32,2025-02-23,Pending
9940,2496,Hina,Groceries,8,1595.09,2025-12-08,Pending
9941,2004,Ali,Sports,3,270.69,2025-11-16,Pending
9942,1868,Ahmed,Groceries,8,321.59,2025-09-03,Completed
9943,1131,Taha,Clothing,6,1400.19,2026-04-02,Completed
9944,2740,Fatima,Groceries,6,1977.51,2025-03-03,Completed
9945,2800,Sara,Groceries,10,605.33,2026-01-17,Completed
9946,1010,Ayesha,Beauty,3,1316.79,2025-09-12,Cancelled
9947,1497,Ayesha,Beauty,4,445.53,2025-10-12,Returned
9948,2866,Noor,Beauty,2,1824.39,2025-02-25,Pending
9949,2951,Omar,Sports,5,1115.54,2025-05-24,Cancelled
9950,1570,Laiba,Toys,4,256.06,2025-07-18,Pending
9951,2163,Danish,Sports,1,1535.64,2025-05-28,Pending
9952,2139,Fatima,Toys,2,563.1,2026-01-12,Returned
9953,1201,Ali,Clothing,9,1914.73,2025-03-02,Returned
9954,1765,Hamza,Beauty,8,160.43,2025-06-26,Pending
9955,1543,Bilal,Clothing,10,420.67,2025-04-23,Pending
9956,2317,Taha,Sports,9,138.0,2025-12-25,Returned
9957,1086,Omar,Toys,6,1477.03,2026-04-28,Completed
9958,2865,Iqra,Electronics,4,1297.2,2025-06-10,Returned
9959,2655,Bilal,Home,5,1430.55,2025-08-02,Completed
9960,2202,Kiran,Books,4,616.08,2025-01-10,Pending
9961,2235,Hamza,Electronics,5,352.53,2026-02-21,Returned
9962,2511,Taha,Sports,1,1472.75,2025-11-18,Completed
9963,1181,Sara,Clothing,8,1619.14,2026-03-15,Completed
9964,1653,Ayesha,Groceries,5,1617.7,2025-04-06,Completed
9965,1192,Danish,Clothing,8,440.64,2025-03-30,Pending
9966,1395,Laiba,Sports,5,1127.84,2025-08-06,Returned
9967,2226,Bilal,Home,1,1290.59,2025-07-05,Pending
9968,1669,Sara,Books,2,781.49,2026-01-29,Returned
9969,2688,Sara,Toys,5,1695.6,2025-09-26,Cancelled
9970,2553,Hassan,Clothing,9,961.4,2026-02-14,Completed
9971,1046,Zain,Electronics,2,1301.82,2025-09-08,Pending
9972,2258,Ahmed,Beauty,9,1627.65,2025-06-28,Completed
9973,2399,Omar,Beauty,3,1397.16,2025-02-27,Cancelled
9974,1796,Ahmed,Sports,7,1420.45,2025-05-18,Returned
9975,1135,Usman,Toys,8,1591.57,2025-04-25,Returned
9976,2833,Maham,Electronics,5,1379.83,2025-09-19,Pending
9977,1428,Usman,Groceries,10,1423.98,2026-04-18,Completed
9978,1528,Bilal,Clothing,6,1290.17,2025-07-07,Returned
9979,1892,Iqra,Toys,6,937.8,2025-05-16,Pending
9980,2941,Usman,Clothing,4,757.29,2026-03-21,Returned
9981,1474,Ali,Toys,4,1743.83,2025-02-11,Pending
9982,2881,Omar,Beauty,10,1934.81,2025-05-31,Returned
9983,2602,Kiran,Groceries,3,1797.74,2025-08-31,Completed
9984,1593,Sara,Clothing,8,163.29,2026-04-25,Completed
9985,1463,Hassan,Sports,5,864.64,2026-03-01,Cancelled
9986,1935,Taha,Clothing,8,1161.29,2025-03-11,Completed
9987,1492,Laiba,Books,1,1996.13,2025-02-27,Completed
9988,1162,Bilal,Sports,7,493.36,2026-03-06,Pending
9989,2072,Omar,Sports,10,321.03,2025-08-11,Cancelled
9990,1712,Ahmed,Books,3,1318.9,2025-02-07,Cancelled
9991,2473,Noor,Toys,6,1829.18,2026-03-22,Completed
9992,2020,Danish,Books,9,1695.98,2025-02-12,Cancelled
9993,2969,Danish,Sports,4,994.88,2026-03-29,Cancelled
9994,1625,Taha,Books,2,1754.92,2025-12-29,Completed
9995,2775,Ayesha,Sports,10,1618.6,2025-01-13,Pending
9996,2008,Noor,Clothing,5,1970.76,2025-10-21,Returned
9997,2258,Hina,Clothing,9,1030.41,2025-04-03,Completed
9998,2828,Sara,Sports,6,1451.07,2025-12-03,Returned
9999,2750,Usman,Home,2,58.33,2025-06-24,Cancelled
10000,2039,Zain,Books,9,1530.85,2025-12-21,Cancelled
